samp_no,boost_long,boost_short,boost_delay,antigenic_seniority,wane_long,wane_short,wane_maternal,cr_long,cr_short,min_measurement,max_measurement,obs_sd,fp_rate,infection_model_prior_shape1,infection_model_prior_shape2,antibody_dependent_boosting,posterior_prob,likelihood,prior_prob
1,2.03912099919682,2.25564457363777,0,0,0.025,0.0772082829753223,0,0.197594329668121,0.0889690167306819,1,8,1.32801406847474,0,1,10,0,-12902.4071350838,-12559.970562925,-342.436572158841
6,1.80398101080862,1.92872893344043,0,0,0.025,0.0772082829753223,0,0.197594329668121,0.0889690167306819,1,8,1.32801406847474,0,1,10,0,-12050.3157552017,-11706.871128944,-343.444626257728
11,1.45355160477076,1.92872893344043,0,0,0.025,0.0772082829753223,0,0.197594329668121,0.0889690167306819,1,8,1.32801406847474,0,1,10,0,-11453.1550895081,-11099.5591899864,-353.59589952168
16,1.45355160477076,1.92872893344043,0,0,0.025,0.0772082829753223,0,0.158079643193764,0.0889690167306819,1,8,1.32801406847474,0,1,10,0,-10870.5197362295,-10514.7386883239,-355.781047905617
21,1.19464398633827,1.92872893344043,0,0,0.025,0.0772082829753223,0,0.158079643193764,0.0754237462529306,1,8,2.28373241122261,0,1,10,0,-9731.76352081917,-9391.05215009798,-340.711370721191
26,1.19464398633827,1.92872893344043,0,0,0.025,0.0772082829753223,0,0.158079643193764,0.0687705965745925,1,8,2.28373241122261,0,1,10,0,-9580.95962607747,-9228.08528592972,-352.874340147754
31,1.31034086992752,1.92872893344043,0,0,0.025,0.0772082829753223,0,0.158079643193764,0.0687705965745925,1,8,1.82946222765095,0,1,10,0,-9299.23160527196,-8937.31025367073,-361.921351601233
36,1.31034086992752,1.92872893344043,0,0,0.025,0.0768769661175108,0,0.158079643193764,0.0687705965745925,1,8,1.82946222765095,0,1,10,0,-9296.0815259105,-8933.70697779834,-362.374548112162
41,1.31034086992752,1.92872893344043,0,0,0.025,0.0640150985715773,0,0.158079643193764,0.0687705965745925,1,8,1.82946222765095,0,1,10,0,-9194.71922241003,-8827.72438662647,-366.994835783566
46,1.31034086992752,1.92872893344043,0,0,0.025,0.0640150985715773,0,0.158079643193764,0.0687705965745925,1,8,1.82946222765095,0,1,10,0,-9009.75605171456,-8650.19353586888,-359.562515845681
51,0.942850309077851,1.92872893344043,0,0,0.025,0.0640150985715773,0,0.158079643193764,0.0687705965745925,1,8,1.82946222765095,0,1,10,0,-8987.99747218907,-8623.89488824374,-364.102583945331
56,1.12722119522793,1.92872893344043,0,0,0.025,0.0640150985715773,0,0.158079643193764,0.0687705965745925,1,8,1.82946222765095,0,1,10,0,-8871.9636320406,-8514.38210963709,-357.581522403513
61,1.12722119522793,1.92872893344043,0,0,0.025,0.0640150985715773,0,0.158079643193764,0.0687705965745925,1,8,1.82946222765095,0,1,10,0,-8844.05452950581,-8489.41664239334,-354.63788711247
66,1.12722119522793,1.92872893344043,0,0,0.025,0.0640150985715773,0,0.158079643193764,0.0687705965745925,1,8,1.82946222765095,0,1,10,0,-8819.2062504631,-8464.26777787334,-354.938472589758
71,1.12722119522793,1.92872893344043,0,0,0.025,0.0640150985715773,0,0.158079643193764,0.0687705965745925,1,8,1.82946222765095,0,1,10,0,-8786.48251757097,-8423.69854588395,-362.783971687016
76,1.12722119522793,1.92872893344043,0,0,0.025,0.0640150985715773,0,0.158079643193764,0.0687705965745925,1,8,1.82946222765095,0,1,10,0,-8718.37034235388,-8367.57598369707,-350.794358656813
81,1.12722119522793,1.92872893344043,0,0,0.025,0.0640150985715773,0,0.120576997026805,0.0687705965745925,1,8,1.82946222765095,0,1,10,0,-8632.57803530028,-8284.81057033287,-347.767464967406
86,1.12722119522793,1.92872893344043,0,0,0.025,0.0640150985715773,0,0.120576997026805,0.0687705965745925,1,8,1.82946222765095,0,1,10,0,-8614.20475704981,-8267.8033837362,-346.401373313604
91,1.12722119522793,1.92872893344043,0,0,0.025,0.0640150985715773,0,0.120576997026805,0.0687705965745925,1,8,1.82946222765095,0,1,10,0,-8522.52494091385,-8179.71135093749,-342.813589976361
96,1.09794317343556,1.92872893344043,0,0,0.025,0.0640150985715773,0,0.120576997026805,0.0687705965745925,1,8,1.82946222765095,0,1,10,0,-8512.27759027569,-8172.61664220848,-339.660948067216
101,1.09794317343556,1.92872893344043,0,0,0.025,0.0640150985715773,0,0.120576997026805,0.0687705965745925,1,8,1.82946222765095,0,1,10,0,-8494.00027683357,-8160.81639524246,-333.183881591108
106,1.09794317343556,1.88766484191508,0,0,0.025,0.0640150985715773,0,0.120576997026805,0.0687705965745925,1,8,1.82946222765095,0,1,10,0,-8474.44824975669,-8140.60161161873,-333.846638137963
111,1.29991047121151,1.88766484191508,0,0,0.025,0.0640150985715773,0,0.120576997026805,0.0687705965745925,1,8,1.82946222765095,0,1,10,0,-8464.99132677324,-8132.68513367623,-332.306193097016
116,1.29991047121151,1.88766484191508,0,0,0.025,0.0640150985715773,0,0.120576997026805,0.0687705965745925,1,8,1.82946222765095,0,1,10,0,-8459.9333341931,-8127.76215582701,-332.171178366097
121,1.29926047079409,1.69719817671395,0,0,0.025,0.0640150985715773,0,0.120576997026805,0.0687705965745925,1,8,1.82946222765095,0,1,10,0,-8401.81964756938,-8066.52248259354,-335.297164975841
126,1.29926047079409,1.69719817671395,0,0,0.025,0.0640150985715773,0,0.120576997026805,0.0687705965745925,1,8,1.82946222765095,0,1,10,0,-8382.6500516686,-8046.84206106899,-335.807990599607
131,1.29926047079409,1.69719817671395,0,0,0.025,0.0550682320385688,0,0.120576997026805,0.0687705965745925,1,8,1.82946222765095,0,1,10,0,-8363.47679353063,-8032.75557709376,-330.721216436872
136,1.29926047079409,1.69719817671395,0,0,0.025,0.0550682320385688,0,0.120576997026805,0.0687705965745925,1,8,1.82946222765095,0,1,10,0,-8346.04180129285,-8014.863387038,-331.178414254855
141,1.29926047079409,1.69719817671395,0,0,0.025,0.0550682320385688,0,0.120576997026805,0.0687705965745925,1,8,1.82946222765095,0,1,10,0,-8334.45361955971,-8002.20777594362,-332.245843616087
146,1.29926047079409,1.69719817671395,0,0,0.025,0.0550682320385688,0,0.120576997026805,0.0795464844339688,1,8,1.62222277930061,0,1,10,0,-8163.25973377485,-7827.10809770309,-336.151636071764
151,1.29926047079409,1.82669263210894,0,0,0.025,0.0550682320385688,0,0.120576997026805,0.0795464844339688,1,8,1.62222277930061,0,1,10,0,-8155.91035036969,-7825.03909396379,-330.871256405903
156,1.29926047079409,1.82669263210894,0,0,0.025,0.0550682320385688,0,0.120576997026805,0.0795464844339688,1,8,1.62222277930061,0,1,10,0,-8153.10801761858,-7814.82064047651,-338.287377142064
161,1.29926047079409,1.82669263210894,0,0,0.025,0.0550682320385688,0,0.120576997026805,0.0795464844339688,1,8,1.62222277930061,0,1,10,0,-8102.30299858225,-7759.16563209235,-343.137366489906
166,1.31165919863272,1.82669263210894,0,0,0.025,0.0550682320385688,0,0.120576997026805,0.0795464844339688,1,8,1.62222277930061,0,1,10,0,-8100.76165324416,-7758.50656249789,-342.255090746268
171,1.31165919863272,1.82669263210894,0,0,0.025,0.0550682320385688,0,0.120576997026805,0.0795464844339688,1,8,1.62222277930061,0,1,10,0,-8098.1459388852,-7756.64834781142,-341.497591073778
176,1.31165919863272,1.82669263210894,0,0,0.025,0.0550682320385688,0,0.120576997026805,0.0795464844339688,1,8,1.62222277930061,0,1,10,0,-8099.31082018662,-7758.21869422095,-341.09212596567
181,1.31165919863272,1.82669263210894,0,0,0.025,0.0550682320385688,0,0.120576997026805,0.0795464844339688,1,8,1.62222277930061,0,1,10,0,-8024.82663236769,-7686.66782674318,-338.158805624506
186,1.31165919863272,1.73719409018205,0,0,0.025,0.0550682320385688,0,0.120576997026805,0.0795464844339688,1,8,1.62222277930061,0,1,10,0,-8016.14922981326,-7675.3878397277,-340.761390085559
191,1.31165919863272,1.73719409018205,0,0,0.025,0.0550682320385688,0,0.120576997026805,0.0795464844339688,1,8,1.62222277930061,0,1,10,0,-8001.39749735344,-7658.24599413553,-343.151503217916
196,1.31165919863272,1.73719409018205,0,0,0.025,0.0550682320385688,0,0.120576997026805,0.0795464844339688,1,8,1.62222277930061,0,1,10,0,-7990.13164344229,-7643.60615246134,-346.52549098095
201,1.31165919863272,1.73719409018205,0,0,0.025,0.0550682320385688,0,0.120576997026805,0.0795464844339688,1,8,1.62222277930061,0,1,10,0,-7990.13164344229,-7643.60615246134,-346.52549098095
206,1.31165919863272,1.73719409018205,0,0,0.025,0.0550682320385688,0,0.120576997026805,0.0795464844339688,1,8,1.62222277930061,0,1,10,0,-8000.53757224789,-7649.04753354232,-351.490038705575
211,1.31165919863272,1.53292233479392,0,0,0.025,0.0550682320385688,0,0.120576997026805,0.0795464844339688,1,8,1.61495350299178,0,1,10,0,-7994.65708545287,-7638.29893235134,-356.358153101532
216,1.31165919863272,1.53292233479392,0,0,0.025,0.0550682320385688,0,0.120576997026805,0.0795464844339688,1,8,1.61495350299178,0,1,10,0,-7995.17074126757,-7638.56534706315,-356.605394204425
221,1.31165919863272,1.53292233479392,0,0,0.025,0.0550682320385688,0,0.120576997026805,0.0795464844339688,1,8,1.61495350299178,0,1,10,0,-7996.12700858744,-7636.4591847701,-359.667823817339
226,1.31165919863272,1.53292233479392,0,0,0.025,0.0550682320385688,0,0.116555096987509,0.0795464844339688,1,8,1.61495350299178,0,1,10,0,-8000.93861380425,-7633.71318828593,-367.225425518318
231,1.31165919863272,1.53292233479392,0,0,0.025,0.0550682320385688,0,0.116555096987509,0.0795464844339688,1,8,1.61495350299178,0,1,10,0,-7984.72439448534,-7618.29528037562,-366.429114109726
236,1.31165919863272,1.53292233479392,0,0,0.025,0.0550682320385688,0,0.116555096987509,0.0795464844339688,1,8,1.61495350299178,0,1,10,0,-7974.48264021541,-7611.1365922229,-363.346047992515
241,1.31165919863272,1.53292233479392,0,0,0.025,0.0550682320385688,0,0.116555096987509,0.0795464844339688,1,8,1.61495350299178,0,1,10,0,-7967.76039974837,-7605.7058590904,-362.054540657974
246,1.31165919863272,1.53292233479392,0,0,0.025,0.0550682320385688,0,0.116555096987509,0.0795464844339688,1,8,1.61495350299178,0,1,10,0,-7969.39207126751,-7605.41460997871,-363.977461288804
251,1.31165919863272,1.53292233479392,0,0,0.025,0.0550682320385688,0,0.116555096987509,0.0795464844339688,1,8,1.61495350299178,0,1,10,0,-7972.86852434895,-7604.81014701566,-368.058377333284
256,1.31165919863272,1.53292233479392,0,0,0.025,0.0550682320385688,0,0.116555096987509,0.0795464844339688,1,8,1.61495350299178,0,1,10,0,-7965.25671102272,-7602.41418935149,-362.842521671231
261,1.31165919863272,1.53292233479392,0,0,0.025,0.0550682320385688,0,0.116555096987509,0.0795464844339688,1,8,1.61495350299178,0,1,10,0,-7965.25671102272,-7602.41418935149,-362.842521671231
266,1.31165919863272,1.53292233479392,0,0,0.025,0.0550682320385688,0,0.116555096987509,0.0795464844339688,1,8,1.61495350299178,0,1,10,0,-7958.70868623492,-7594.55128547703,-364.157400757886
271,1.31165919863272,1.53292233479392,0,0,0.025,0.0550682320385688,0,0.116555096987509,0.0795464844339688,1,8,1.3383625255384,0,1,10,0,-7731.48347124332,-7369.7967202746,-361.686750968723
276,1.31165919863272,1.53292233479392,0,0,0.025,0.0550682320385688,0,0.10853758986942,0.0795464844339688,1,8,1.3383625255384,0,1,10,0,-7729.03471823291,-7367.34796726419,-361.686750968723
281,1.31165919863272,1.53292233479392,0,0,0.025,0.0550682320385688,0,0.10853758986942,0.0795464844339688,1,8,1.3383625255384,0,1,10,0,-7729.96761271955,-7362.58963790707,-367.377974812486
286,1.31165919863272,1.54529986964128,0,0,0.025,0.0550682320385688,0,0.10853758986942,0.0795464844339688,1,8,1.3383625255384,0,1,10,0,-7729.57443584108,-7363.69129144102,-365.883144400058
291,1.31165919863272,1.54529986964128,0,0,0.025,0.0550682320385688,0,0.10853758986942,0.0954736906030513,1,8,1.3383625255384,0,1,10,0,-7723.50476437608,-7357.32378553211,-366.180978843974
296,1.31165919863272,1.54529986964128,0,0,0.025,0.0550682320385688,0,0.10853758986942,0.0954736906030513,1,8,1.3383625255384,0,1,10,0,-7715.71212680287,-7346.11484328194,-369.597283520932
301,1.31165919863272,1.54529986964128,0,0,0.025,0.0550682320385688,0,0.10853758986942,0.0954736906030513,1,8,1.31571460519187,0,1,10,0,-7698.66726993653,-7328.84114484317,-369.826125093361
306,1.31165919863272,1.54529986964128,0,0,0.025,0.0550682320385688,0,0.10853758986942,0.0928165596713882,1,8,1.31571460519187,0,1,10,0,-7684.38461447444,-7313.50639710805,-370.878217366394
311,1.31165919863272,1.54529986964128,0,0,0.025,0.0550682320385688,0,0.10853758986942,0.0928165596713882,1,8,1.31571460519187,0,1,10,0,-7681.35783367118,-7308.33422575016,-373.023607921029
316,1.31165919863272,1.54529986964128,0,0,0.025,0.0550682320385688,0,0.10853758986942,0.0928165596713882,1,8,1.31571460519187,0,1,10,0,-7676.75764067583,-7312.95133068492,-363.80630999091
321,1.31165919863272,1.54529986964128,0,0,0.025,0.0550682320385688,0,0.10853758986942,0.0928165596713882,1,8,1.31571460519187,0,1,10,0,-7676.75764067583,-7312.95133068492,-363.80630999091
326,1.31165919863272,1.54529986964128,0,0,0.025,0.0550682320385688,0,0.10853758986942,0.0928165596713882,1,8,1.31571460519187,0,1,10,0,-7675.61360502363,-7308.31908627407,-367.294518749561
331,1.31165919863272,1.54529986964128,0,0,0.025,0.0550682320385688,0,0.10853758986942,0.0928165596713882,1,8,1.31571460519187,0,1,10,0,-7673.98347889158,-7305.53277800153,-368.450700890051
336,1.31165919863272,1.53842927934446,0,0,0.025,0.0550682320385688,0,0.10853758986942,0.0928165596713882,1,8,1.31571460519187,0,1,10,0,-7672.96208238161,-7304.38022032996,-368.581862051654
341,1.31165919863272,1.53842927934446,0,0,0.025,0.0550682320385688,0,0.10853758986942,0.0928165596713882,1,8,1.31571460519187,0,1,10,0,-7680.63577120076,-7306.43260289627,-374.203168304486
346,1.31165919863272,1.53842927934446,0,0,0.025,0.0550682320385688,0,0.10853758986942,0.0928165596713882,1,8,1.31571460519187,0,1,10,0,-7675.48718559725,-7304.36602282374,-371.121162773507
351,1.31165919863272,1.53842927934446,0,0,0.025,0.0550682320385688,0,0.10853758986942,0.0928165596713882,1,8,1.31571460519187,0,1,10,0,-7677.08053783105,-7304.7807200612,-372.299817769849
356,1.30970739974155,1.53842927934446,0,0,0.025,0.0550682320385688,0,0.10853758986942,0.0928165596713882,1,8,1.31571460519187,0,1,10,0,-7677.91939087445,-7305.37806922587,-372.54132164858
361,1.30970739974155,1.53842927934446,0,0,0.025,0.0550682320385688,0,0.10853758986942,0.0928165596713882,1,8,1.31571460519187,0,1,10,0,-7678.07663104309,-7304.21005092398,-373.866580119113
366,1.30970739974155,1.53842927934446,0,0,0.025,0.0550682320385688,0,0.10853758986942,0.0928165596713882,1,8,1.31571460519187,0,1,10,0,-7675.58089526711,-7297.88860446325,-377.692290803854
371,1.30970739974155,1.53842927934446,0,0,0.025,0.0550682320385688,0,0.10853758986942,0.0928165596713882,1,8,1.31571460519187,0,1,10,0,-7673.52916945799,-7300.13784636928,-373.391323088708
376,1.30970739974155,1.53842927934446,0,0,0.025,0.0550682320385688,0,0.10853758986942,0.0928165596713882,1,8,1.31571460519187,0,1,10,0,-7666.08308050387,-7291.94678516674,-374.136295337133
381,1.30970739974155,1.53842927934446,0,0,0.025,0.0550682320385688,0,0.10853758986942,0.0928165596713882,1,8,1.31571460519187,0,1,10,0,-7658.08054562514,-7282.61899181747,-375.461553807666
386,1.30970739974155,1.53842927934446,0,0,0.025,0.0550682320385688,0,0.10853758986942,0.0928165596713882,1,8,1.31571460519187,0,1,10,0,-7650.46996200944,-7277.57477985301,-372.895182156426
391,1.30970739974155,1.53842927934446,0,0,0.025,0.0550682320385688,0,0.10853758986942,0.0928165596713882,1,8,1.10405298034731,0,1,10,0,-7617.63367834786,-7240.06255693456,-377.571121413302
396,1.30970739974155,1.53842927934446,0,0,0.025,0.0550682320385688,0,0.10853758986942,0.0928165596713882,1,8,1.10405298034731,0,1,10,0,-7620.69056068209,-7237.21135633062,-383.479204351471
401,1.30970739974155,1.53842927934446,0,0,0.025,0.0550682320385688,0,0.10853758986942,0.0928165596713882,1,8,1.10405298034731,0,1,10,0,-7625.16363755682,-7237.80323029726,-387.360407259559
406,1.30970739974155,1.53842927934446,0,0,0.025,0.0550682320385688,0,0.10853758986942,0.0928165596713882,1,8,1.10405298034731,0,1,10,0,-7625.16171655236,-7237.19739324597,-387.964323306391
411,1.30970739974155,1.53842927934446,0,0,0.025,0.0550682320385688,0,0.10853758986942,0.0928165596713882,1,8,1.10405298034731,0,1,10,0,-7616.55916063562,-7230.15206041662,-386.407100219008
416,1.30970739974155,1.53842927934446,0,0,0.025,0.0550682320385688,0,0.10853758986942,0.0928165596713882,1,8,1.10405298034731,0,1,10,0,-7606.4845496063,-7214.85014713762,-391.634402468688
421,1.30970739974155,1.53842927934446,0,0,0.025,0.0550682320385688,0,0.10853758986942,0.0928165596713882,1,8,1.10405298034731,0,1,10,0,-7590.12729544479,-7193.67848886399,-396.448806580799
426,1.30970739974155,1.53842927934446,0,0,0.025,0.0550682320385688,0,0.10853758986942,0.0928165596713882,1,8,1.11592703932264,0,1,10,0,-7568.84726664156,-7171.34429953466,-397.502967106896
431,1.30970739974155,1.53842927934446,0,0,0.025,0.0550682320385688,0,0.10853758986942,0.0928165596713882,1,8,1.11592703932264,0,1,10,0,-7568.95225508311,-7169.1084816704,-399.84377341271
436,1.30970739974155,1.53842927934446,0,0,0.025,0.0550682320385688,0,0.10853758986942,0.0928165596713882,1,8,1.11592703932264,0,1,10,0,-7559.62348271152,-7165.24248122032,-394.381001491197
441,1.30970739974155,1.53842927934446,0,0,0.025,0.0550682320385688,0,0.0998184831492241,0.0928165596713882,1,8,1.11592703932264,0,1,10,0,-7559.84520699789,-7165.46420550669,-394.381001491197
446,1.30970739974155,1.49862775674895,0,0,0.025,0.0552305156802636,0,0.0998184831492241,0.0928165596713882,1,8,1.11592703932264,0,1,10,0,-7548.67541380622,-7159.65868764936,-389.016726156857
451,1.30970739974155,1.49862775674895,0,0,0.025,0.0552305156802636,0,0.0998184831492241,0.0928165596713882,1,8,1.11592703932264,0,1,10,0,-7548.06521544848,-7159.13439263526,-388.930822813222
456,1.30970739974155,1.45816644888805,0,0,0.025,0.0552305156802636,0,0.0998184831492241,0.0928165596713882,1,8,1.11592703932264,0,1,10,0,-7543.11533631069,-7155.66179837725,-387.453537933442
461,1.30970739974155,1.45816644888805,0,0,0.025,0.0552305156802636,0,0.0998184831492241,0.0928165596713882,1,8,1.11592703932264,0,1,10,0,-7544.2051298397,-7154.72938958324,-389.475740256466
466,1.30970739974155,1.39716314259217,0,0,0.025,0.0552305156802636,0,0.0998184831492241,0.0928165596713882,1,8,1.11592703932264,0,1,10,0,-7545.36347851793,-7155.63827740183,-389.725201116097
471,1.30970739974155,1.39716314259217,0,0,0.025,0.0552305156802636,0,0.0998184831492241,0.0928165596713882,1,8,1.11592703932264,0,1,10,0,-7545.96785623995,-7154.04543054652,-391.922425693434
476,1.30970739974155,1.39716314259217,0,0,0.025,0.0552305156802636,0,0.0998184831492241,0.0928165596713882,1,8,1.11592703932264,0,1,10,0,-7545.83389130569,-7155.5131814786,-390.320709827093
481,1.30970739974155,1.40690363837312,0,0,0.025,0.0552305156802636,0,0.0998184831492241,0.0928165596713882,1,8,1.11592703932264,0,1,10,0,-7545.30569466699,-7154.64663466845,-390.659059998539
486,1.30970739974155,1.40690363837312,0,0,0.025,0.052811009712678,0,0.0998184831492241,0.0928165596713882,1,8,1.11592703932264,0,1,10,0,-7544.07017633729,-7153.41111633875,-390.659059998539
491,1.30970739974155,1.40690363837312,0,0,0.025,0.052811009712678,0,0.0998184831492241,0.0928165596713882,1,8,1.11592703932264,0,1,10,0,-7543.03251559478,-7153.9374311346,-389.095084460182
496,1.30970739974155,1.40690363837312,0,0,0.025,0.052811009712678,0,0.0998184831492241,0.0928165596713882,1,8,1.11592703932264,0,1,10,0,-7542.07386281146,-7155.15353007276,-386.920332738697
501,1.30970739974155,1.40690363837312,0,0,0.025,0.052811009712678,0,0.0998184831492241,0.0928165596713882,1,8,1.11592703932264,0,1,10,0,-7540.33355451028,-7152.23654110955,-388.097013400735
506,1.30970739974155,1.40690363837312,0,0,0.025,0.052811009712678,0,0.0998184831492241,0.0928165596713882,1,8,1.11592703932264,0,1,10,0,-7539.381673735,-7151.92405582224,-387.457617912759
511,1.30970739974155,1.40690363837312,0,0,0.025,0.052811009712678,0,0.0998184831492241,0.0928165596713882,1,8,1.11592703932264,0,1,10,0,-7541.54366554996,-7153.85574546501,-387.687920084952
516,1.32384420003733,1.40690363837312,0,0,0.025,0.052811009712678,0,0.0998184831492241,0.0928165596713882,1,8,1.11592703932264,0,1,10,0,-7542.78066504695,-7155.092744962,-387.687920084952
521,1.32384420003733,1.40690363837312,0,0,0.025,0.052811009712678,0,0.0998184831492241,0.0928165596713882,1,8,1.11592703932264,0,1,10,0,-7537.8162049566,-7146.80131141089,-391.01489354571
526,1.32384420003733,1.40690363837312,0,0,0.025,0.052811009712678,0,0.0998184831492241,0.0928165596713882,1,8,1.11592703932264,0,1,10,0,-7534.86284816826,-7146.48409830395,-388.378749864313
531,1.32384420003733,1.40690363837312,0,0,0.025,0.052811009712678,0,0.0998184831492241,0.0928165596713882,1,8,1.11592703932264,0,1,10,0,-7540.97257049202,-7150.99685238078,-389.975718111241
536,1.32384420003733,1.40690363837312,0,0,0.025,0.052811009712678,0,0.0998184831492241,0.0928165596713882,1,8,1.11592703932264,0,1,10,0,-7535.90307264725,-7146.34424266378,-389.558829983467
541,1.32384420003733,1.40690363837312,0,0,0.025,0.052811009712678,0,0.0998184831492241,0.0928165596713882,1,8,1.11592703932264,0,1,10,0,-7525.7841386484,-7136.15364568177,-389.630492966628
546,1.32384420003733,1.40690363837312,0,0,0.025,0.052811009712678,0,0.0998184831492241,0.0928165596713882,1,8,1.11592703932264,0,1,10,0,-7523.06503729974,-7134.50718113538,-388.557856164363
551,1.32384420003733,1.40690363837312,0,0,0.025,0.052811009712678,0,0.0998184831492241,0.0928165596713882,1,8,1.11592703932264,0,1,10,0,-7517.76969535468,-7129.17065252065,-388.599042834023
556,1.32384420003733,1.40690363837312,0,0,0.025,0.052811009712678,0,0.0998184831492241,0.0928165596713882,1,8,1.11592703932264,0,1,10,0,-7520.21024963411,-7128.16652430648,-392.043725327624
561,1.32384420003733,1.40690363837312,0,0,0.025,0.052811009712678,0,0.0998184831492241,0.0928165596713882,1,8,1.11592703932264,0,1,10,0,-7519.26464699079,-7125.42916219394,-393.835484796852
566,1.32384420003733,1.40690363837312,0,0,0.025,0.052811009712678,0,0.0998184831492241,0.0928165596713882,1,8,1.11592703932264,0,1,10,0,-7517.51271335031,-7126.64764301903,-390.865070331283
571,1.2893070687018,1.40690363837312,0,0,0.025,0.052811009712678,0,0.0998184831492241,0.0928165596713882,1,8,1.11592703932264,0,1,10,0,-7512.17423716089,-7125.47705230981,-386.697184851076
576,1.2893070687018,1.40690363837312,0,0,0.025,0.052811009712678,0,0.0998184831492241,0.0928165596713882,1,8,1.11592703932264,0,1,10,0,-7512.17423716089,-7125.47705230981,-386.697184851076
581,1.2893070687018,1.40690363837312,0,0,0.025,0.052811009712678,0,0.0998184831492241,0.0928165596713882,1,8,1.11592703932264,0,1,10,0,-7499.06256588888,-7108.6909744219,-390.371591466985
586,1.2893070687018,1.40690363837312,0,0,0.025,0.052811009712678,0,0.0998184831492241,0.0928165596713882,1,8,1.11592703932264,0,1,10,0,-7500.20328178183,-7111.29802738364,-388.905254398191
591,1.2893070687018,1.40690363837312,0,0,0.025,0.052811009712678,0,0.0998184831492241,0.0928165596713882,1,8,1.11592703932264,0,1,10,0,-7498.86366604886,-7108.49207458187,-390.371591466985
596,1.2893070687018,1.40690363837312,0,0,0.025,0.052811009712678,0,0.0998184831492241,0.0928165596713882,1,8,1.11592703932264,0,1,10,0,-7501.82191073896,-7109.5824275384,-392.239483200556
601,1.2893070687018,1.40690363837312,0,0,0.025,0.052811009712678,0,0.0998184831492241,0.0928165596713882,1,8,1.11592703932264,0,1,10,0,-7498.93123556188,-7112.95465667479,-385.976578887098
606,1.2893070687018,1.40690363837312,0,0,0.025,0.052811009712678,0,0.0998184831492241,0.0928165596713882,1,8,1.11592703932264,0,1,10,0,-7498.87330565051,-7111.43038969462,-387.442915955891
611,1.2893070687018,1.40690363837312,0,0,0.025,0.052811009712678,0,0.0998184831492241,0.0928165596713882,1,8,1.11592703932264,0,1,10,0,-7498.56642204855,-7109.78850502593,-388.777917022623
616,1.2893070687018,1.40690363837312,0,0,0.025,0.052811009712678,0,0.0998184831492241,0.0928165596713882,1,8,1.11592703932264,0,1,10,0,-7503.77597621418,-7111.01244782947,-392.763528384709
621,1.2893070687018,1.40690363837312,0,0,0.025,0.052811009712678,0,0.0998184831492241,0.0928165596713882,1,8,1.11592703932264,0,1,10,0,-7502.35504961728,-7112.27015939452,-390.084890222758
626,1.2893070687018,1.40690363837312,0,0,0.025,0.052811009712678,0,0.0998184831492241,0.0928165596713882,1,8,1.11592703932264,0,1,10,0,-7500.43499527614,-7109.40372323477,-391.031272041369
631,1.2893070687018,1.40690363837312,0,0,0.025,0.052811009712678,0,0.0998184831492241,0.0928165596713882,1,8,1.11592703932264,0,1,10,0,-7495.64146634269,-7108.07161054297,-387.569855799713
636,1.2893070687018,1.40690363837312,0,0,0.025,0.052811009712678,0,0.0998184831492241,0.0928165596713882,1,8,1.11592703932264,0,1,10,0,-7495.96972025732,-7107.51256126261,-388.457158994714
641,1.2893070687018,1.40690363837312,0,0,0.025,0.052811009712678,0,0.0998184831492241,0.0928165596713882,1,8,1.12223588801573,0,1,10,0,-7483.0029204211,-7095.04420956784,-387.958710853256
646,1.2893070687018,1.40690363837312,0,0,0.025,0.052811009712678,0,0.0998184831492241,0.0928165596713882,1,8,1.12223588801573,0,1,10,0,-7489.30343891524,-7098.97582032606,-390.327618589181
651,1.2893070687018,1.40690363837312,0,0,0.025,0.052811009712678,0,0.0998184831492241,0.0928165596713882,1,8,1.12223588801573,0,1,10,0,-7489.30343891524,-7098.97582032606,-390.327618589181
656,1.2893070687018,1.40690363837312,0,0,0.025,0.052811009712678,0,0.0998184831492241,0.0928165596713882,1,8,1.12223588801573,0,1,10,0,-7491.59635645427,-7101.2834285805,-390.312927873771
661,1.2893070687018,1.40690363837312,0,0,0.025,0.052811009712678,0,0.0998184831492241,0.0928165596713882,1,8,1.12223588801573,0,1,10,0,-7482.81852150849,-7090.96011146278,-391.858410045715
666,1.2893070687018,1.40690363837312,0,0,0.025,0.052811009712678,0,0.0998184831492241,0.0928165596713882,1,8,1.12223588801573,0,1,10,0,-7482.81852150849,-7090.96011146278,-391.858410045715
671,1.2893070687018,1.40690363837312,0,0,0.025,0.052811009712678,0,0.0998184831492241,0.0928165596713882,1,8,1.12223588801573,0,1,10,0,-7490.11118991001,-7097.41898382334,-392.692206086668
676,1.2893070687018,1.40690363837312,0,0,0.025,0.052811009712678,0,0.0998184831492241,0.0928165596713882,1,8,1.12223588801573,0,1,10,0,-7486.24285018996,-7096.83584257109,-389.407007618869
681,1.2893070687018,1.40690363837312,0,0,0.025,0.052811009712678,0,0.101706819924297,0.0928165596713882,1,8,1.12223588801573,0,1,10,0,-7489.81781678651,-7098.91915429087,-390.898662495647
686,1.2893070687018,1.40690363837312,0,0,0.025,0.052811009712678,0,0.101706819924297,0.0928165596713882,1,8,1.12223588801573,0,1,10,0,-7480.23972726253,-7086.36640401043,-393.873323252098
691,1.2893070687018,1.40690363837312,0,0,0.025,0.052811009712678,0,0.101706819924297,0.0928165596713882,1,8,1.12223588801573,0,1,10,0,-7459.86457606517,-7071.80594300836,-388.058633056815
696,1.2893070687018,1.40690363837312,0,0,0.025,0.052811009712678,0,0.101706819924297,0.0928165596713882,1,8,1.12223588801573,0,1,10,0,-7456.82208996508,-7070.098457975,-386.723631990083
701,1.2893070687018,1.40690363837312,0,0,0.025,0.052811009712678,0,0.101706819924297,0.0928165596713882,1,8,1.12223588801573,0,1,10,0,-7449.2036880195,-7062.49489554328,-386.70879247622
706,1.2893070687018,1.40690363837312,0,0,0.025,0.052811009712678,0,0.101706819924297,0.0928165596713882,1,8,1.12223588801573,0,1,10,0,-7445.88616087458,-7059.17736839836,-386.70879247622
711,1.2893070687018,1.40690363837312,0,0,0.025,0.052811009712678,0,0.101706819924297,0.0928165596713882,1,8,1.12223588801573,0,1,10,0,-7445.88616087458,-7059.17736839836,-386.70879247622
716,1.2893070687018,1.40690363837312,0,0,0.025,0.052811009712678,0,0.101706819924297,0.0928165596713882,1,8,1.12223588801573,0,1,10,0,-7442.45871747003,-7055.80601446046,-386.652703009569
721,1.2893070687018,1.40690363837312,0,0,0.025,0.052811009712678,0,0.101706819924297,0.0928165596713882,1,8,1.12223588801573,0,1,10,0,-7441.88906687084,-7055.40920667411,-386.47986019673
726,1.2893070687018,1.40690363837312,0,0,0.025,0.052811009712678,0,0.101706819924297,0.0928165596713882,1,8,1.12223588801573,0,1,10,0,-7443.10246275293,-7055.38291166928,-387.719551083658
731,1.2893070687018,1.40690363837312,0,0,0.025,0.052811009712678,0,0.101706819924297,0.0928165596713882,1,8,1.12223588801573,0,1,10,0,-7442.82598150891,-7052.1846573254,-390.641324183511
736,1.2893070687018,1.40690363837312,0,0,0.025,0.052811009712678,0,0.101706819924297,0.0928165596713882,1,8,1.12223588801573,0,1,10,0,-7442.2604143238,-7052.08689837897,-390.173515944828
741,1.30542623613231,1.40690363837312,0,0,0.025,0.052811009712678,0,0.101706819924297,0.0928165596713882,1,8,1.12223588801573,0,1,10,0,-7439.94827535856,-7051.74927017762,-388.19900518094
746,1.30542623613231,1.40690363837312,0,0,0.025,0.052811009712678,0,0.101706819924297,0.0928165596713882,1,8,1.12223588801573,0,1,10,0,-7440.78479376345,-7051.42103649134,-389.363757272113
751,1.30542623613231,1.40690363837312,0,0,0.025,0.052811009712678,0,0.101706819924297,0.0928165596713882,1,8,1.12223588801573,0,1,10,0,-7437.60952602787,-7048.75235516851,-388.857170859356
756,1.30542623613231,1.40690363837312,0,0,0.025,0.052811009712678,0,0.101706819924297,0.0928165596713882,1,8,1.12223588801573,0,1,10,0,-7440.16820301324,-7049.97603108715,-390.192171926089
761,1.30542623613231,1.36786778851331,0,0,0.025,0.052811009712678,0,0.101706819924297,0.0928165596713882,1,8,1.12223588801573,0,1,10,0,-7440.13689208019,-7049.94472015411,-390.192171926089
766,1.30542623613231,1.36786778851331,0,0,0.025,0.052811009712678,0,0.101706819924297,0.0932902276316582,1,8,1.12223588801573,0,1,10,0,-7441.16228882076,-7051.66326407523,-389.499024745529
771,1.30542623613231,1.36786778851331,0,0,0.025,0.052811009712678,0,0.101706819924297,0.0932902276316582,1,8,1.12223588801573,0,1,10,0,-7441.16228882076,-7051.66326407523,-389.499024745529
776,1.30542623613231,1.36786778851331,0,0,0.025,0.052811009712678,0,0.101706819924297,0.0932902276316582,1,8,1.12223588801573,0,1,10,0,-7440.39242119859,-7050.45356370145,-389.938857497141
781,1.30542623613231,1.36786778851331,0,0,0.025,0.052811009712678,0,0.101706819924297,0.0932902276316582,1,8,1.12223588801573,0,1,10,0,-7429.69934203514,-7040.15338927354,-389.545952761601
786,1.30542623613231,1.36786778851331,0,0,0.025,0.052811009712678,0,0.101706819924297,0.0932902276316582,1,8,1.12223588801573,0,1,10,0,-7429.69934203514,-7040.15338927354,-389.545952761601
791,1.30542623613231,1.36786778851331,0,0,0.025,0.052811009712678,0,0.101706819924297,0.0932902276316582,1,8,1.12223588801573,0,1,10,0,-7427.63970001224,-7038.09374725063,-389.545952761601
796,1.30542623613231,1.36786778851331,0,0,0.025,0.052811009712678,0,0.101706819924297,0.0932902276316582,1,8,1.12223588801573,0,1,10,0,-7428.91524693361,-7038.19063917567,-390.724607757943
801,1.30542623613231,1.36786778851331,0,0,0.025,0.052811009712678,0,0.101706819924297,0.0932902276316582,1,8,1.12223588801573,0,1,10,0,-7421.65849351998,-7030.56194334597,-391.096550174012
806,1.30542623613231,1.36786778851331,0,0,0.025,0.052811009712678,0,0.101706819924297,0.0932902276316582,1,8,1.12223588801573,0,1,10,0,-7420.82667865873,-7031.90841586103,-388.918262797696
811,1.30542623613231,1.36786778851331,0,0,0.025,0.052811009712678,0,0.101706819924297,0.0932902276316582,1,8,1.12223588801573,0,1,10,0,-7422.36457777767,-7033.14572950269,-389.218848274983
816,1.30542623613231,1.36786778851331,0,0,0.025,0.052811009712678,0,0.101706819924297,0.0932902276316582,1,8,1.12223588801573,0,1,10,0,-7422.14300356114,-7034.76185185057,-387.381151710568
821,1.30542623613231,1.36786778851331,0,0,0.025,0.052811009712678,0,0.101706819924297,0.0932902276316582,1,8,1.12223588801573,0,1,10,0,-7420.25931559052,-7031.36115741197,-388.898158178543
826,1.30542623613231,1.42113095559069,0,0,0.025,0.052811009712678,0,0.101706819924297,0.0932902276316582,1,8,1.12223588801573,0,1,10,0,-7419.47628685866,-7029.37347428994,-390.102812568719
831,1.30542623613231,1.42113095559069,0,0,0.025,0.052811009712678,0,0.101706819924297,0.0932902276316582,1,8,1.12223588801573,0,1,10,0,-7429.0305234629,-7037.96622333575,-391.06430012715
836,1.30542623613231,1.42113095559069,0,0,0.025,0.052811009712678,0,0.101706819924297,0.0932902276316582,1,8,1.12223588801573,0,1,10,0,-7427.78195240709,-7037.20270362524,-390.579248781845
841,1.30542623613231,1.42113095559069,0,0,0.025,0.052811009712678,0,0.101706819924297,0.0932902276316582,1,8,1.12223588801573,0,1,10,0,-7426.86389908018,-7038.57030974045,-388.293589339734
846,1.30542623613231,1.42113095559069,0,0,0.025,0.052811009712678,0,0.101625143116813,0.0932902276316582,1,8,1.12223588801573,0,1,10,0,-7426.87660242704,-7038.5830130873,-388.293589339734
851,1.30542623613231,1.42113095559069,0,0,0.025,0.052811009712678,0,0.101625143116813,0.0932902276316582,1,8,1.12223588801573,0,1,10,0,-7428.24173982627,-7038.69194538671,-389.549794439564
856,1.30542623613231,1.42113095559069,0,0,0.025,0.052811009712678,0,0.101625143116813,0.0932902276316582,1,8,1.12223588801573,0,1,10,0,-7425.12779079924,-7035.9742673217,-389.153523477532
861,1.30542623613231,1.42578485742287,0,0,0.025,0.052811009712678,0,0.101625143116813,0.0932902276316582,1,8,1.12223588801573,0,1,10,0,-7417.27222433444,-7028.88595600962,-388.386268324819
866,1.30542623613231,1.42578485742287,0,0,0.025,0.052811009712678,0,0.101625143116813,0.0932902276316582,1,8,1.12223588801573,0,1,10,0,-7413.48927710793,-7026.12157836411,-387.367698743824
871,1.30542623613231,1.42578485742287,0,0,0.025,0.052811009712678,0,0.101625143116813,0.0932902276316582,1,8,1.12223588801573,0,1,10,0,-7410.07439220368,-7024.58854597262,-385.485846231069
876,1.30542623613231,1.41222069406461,0,0,0.025,0.052811009712678,0,0.101625143116813,0.0932902276316582,1,8,1.12223588801573,0,1,10,0,-7408.89818512931,-7024.14057739861,-384.757607730698
881,1.30542623613231,1.41222069406461,0,0,0.025,0.052811009712678,0,0.101088945923024,0.0932902276316582,1,8,1.12223588801573,0,1,10,0,-7409.80117755991,-7023.90673632772,-385.894441232186
886,1.30542623613231,1.41222069406461,0,0,0.025,0.052811009712678,0,0.101088945923024,0.0932902276316582,1,8,1.12223588801573,0,1,10,0,-7405.6779084198,-7019.90869977742,-385.769208642376
891,1.30542623613231,1.41222069406461,0,0,0.025,0.052811009712678,0,0.101088945923024,0.0932902276316582,1,8,1.12223588801573,0,1,10,0,-7405.6779084198,-7019.90869977742,-385.769208642376
896,1.30542623613231,1.41222069406461,0,0,0.025,0.052811009712678,0,0.101088945923024,0.0932902276316582,1,8,1.12223588801573,0,1,10,0,-7408.17931617863,-7021.97049454072,-386.208821637917
901,1.30542623613231,1.41222069406461,0,0,0.025,0.052811009712678,0,0.101088945923024,0.0932902276316582,1,8,1.12223588801573,0,1,10,0,-7405.65315230776,-7020.28918365811,-385.363968649641
906,1.30542623613231,1.41222069406461,0,0,0.025,0.052811009712678,0,0.101088945923024,0.0932902276316582,1,8,1.12223588801573,0,1,10,0,-7407.72780489826,-7021.1911159878,-386.536688910462
911,1.30542623613231,1.41222069406461,0,0,0.025,0.052811009712678,0,0.101088945923024,0.0932902276316582,1,8,1.07381516947727,0,1,10,0,-7399.94903571861,-7015.9902653145,-383.958770404107
916,1.30542623613231,1.41222069406461,0,0,0.025,0.052811009712678,0,0.101088945923024,0.0932902276316582,1,8,1.07381516947727,0,1,10,0,-7399.94903571861,-7015.9902653145,-383.958770404107
921,1.30542623613231,1.41222069406461,0,0,0.025,0.052811009712678,0,0.101088945923024,0.0932902276316582,1,8,1.07381516947727,0,1,10,0,-7399.94903571861,-7015.9902653145,-383.958770404107
926,1.30542623613231,1.41222069406461,0,0,0.025,0.052811009712678,0,0.101088945923024,0.0932902276316582,1,8,1.07381516947727,0,1,10,0,-7402.99609120256,-7016.3517434532,-386.644347749357
931,1.30542623613231,1.41222069406461,0,0,0.025,0.052811009712678,0,0.101088945923024,0.0932902276316582,1,8,1.07381516947727,0,1,10,0,-7407.43844784228,-7020.79410009292,-386.644347749357
936,1.30542623613231,1.41222069406461,0,0,0.025,0.052811009712678,0,0.101088945923024,0.0932902276316582,1,8,1.07381516947727,0,1,10,0,-7409.98558670927,-7020.87738571932,-389.108200989947
941,1.30542623613231,1.38655180484121,0,0,0.025,0.052811009712678,0,0.101088945923024,0.0932902276316582,1,8,1.07381516947727,0,1,10,0,-7394.89329402888,-7005.85646870775,-389.036825321121
946,1.30542623613231,1.38655180484121,0,0,0.025,0.052811009712678,0,0.101088945923024,0.0918250258103026,1,8,1.07381516947727,0,1,10,0,-7391.28589788906,-7007.6739526578,-383.611945231265
951,1.30542623613231,1.38655180484121,0,0,0.025,0.052811009712678,0,0.101088945923024,0.0918250258103026,1,8,1.07381516947727,0,1,10,0,-7392.8476842532,-7010.91749759595,-381.930186657251
956,1.30542623613231,1.38655180484121,0,0,0.025,0.052811009712678,0,0.101088945923024,0.0918250258103026,1,8,1.07381516947727,0,1,10,0,-7379.2729726143,-6996.5833171891,-382.689655425194
961,1.30542623613231,1.38655180484121,0,0,0.025,0.052811009712678,0,0.101088945923024,0.0918250258103026,1,8,1.07381516947727,0,1,10,0,-7378.74776413023,-6996.1893118079,-382.558452322329
966,1.30542623613231,1.38655180484121,0,0,0.025,0.052811009712678,0,0.101088945923024,0.0918250258103026,1,8,1.07381516947727,0,1,10,0,-7380.95619854399,-6996.26951451581,-384.686684028179
971,1.30542623613231,1.38655180484121,0,0,0.025,0.052811009712678,0,0.101088945923024,0.0918250258103026,1,8,1.07381516947727,0,1,10,0,-7386.29021454631,-6999.52587628702,-386.764338259284
976,1.30542623613231,1.38655180484121,0,0,0.025,0.052811009712678,0,0.101088945923024,0.0918250258103026,1,8,1.07381516947727,0,1,10,0,-7385.72264986763,-6995.22064199007,-390.502007877568
981,1.30542623613231,1.38655180484121,0,0,0.025,0.052811009712678,0,0.101088945923024,0.0918250258103026,1,8,1.07381516947727,0,1,10,0,-7383.29177961307,-6993.01745633466,-390.274323278415
986,1.30542623613231,1.38655180484121,0,0,0.025,0.052811009712678,0,0.101088945923024,0.0918250258103026,1,8,1.07381516947727,0,1,10,0,-7380.68246649337,-6992.32995581243,-388.352510680939
991,1.30542623613231,1.38655180484121,0,0,0.025,0.052811009712678,0,0.101088945923024,0.0918250258103026,1,8,1.07381516947727,0,1,10,0,-7382.81469724644,-6995.23397687338,-387.58072037306
996,1.30542623613231,1.38655180484121,0,0,0.025,0.052811009712678,0,0.101088945923024,0.0918250258103026,1,8,1.07381516947727,0,1,10,0,-7382.81469724644,-6995.23397687338,-387.58072037306
1001,1.30542623613231,1.38655180484121,0,0,0.025,0.052811009712678,0,0.101088945923024,0.0918250258103026,1,8,1.07381516947727,0,1,10,0,-7384.94234198562,-6997.24829292725,-387.694049058367
1006,1.30542623613231,1.40852836737733,0,0,0.025,0.0532025795816762,0,0.101088945923024,0.0918250258103026,1,8,1.07381516947727,0,1,10,0,-7388.04117663237,-6995.776642946,-392.264533686367
1011,1.26411922977697,1.40852836737733,0,0,0.025,0.0532025795816762,0,0.101088945923024,0.0918250258103026,1,8,1.07381516947727,0,1,10,0,-7389.13041235651,-6995.50548503745,-393.624927319055
1016,1.26411922977697,1.40852836737733,0,0,0.025,0.0532025795816762,0,0.101088945923024,0.0918250258103026,1,8,1.07381516947727,0,1,10,0,-7392.71010151003,-6995.99064133267,-396.719460177353
1021,1.26411922977697,1.40852836737733,0,0,0.025,0.0532025795816762,0,0.101088945923024,0.0918250258103026,1,8,1.07381516947727,0,1,10,0,-7391.14647324094,-6996.41804364792,-394.728429593017
1026,1.26411922977697,1.40852836737733,0,0,0.025,0.0532025795816762,0,0.101088945923024,0.0918250258103026,1,8,1.07381516947727,0,1,10,0,-7391.14647324094,-6996.41804364792,-394.728429593017
1031,1.26411922977697,1.40852836737733,0,0,0.025,0.0532025795816762,0,0.101088945923024,0.0918250258103026,1,8,1.07381516947727,0,1,10,0,-7396.88998806627,-6998.60418211954,-398.285805946732
1036,1.26411922977697,1.40852836737733,0,0,0.025,0.0532025795816762,0,0.101088945923024,0.0918250258103026,1,8,1.07381516947727,0,1,10,0,-7394.39800148018,-6996.32145959395,-398.076541886227
1041,1.26411922977697,1.40852836737733,0,0,0.025,0.0532025795816762,0,0.101088945923024,0.0918250258103026,1,8,1.07381516947727,0,1,10,0,-7394.61458984589,-6993.12825721296,-401.486332632932
1046,1.26411922977697,1.40852836737733,0,0,0.025,0.0532025795816762,0,0.101088945923024,0.0918250258103026,1,8,1.07381516947727,0,1,10,0,-7397.86379404479,-6994.34439108736,-403.51940295743
1051,1.26411922977697,1.40852836737733,0,0,0.025,0.0532025795816762,0,0.101088945923024,0.0918250258103026,1,8,1.07381516947727,0,1,10,0,-7393.6742252404,-6993.82437776444,-399.849847475955
1056,1.26411922977697,1.42253123323584,0,0,0.025,0.0532025795816762,0,0.101088945923024,0.0918250258103026,1,8,1.07381516947727,0,1,10,0,-7396.86698305875,-6995.72957606236,-401.137406996389
1061,1.26411922977697,1.42253123323584,0,0,0.025,0.0532025795816762,0,0.101088945923024,0.0918250258103026,1,8,1.07381516947727,0,1,10,0,-7396.25788378758,-6994.08873131342,-402.16915247416
1066,1.26411922977697,1.42253123323584,0,0,0.025,0.0532025795816762,0,0.101088945923024,0.0918250258103026,1,8,1.07381516947727,0,1,10,0,-7399.13434572961,-6995.7694814296,-403.364864300015
1071,1.26411922977697,1.42253123323584,0,0,0.025,0.0532025795816762,0,0.101088945923024,0.0918250258103026,1,8,1.07381516947727,0,1,10,0,-7400.05346950894,-6995.09854895978,-404.954920549167
1076,1.26411922977697,1.39721998363309,0,0,0.025,0.0532025795816762,0,0.101088945923024,0.0918250258103026,1,8,1.07381516947727,0,1,10,0,-7389.35134125794,-6987.87312564294,-401.478215614997
1081,1.26411922977697,1.39721998363309,0,0,0.025,0.0532025795816762,0,0.101088945923024,0.0918250258103026,1,8,1.07381516947727,0,1,10,0,-7387.0191013281,-6987.68486577592,-399.334235552179
1086,1.26411922977697,1.39721998363309,0,0,0.025,0.0532025795816762,0,0.101088945923024,0.0918250258103026,1,8,1.07381516947727,0,1,10,0,-7384.27172787602,-6986.47972148658,-397.792006389439
1091,1.26411922977697,1.39721998363309,0,0,0.025,0.0532025795816762,0,0.101088945923024,0.0918250258103026,1,8,1.07381516947727,0,1,10,0,-7379.23349777333,-6979.75856816433,-399.474929609
1096,1.26411922977697,1.39721998363309,0,0,0.025,0.0532025795816762,0,0.101088945923024,0.0918250258103026,1,8,1.07381516947727,0,1,10,0,-7387.09687031959,-6980.15296331546,-406.943907004129
1101,1.26411922977697,1.39721998363309,0,0,0.025,0.0532025795816762,0,0.101088945923024,0.0918250258103026,1,8,1.07381516947727,0,1,10,0,-7386.78921135405,-6978.65968068427,-408.129530669787
1106,1.26411922977697,1.39721998363309,0,0,0.025,0.0532025795816762,0,0.101088945923024,0.0918250258103026,1,8,1.07381516947727,0,1,10,0,-7384.94501104939,-6978.00110404526,-406.943907004129
1111,1.26411922977697,1.39721998363309,0,0,0.025,0.0532025795816762,0,0.101088945923024,0.0918250258103026,1,8,1.07381516947727,0,1,10,0,-7375.09880240785,-6971.15487789156,-403.943924516286
1116,1.26411922977697,1.39721998363309,0,0,0.025,0.0532025795816762,0,0.101088945923024,0.102310865440094,1,8,1.07381516947727,0,1,10,0,-7374.41576758361,-6967.63038791838,-406.785379665238
1121,1.26411922977697,1.39721998363309,0,0,0.025,0.0532025795816762,0,0.101088945923024,0.102310865440094,1,8,1.07381516947727,0,1,10,0,-7371.42793539668,-6964.94472126971,-406.483214126967
1126,1.26411922977697,1.39721998363309,0,0,0.025,0.0532025795816762,0,0.101088945923024,0.102310865440094,1,8,1.07381516947727,0,1,10,0,-7371.28742088123,-6963.731569952,-407.555850929232
1131,1.26411922977697,1.39721998363309,0,0,0.025,0.0532025795816762,0,0.101088945923024,0.102310865440094,1,8,1.07381516947727,0,1,10,0,-7374.13724778279,-6964.49238586086,-409.644861921928
1136,1.26411922977697,1.39721998363309,0,0,0.025,0.0532025795816762,0,0.101088945923024,0.102310865440094,1,8,1.07381516947727,0,1,10,0,-7366.60801853272,-6959.96115903288,-406.64685949984
1141,1.26411922977697,1.39721998363309,0,0,0.025,0.0532025795816762,0,0.101088945923024,0.102310865440094,1,8,1.07381516947727,0,1,10,0,-7366.60801853272,-6959.96115903288,-406.64685949984
1146,1.26411922977697,1.39721998363309,0,0,0.025,0.0532025795816762,0,0.101088945923024,0.0971831543194355,1,8,1.07381516947727,0,1,10,0,-7365.00016417904,-6957.73711853977,-407.263045639263
1151,1.26411922977697,1.39721998363309,0,0,0.025,0.0532025795816762,0,0.101088945923024,0.0971831543194355,1,8,1.07381516947727,0,1,10,0,-7368.05652076836,-6961.89114505866,-406.165375709704
1156,1.26411922977697,1.38560485313782,0,0,0.025,0.0532025795816762,0,0.101088945923024,0.0971831543194355,1,8,1.07381516947727,0,1,10,0,-7370.99836221466,-6961.55521303884,-409.44314917582
1161,1.26411922977697,1.38560485313782,0,0,0.025,0.0532025795816762,0,0.101088945923024,0.0971831543194355,1,8,1.07381516947727,0,1,10,0,-7361.85154226988,-6955.91258076036,-405.938961509521
1166,1.26411922977697,1.38560485313782,0,0,0.025,0.0532025795816762,0,0.101088945923024,0.0971831543194355,1,8,1.07381516947727,0,1,10,0,-7355.31087367205,-6953.44081081386,-401.87006285819
1171,1.26411922977697,1.38560485313782,0,0,0.025,0.0532025795816762,0,0.101088945923024,0.0971831543194355,1,8,1.07381516947727,0,1,10,0,-7359.99489779575,-6958.12483493756,-401.87006285819
1176,1.26411922977697,1.38560485313782,0,0,0.025,0.0532025795816762,0,0.101088945923024,0.0971831543194355,1,8,1.07381516947727,0,1,10,0,-7359.692576246,-6957.15468401523,-402.537892230766
1181,1.26092917152524,1.38560485313782,0,0,0.025,0.0532025795816762,0,0.101088945923024,0.0971831543194355,1,8,1.07381516947727,0,1,10,0,-7358.73827405702,-6956.20038182626,-402.537892230766
1186,1.26092917152524,1.38560485313782,0,0,0.025,0.0532025795816762,0,0.101088945923024,0.0971831543194355,1,8,1.07381516947727,0,1,10,0,-7358.73827405702,-6956.20038182626,-402.537892230766
1191,1.26092917152524,1.38560485313782,0,0,0.025,0.0532025795816762,0,0.101088945923024,0.0971831543194355,1,8,1.07381516947727,0,1,10,0,-7358.73827405702,-6956.20038182626,-402.537892230766
1196,1.26092917152524,1.38560485313782,0,0,0.025,0.0532025795816762,0,0.101088945923024,0.0971831543194355,1,8,1.07381516947727,0,1,10,0,-7357.20257169367,-6955.85030312856,-401.352268565108
1201,1.26092917152524,1.38560485313782,0,0,0.025,0.0532025795816762,0,0.101088945923024,0.0971831543194355,1,8,1.07381516947727,0,1,10,0,-7354.57730650886,-6951.90646580591,-402.670840702942
1206,1.26092917152524,1.38560485313782,0,0,0.025,0.0532025795816762,0,0.101088945923024,0.0971831543194355,1,8,1.07381516947727,0,1,10,0,-7346.83637253821,-6943.55085627015,-403.285516268061
1211,1.26092917152524,1.38560485313782,0,0,0.025,0.0532025795816762,0,0.101088945923024,0.0971831543194355,1,8,1.07381516947727,0,1,10,0,-7346.56003695342,-6945.41992019483,-401.140116758589
1216,1.26092917152524,1.38560485313782,0,0,0.025,0.0532025795816762,0,0.101088945923024,0.0971831543194355,1,8,1.07381516947727,0,1,10,0,-7347.58882817224,-6945.52530321401,-402.063524958232
1221,1.26092917152524,1.38560485313782,0,0,0.025,0.0532025795816762,0,0.101088945923024,0.0971831543194355,1,8,1.07381516947727,0,1,10,0,-7347.37940262036,-6944.46857980174,-402.91082281862
1226,1.26092917152524,1.38560485313782,0,0,0.025,0.0532025795816762,0,0.101088945923024,0.0971831543194355,1,8,1.07381516947727,0,1,10,0,-7346.70604048647,-6944.6222187077,-402.083821778768
1231,1.26092917152524,1.38560485313782,0,0,0.025,0.0532025795816762,0,0.101088945923024,0.0971831543194355,1,8,1.07381516947727,0,1,10,0,-7345.99401668011,-6948.68308384466,-397.310932835444
1236,1.26092917152524,1.38560485313782,0,0,0.025,0.0532025795816762,0,0.101088945923024,0.0979708458268867,1,8,1.07381516947727,0,1,10,0,-7348.62944402679,-6949.63675261733,-398.992691409457
1241,1.26092917152524,1.38560485313782,0,0,0.025,0.0532025795816762,0,0.101088945923024,0.0979708458268867,1,8,1.07381516947727,0,1,10,0,-7338.95407780796,-6940.89593057069,-398.058147237274
1246,1.26092917152524,1.38560485313782,0,0,0.025,0.0532025795816762,0,0.101088945923024,0.0979708458268867,1,8,1.07381516947727,0,1,10,0,-7335.45135438648,-6936.4237167972,-399.027637589281
1251,1.26092917152524,1.38560485313782,0,0,0.025,0.0532025795816762,0,0.101088945923024,0.0979708458268867,1,8,1.07381516947727,0,1,10,0,-7334.00502789166,-6936.28572312203,-397.719304769631
1256,1.26092917152524,1.38560485313782,0,0,0.025,0.0532025795816762,0,0.101088945923024,0.0979708458268867,1,8,1.07381516947727,0,1,10,0,-7329.01337967711,-6930.2720806656,-398.741299011507
1261,1.26092917152524,1.38560485313782,0,0,0.025,0.0532025795816762,0,0.101088945923024,0.0979708458268867,1,8,1.07381516947727,0,1,10,0,-7333.86688241808,-6931.82487756346,-402.042004854622
1266,1.26092917152524,1.38560485313782,0,0,0.025,0.0532025795816762,0,0.101088945923024,0.0979708458268867,1,8,1.07381516947727,0,1,10,0,-7334.31809030675,-6932.09946191644,-402.218628390302
1271,1.32168269150658,1.38560485313782,0,0,0.025,0.0532025795816762,0,0.101088945923024,0.0979708458268867,1,8,1.07381516947727,0,1,10,0,-7330.7731388348,-6927.27970031689,-403.493438517913
1276,1.32168269150658,1.38560485313782,0,0,0.025,0.0532025795816762,0,0.101088945923024,0.0979708458268867,1,8,1.07381516947727,0,1,10,0,-7326.30440912449,-6924.15074495206,-402.153664172428
1281,1.32168269150658,1.38560485313782,0,0,0.025,0.0532025795816762,0,0.101088945923024,0.0979708458268867,1,8,1.07381516947727,0,1,10,0,-7326.30440912449,-6924.15074495206,-402.153664172428
1286,1.32168269150658,1.38560485313782,0,0,0.025,0.0532025795816762,0,0.101088945923024,0.101959438230275,1,8,1.07381516947727,0,1,10,0,-7326.2989039688,-6922.95961613071,-403.339287838086
1291,1.32168269150658,1.38560485313782,0,0,0.025,0.0532025795816762,0,0.101088945923024,0.101959438230275,1,8,1.07381516947727,0,1,10,0,-7326.26120089447,-6922.30572691697,-403.95547397751
1296,1.32168269150658,1.38560485313782,0,0,0.025,0.0532025795816762,0,0.101088945923024,0.101959438230275,1,8,1.07381516947727,0,1,10,0,-7326.26120089447,-6922.30572691697,-403.95547397751
1301,1.32168269150658,1.38560485313782,0,0,0.025,0.0532025795816762,0,0.101088945923024,0.101959438230275,1,8,1.07381516947727,0,1,10,0,-7308.67463669061,-6906.3948088749,-402.279827815716
1306,1.32168269150658,1.38560485313782,0,0,0.025,0.0532025795816762,0,0.101088945923024,0.101959438230275,1,8,1.07381516947727,0,1,10,0,-7301.77318354856,-6902.71850811515,-399.054675433414
1311,1.32168269150658,1.38560485313782,0,0,0.025,0.0532025795816762,0,0.101088945923024,0.101959438230275,1,8,1.07381516947727,0,1,10,0,-7301.77318354856,-6902.71850811515,-399.054675433414
1316,1.32168269150658,1.38560485313782,0,0,0.025,0.0532025795816762,0,0.101088945923024,0.101959438230275,1,8,1.07381516947727,0,1,10,0,-7302.89656186571,-6905.88210726083,-397.014454604887
1321,1.32168269150658,1.38560485313782,0,0,0.025,0.0532025795816762,0,0.101088945923024,0.101959438230275,1,8,1.07381516947727,0,1,10,0,-7306.61454573055,-6906.6733517236,-399.941194006954
1326,1.32168269150658,1.38560485313782,0,0,0.025,0.0532025795816762,0,0.101088945923024,0.101959438230275,1,8,1.07381516947727,0,1,10,0,-7307.97540410683,-6905.78878342072,-402.186620686108
1331,1.32168269150658,1.38560485313782,0,0,0.025,0.0532025795816762,0,0.10151080722321,0.101959438230275,1,8,1.07381516947727,0,1,10,0,-7314.19108600109,-6907.97698349724,-406.214102503854
1336,1.32168269150658,1.38560485313782,0,0,0.025,0.0532025795816762,0,0.10151080722321,0.101959438230275,1,8,1.07381516947727,0,1,10,0,-7315.34831819923,-6909.65527449542,-405.693043703808
1341,1.32168269150658,1.38560485313782,0,0,0.025,0.0532025795816762,0,0.10151080722321,0.101959438230275,1,8,1.07381516947727,0,1,10,0,-7318.20775693989,-6911.69640291257,-406.511354027322
1346,1.32168269150658,1.38560485313782,0,0,0.025,0.0532025795816762,0,0.10151080722321,0.101959438230275,1,8,1.07381516947727,0,1,10,0,-7317.06348818629,-6907.66421639004,-409.399271796257
1351,1.32168269150658,1.38560485313782,0,0,0.025,0.0532025795816762,0,0.10151080722321,0.101959438230275,1,8,1.07381516947727,0,1,10,0,-7314.53843844575,-6907.53706192229,-407.001376523458
1356,1.32168269150658,1.38560485313782,0,0,0.025,0.0532025795816762,0,0.10151080722321,0.101959438230275,1,8,1.07381516947727,0,1,10,0,-7311.27343393741,-6903.08643374829,-408.187000189116
1361,1.32168269150658,1.38560485313782,0,0,0.025,0.0532025795816762,0,0.10151080722321,0.101959438230275,1,8,1.07381516947727,0,1,10,0,-7308.1236414039,-6902.42670292607,-405.696938477823
1366,1.32168269150658,1.38560485313782,0,0,0.025,0.0532025795816762,0,0.10151080722321,0.101959438230275,1,8,1.07381516947727,0,1,10,0,-7319.03580568421,-6912.88639605591,-406.149409628307
1371,1.32168269150658,1.38560485313782,0,0,0.025,0.0532025795816762,0,0.10151080722321,0.101959438230275,1,8,1.07381516947727,0,1,10,0,-7319.03580568421,-6912.88639605591,-406.149409628307
1376,1.32168269150658,1.38560485313782,0,0,0.025,0.0532025795816762,0,0.10151080722321,0.0989843206244379,1,8,1.07381516947727,0,1,10,0,-7317.60479419355,-6914.43965636113,-403.165137832426
1381,1.32168269150658,1.38560485313782,0,0,0.025,0.0532025795816762,0,0.10151080722321,0.0989843206244379,1,8,1.07381516947727,0,1,10,0,-7310.61733735012,-6907.26694970112,-403.350387648999
1386,1.32168269150658,1.38560485313782,0,0,0.025,0.0532025795816762,0,0.10151080722321,0.0989843206244379,1,8,1.07381516947727,0,1,10,0,-7310.61733735012,-6907.26694970112,-403.350387648999
1391,1.32168269150658,1.38028366591293,0,0,0.025,0.0532025795816762,0,0.10151080722321,0.0989843206244379,1,8,1.07381516947727,0,1,10,0,-7308.23370139202,-6903.78123524638,-404.452466145644
1396,1.32168269150658,1.38028366591293,0,0,0.025,0.0532025795816762,0,0.10151080722321,0.0989843206244379,1,8,1.07381516947727,0,1,10,0,-7304.99125368293,-6900.93922329699,-404.052030385941
1401,1.32168269150658,1.38028366591293,0,0,0.025,0.0532025795816762,0,0.10151080722321,0.0989843206244379,1,8,1.07381516947727,0,1,10,0,-7304.99125368293,-6900.93922329699,-404.052030385941
1406,1.32168269150658,1.38028366591293,0,0,0.025,0.0532025795816762,0,0.10151080722321,0.0989843206244379,1,8,1.07381516947727,0,1,10,0,-7302.11728703671,-6900.97564727556,-401.141639761154
1411,1.32168269150658,1.38028366591293,0,0,0.025,0.0532025795816762,0,0.10151080722321,0.0989843206244379,1,8,1.07381516947727,0,1,10,0,-7302.36386948472,-6899.00566786519,-403.358201619531
1416,1.32168269150658,1.38028366591293,0,0,0.025,0.0532025795816762,0,0.10151080722321,0.0989843206244379,1,8,1.07381516947727,0,1,10,0,-7300.27725584464,-6897.55157678386,-402.725679060788
1421,1.32168269150658,1.38028366591293,0,0,0.025,0.0532025795816762,0,0.10151080722321,0.0989843206244379,1,8,1.07381516947727,0,1,10,0,-7301.16679111281,-6897.80858949327,-403.358201619531
1426,1.32168269150658,1.38028366591293,0,0,0.025,0.0532025795816762,0,0.10151080722321,0.0989843206244379,1,8,1.07381516947727,0,1,10,0,-7301.06062640096,-6897.08044675178,-403.980179649182
1431,1.32168269150658,1.38028366591293,0,0,0.025,0.0532025795816762,0,0.10151080722321,0.0989843206244379,1,8,1.07381516947727,0,1,10,0,-7300.23468277136,-6896.83764940752,-403.397033363836
1436,1.32168269150658,1.38028366591293,0,0,0.025,0.0532025795816762,0,0.10151080722321,0.0989843206244379,1,8,1.07381516947727,0,1,10,0,-7300.23468277136,-6896.83764940752,-403.397033363836
1441,1.32168269150658,1.38028366591293,0,0,0.025,0.0532025795816762,0,0.10151080722321,0.0989843206244379,1,8,1.07381516947727,0,1,10,0,-7301.51378781733,-6897.11786019309,-404.395927624245
1446,1.32168269150658,1.38028366591293,0,0,0.025,0.0532025795816762,0,0.10151080722321,0.0989843206244379,1,8,1.07381516947727,0,1,10,0,-7295.69542408389,-6893.46377688126,-402.231647202628
1451,1.32168269150658,1.38028366591293,0,0,0.025,0.0532025795816762,0,0.10151080722321,0.0989843206244379,1,8,1.07381516947727,0,1,10,0,-7300.80835799391,-6895.55676425961,-405.251593734303
1456,1.32168269150658,1.38028366591293,0,0,0.025,0.0532025795816762,0,0.10151080722321,0.0989843206244379,1,8,1.07381516947727,0,1,10,0,-7306.52188189508,-6899.79341969777,-406.728462197312
1461,1.32168269150658,1.38028366591293,0,0,0.025,0.0532025795816762,0,0.10151080722321,0.0989843206244379,1,8,1.07381516947727,0,1,10,0,-7304.71372854673,-6899.66702492344,-405.046703623298
1466,1.32168269150658,1.38028366591293,0,0,0.025,0.0532025795816762,0,0.10151080722321,0.103598322267284,1,8,1.07381516947727,0,1,10,0,-7301.92272747671,-6897.89459343441,-404.028134042304
1471,1.32168269150658,1.37126202863234,0,0,0.025,0.0532025795816762,0,0.10151080722321,0.103598322267284,1,8,1.07381516947727,0,1,10,0,-7303.42186417714,-6896.93479897145,-406.487065205688
1476,1.32168269150658,1.37126202863234,0,0,0.025,0.0532025795816762,0,0.10151080722321,0.103598322267284,1,8,1.07381516947727,0,1,10,0,-7303.77817157624,-6898.30967595154,-405.468495624694
1481,1.32168269150658,1.37126202863234,0,0,0.025,0.0532025795816762,0,0.10151080722321,0.103598322267284,1,8,1.07381516947727,0,1,10,0,-7302.11844746986,-6897.78314446743,-404.335303002429
1486,1.32168269150658,1.37126202863234,0,0,0.025,0.0532025795816762,0,0.10151080722321,0.103598322267284,1,8,1.07381516947727,0,1,10,0,-7296.90321690667,-6893.8906403949,-403.012576511779
1491,1.32168269150658,1.37126202863234,0,0,0.025,0.0532025795816762,0,0.10151080722321,0.103598322267284,1,8,1.07381516947727,0,1,10,0,-7296.90321690667,-6893.8906403949,-403.012576511779
1496,1.39463134232986,1.37126202863234,0,0,0.025,0.0532025795816762,0,0.10151080722321,0.103598322267284,1,8,1.07381516947727,0,1,10,0,-7294.52757287934,-6893.33936183608,-401.188211043258
1501,1.39463134232986,1.37126202863234,0,0,0.025,0.0532025795816762,0,0.10151080722321,0.103598322267284,1,8,1.07381516947727,0,1,10,0,-7295.92896989795,-6893.7221892737,-402.206780624253
1506,1.39463134232986,1.37126202863234,0,0,0.025,0.0532025795816762,0,0.10151080722321,0.107113233113092,1,8,1.07381516947727,0,1,10,0,-7292.53535092776,-6890.32857030351,-402.206780624253
1511,1.39463134232986,1.37126202863234,0,0,0.025,0.0532025795816762,0,0.10151080722321,0.115672568923304,1,8,1.07381516947727,0,1,10,0,-7292.85301948413,-6888.80795937501,-404.045060109115
1516,1.39463134232986,1.37126202863234,0,0,0.025,0.0532025795816762,0,0.10151080722321,0.115672568923304,1,8,1.07381516947727,0,1,10,0,-7299.47563654082,-6895.39503149428,-404.080605046535
1521,1.39463134232986,1.37126202863234,0,0,0.025,0.0532025795816762,0,0.10151080722321,0.115672568923304,1,8,1.07381516947727,0,1,10,0,-7299.82736360837,-6894.58027996194,-405.247083646433
1526,1.39463134232986,1.37126202863234,0,0,0.025,0.0532025795816762,0,0.10151080722321,0.115672568923304,1,8,1.07381516947727,0,1,10,0,-7295.6632562923,-6893.38065237592,-402.282603916383
1531,1.39463134232986,1.37126202863234,0,0,0.025,0.0532025795816762,0,0.10151080722321,0.115672568923304,1,8,1.07381516947727,0,1,10,0,-7300.88961562714,-6896.86520705125,-404.024408575894
1536,1.39463134232986,1.37126202863234,0,0,0.025,0.0532025795816762,0,0.10151080722321,0.115672568923304,1,8,1.07381516947727,0,1,10,0,-7300.88961562714,-6896.86520705125,-404.024408575894
1541,1.39463134232986,1.37126202863234,0,0,0.025,0.0532025795816762,0,0.10151080722321,0.115672568923304,1,8,1.07381516947727,0,1,10,0,-7301.27246005381,-6895.2490406215,-406.023419432313
1546,1.39463134232986,1.37126202863234,0,0,0.025,0.0532025795816762,0,0.101126690729137,0.115672568923304,1,8,1.07381516947727,0,1,10,0,-7301.41630521859,-6894.26919381321,-407.147111405378
1551,1.39463134232986,1.37126202863234,0,0,0.025,0.0532025795816762,0,0.101126690729137,0.115672568923304,1,8,1.06556020226249,0,1,10,0,-7304.30749369026,-6894.06666960297,-410.240824087292
1556,1.39463134232986,1.37126202863234,0,0,0.025,0.0532025795816762,0,0.0975360977667171,0.115672568923304,1,8,1.06556020226249,0,1,10,0,-7300.83615870787,-6886.46235226565,-414.37380644222
1561,1.39463134232986,1.37126202863234,0,0,0.025,0.0532025795816762,0,0.0975360977667171,0.115672568923304,1,8,1.06556020226249,0,1,10,0,-7302.30667376238,-6889.27791872275,-413.028755039634
1566,1.39463134232986,1.37126202863234,0,0,0.025,0.0532025795816762,0,0.0975360977667171,0.115672568923304,1,8,1.06556020226249,0,1,10,0,-7302.30667376238,-6889.27791872275,-413.028755039634
1571,1.39463134232986,1.37126202863234,0,0,0.025,0.0532025795816762,0,0.0975360977667171,0.115672568923304,1,8,1.06556020226249,0,1,10,0,-7307.35390763294,-6890.88937487805,-416.464532754893
1576,1.39463134232986,1.37126202863234,0,0,0.025,0.0532025795816762,0,0.0982162165290148,0.115672568923304,1,8,1.06556020226249,0,1,10,0,-7301.23384788075,-6888.57263871437,-412.661209166388
1581,1.39463134232986,1.37126202863234,0,0,0.025,0.0532025795816762,0,0.0982162165290148,0.115672568923304,1,8,1.06556020226249,0,1,10,0,-7300.28191396131,-6890.40277226111,-409.879141700194
1586,1.39463134232986,1.37126202863234,0,0,0.025,0.0532025795816762,0,0.0982162165290148,0.115672568923304,1,8,1.03507995414469,0,1,10,0,-7301.50327374726,-6891.62413204706,-409.879141700194
1591,1.39463134232986,1.37126202863234,0,0,0.025,0.0532025795816762,0,0.0982162165290148,0.115672568923304,1,8,1.03507995414469,0,1,10,0,-7302.16812097408,-6891.11395703444,-411.05416393964
1596,1.39463134232986,1.34250683776136,0,0,0.025,0.0532025795816762,0,0.0982162165290148,0.115672568923304,1,8,1.03507995414469,0,1,10,0,-7300.91950532229,-6889.33924828676,-411.580257035537
1601,1.39463134232986,1.34250683776136,0,0,0.025,0.0542002011494809,0,0.0982162165290148,0.115672568923304,1,8,1.03507995414469,0,1,10,0,-7302.90329335757,-6888.85918308144,-414.044110276127
1606,1.39463134232986,1.34250683776136,0,0,0.025,0.0542002011494809,0,0.0982162165290148,0.115672568923304,1,8,1.03507995414469,0,1,10,0,-7314.84975638885,-6897.68904913697,-417.160707251875
1611,1.39463134232986,1.34250683776136,0,0,0.025,0.0542002011494809,0,0.0982162165290148,0.115672568923304,1,8,1.03507995414469,0,1,10,0,-7313.55657451449,-6896.8539761042,-416.702598410281
1616,1.39463134232986,1.34250683776136,0,0,0.025,0.0542002011494809,0,0.0982162165290148,0.115672568923304,1,8,1.03507995414469,0,1,10,0,-7313.55657451449,-6896.8539761042,-416.702598410281
1621,1.39463134232986,1.34250683776136,0,0,0.025,0.0542002011494809,0,0.0982162165290148,0.115672568923304,1,8,1.03507995414469,0,1,10,0,-7310.88245707449,-6894.54164870881,-416.340808365676
1626,1.39463134232986,1.34250683776136,0,0,0.025,0.0542482341368759,0,0.0982162165290148,0.115672568923304,1,8,1.03507995414469,0,1,10,0,-7310.83733817607,-6894.49652981039,-416.340808365676
1631,1.39463134232986,1.34250683776136,0,0,0.025,0.0542482341368759,0,0.0982162165290148,0.115672568923304,1,8,1.03507995414469,0,1,10,0,-7309.39552409856,-6894.43589499334,-414.959629105223
1636,1.39463134232986,1.34250683776136,0,0,0.025,0.0542482341368759,0,0.0982162165290148,0.115672568923304,1,8,1.03507995414469,0,1,10,0,-7311.04520306596,-6894.8195389267,-416.225664139261
1641,1.39463134232986,1.33140449592195,0,0,0.025,0.0542482341368759,0,0.0982162165290148,0.115672568923304,1,8,1.03507995414469,0,1,10,0,-7310.05095289132,-6893.82528875206,-416.225664139261
1646,1.39463134232986,1.33140449592195,0,0,0.025,0.0542482341368759,0,0.0982162165290148,0.115672568923304,1,8,1.03507995414469,0,1,10,0,-7313.37850953996,-6896.7351102,-416.643399339961
1651,1.39463134232986,1.33724959421622,0,0,0.025,0.0542482341368759,0,0.0982162165290148,0.115672568923304,1,8,1.03507995414469,0,1,10,0,-7303.30939916372,-6889.17404749545,-414.135351668274
1656,1.39463134232986,1.33724959421622,0,0,0.025,0.0542482341368759,0,0.0982162165290148,0.115672568923304,1,8,1.03507995414469,0,1,10,0,-7303.30939916372,-6889.17404749545,-414.135351668274
1661,1.39463134232986,1.33724959421622,0,0,0.025,0.0542482341368759,0,0.0982162165290148,0.115672568923304,1,8,1.03507995414469,0,1,10,0,-7311.55465857667,-6896.89133587768,-414.663322698995
1666,1.39463134232986,1.33724959421622,0,0,0.025,0.0542482341368759,0,0.0982162165290148,0.115672568923304,1,8,1.03507995414469,0,1,10,0,-7310.23793376441,-6896.93558761856,-413.302346145859
1671,1.39154993105735,1.33724959421622,0,0,0.025,0.0542482341368759,0,0.0982162165290148,0.115672568923304,1,8,1.03507995414469,0,1,10,0,-7301.42760383681,-6893.4702465768,-407.957357260002
1676,1.39154993105735,1.33724959421622,0,0,0.025,0.0542482341368759,0,0.0982162165290148,0.115672568923304,1,8,1.03507995414469,0,1,10,0,-7303.53433317765,-6891.24416141115,-412.290171766492
1681,1.39154993105735,1.33724959421622,0,0,0.025,0.0542482341368759,0,0.0982162165290148,0.115672568923304,1,8,1.03507995414469,0,1,10,0,-7301.53723173249,-6889.45333971126,-412.08389202123
1686,1.39154993105735,1.36787691510245,0,0,0.025,0.0542482341368759,0,0.0982162165290148,0.115672568923304,1,8,1.03507995414469,0,1,10,0,-7302.22753100485,-6890.14363898362,-412.08389202123
1691,1.39154993105735,1.36787691510245,0,0,0.025,0.0542482341368759,0,0.0982162165290148,0.117089950308369,1,8,1.03507995414469,0,1,10,0,-7301.81393472556,-6890.02217912714,-411.791755598429
1696,1.39154993105735,1.36787691510245,0,0,0.025,0.0542482341368759,0,0.0982162165290148,0.117089950308369,1,8,1.03507995414469,0,1,10,0,-7305.39677985377,-6888.70201692022,-416.694762933554
1701,1.39154993105735,1.36787691510245,0,0,0.025,0.0542482341368759,0,0.0982162165290148,0.117089950308369,1,8,1.03507995414469,0,1,10,0,-7304.4634313509,-6888.30766491808,-416.155766432821
1706,1.39154993105735,1.36787691510245,0,0,0.025,0.0542482341368759,0,0.0982162165290148,0.117089950308369,1,8,1.03507995414469,0,1,10,0,-7300.71290826865,-6886.32480375348,-414.388104515172
1711,1.39154993105735,1.36787691510245,0,0,0.025,0.0542482341368759,0,0.0982162165290148,0.113403985159944,1,8,1.03507995414469,0,1,10,0,-7301.96185685325,-6885.87894358775,-416.082913265508
1716,1.39154993105735,1.36787691510245,0,0,0.025,0.0542482341368759,0,0.0982162165290148,0.113403985159944,1,8,1.03507995414469,0,1,10,0,-7302.21666240854,-6889.24692251345,-412.969739895094
1721,1.39154993105735,1.36787691510245,0,0,0.025,0.0542482341368759,0,0.0982162165290148,0.113403985159944,1,8,1.03507995414469,0,1,10,0,-7304.34911770299,-6890.2451238279,-414.103993875088
1726,1.39154993105735,1.2977241471239,0,0,0.025,0.0542482341368759,0,0.0982162165290148,0.113403985159944,1,8,1.03507995414469,0,1,10,0,-7304.88536800192,-6890.65147250225,-414.233895499662
1731,1.39154993105735,1.2977241471239,0,0,0.025,0.0542482341368759,0,0.0982162165290148,0.113403985159944,1,8,1.03507995414469,0,1,10,0,-7299.76465237384,-6884.27408000636,-415.490572367479
1736,1.39154993105735,1.2977241471239,0,0,0.025,0.0542482341368759,0,0.0982162165290148,0.113403985159944,1,8,1.03507995414469,0,1,10,0,-7300.05239027329,-6883.16774140425,-416.884648869041
1741,1.39154993105735,1.2977241471239,0,0,0.025,0.0542482341368759,0,0.0982162165290148,0.113403985159944,1,8,1.03507995414469,0,1,10,0,-7295.28369585719,-6880.74815209677,-414.535543760412
1746,1.39154993105735,1.2977241471239,0,0,0.025,0.0542482341368759,0,0.0982162165290148,0.113403985159944,1,8,1.03507995414469,0,1,10,0,-7295.28369585719,-6880.74815209677,-414.535543760412
1751,1.39154993105735,1.33089136081408,0,0,0.025,0.053671174022277,0,0.0982162165290148,0.113403985159944,1,8,1.03507995414469,0,1,10,0,-7297.97788970488,-6886.26844182075,-411.709447884124
1756,1.39154993105735,1.33089136081408,0,0,0.025,0.053671174022277,0,0.0982162165290148,0.113403985159944,1,8,1.03507995414469,0,1,10,0,-7299.13946704574,-6886.11604546208,-413.023421583665
1761,1.39154993105735,1.33089136081408,0,0,0.025,0.053671174022277,0,0.0982162165290148,0.113403985159944,1,8,1.03507995414469,0,1,10,0,-7299.13946704574,-6886.11604546208,-413.023421583665
1766,1.39154993105735,1.33089136081408,0,0,0.025,0.053671174022277,0,0.0982162165290148,0.113403985159944,1,8,1.03507995414469,0,1,10,0,-7304.93236771145,-6889.68974264373,-415.24262506772
1771,1.39154993105735,1.33089136081408,0,0,0.025,0.053671174022277,0,0.0982162165290148,0.113403985159944,1,8,1.03507995414469,0,1,10,0,-7300.99291956108,-6885.54744435643,-415.445475204655
1776,1.39154993105735,1.33089136081408,0,0,0.025,0.053671174022277,0,0.0982162165290148,0.113403985159944,1,8,1.03507995414469,0,1,10,0,-7300.50990655993,-6887.28363483933,-413.2262717206
1781,1.39154993105735,1.33089136081408,0,0,0.025,0.053671174022277,0,0.0982162165290148,0.113403985159944,1,8,1.03507995414469,0,1,10,0,-7299.54906409465,-6887.3371443191,-412.211919775549
1786,1.39154993105735,1.33089136081408,0,0,0.025,0.053671174022277,0,0.0982162165290148,0.113403985159944,1,8,1.03507995414469,0,1,10,0,-7300.73172371386,-6890.01145881509,-410.720264898772
1791,1.39154993105735,1.33089136081408,0,0,0.025,0.053671174022277,0,0.0982162165290148,0.113403985159944,1,8,1.06707952240308,0,1,10,0,-7301.35289512166,-6888.68672007383,-412.666175047827
1796,1.39154993105735,1.33089136081408,0,0,0.025,0.053671174022277,0,0.0982162165290148,0.113403985159944,1,8,1.06707952240308,0,1,10,0,-7301.35289512166,-6888.68672007383,-412.666175047827
1801,1.39154993105735,1.33089136081408,0,0,0.025,0.053671174022277,0,0.0982162165290148,0.115231972299109,1,8,1.06707952240308,0,1,10,0,-7302.70558579348,-6891.10985215735,-411.595733636126
1806,1.39154993105735,1.33089136081408,0,0,0.025,0.053671174022277,0,0.0982162165290148,0.115231972299109,1,8,1.06707952240308,0,1,10,0,-7303.14267329553,-6891.27364632441,-411.869026971125
1811,1.39154993105735,1.33089136081408,0,0,0.025,0.053671174022277,0,0.0982162165290148,0.115231972299109,1,8,1.06707952240308,0,1,10,0,-7303.53169427299,-6889.79665106203,-413.73504321096
1816,1.39154993105735,1.33089136081408,0,0,0.025,0.053671174022277,0,0.0982162165290148,0.115231972299109,1,8,1.06707952240308,0,1,10,0,-7299.27563278812,-6888.28013844532,-410.995494342798
1821,1.39154993105735,1.33089136081408,0,0,0.025,0.053671174022277,0,0.0982162165290148,0.115231972299109,1,8,1.06707952240308,0,1,10,0,-7299.27563278812,-6888.28013844532,-410.995494342798
1826,1.39154993105735,1.33089136081408,0,0,0.025,0.053671174022277,0,0.0982162165290148,0.115231972299109,1,8,1.06707952240308,0,1,10,0,-7302.06405842443,-6889.57690920485,-412.487149219576
1831,1.39154993105735,1.33089136081408,0,0,0.025,0.053671174022277,0,0.0982162165290148,0.115231972299109,1,8,1.06707952240308,0,1,10,0,-7297.78467106913,-6890.81789129983,-406.966779769296
1836,1.39154993105735,1.33089136081408,0,0,0.025,0.053671174022277,0,0.0982162165290148,0.115231972299109,1,8,1.06707952240308,0,1,10,0,-7297.28625832139,-6888.82782367532,-408.458434646074
1841,1.39154993105735,1.31598674108396,0,0,0.025,0.053671174022277,0,0.0982162165290148,0.115231972299109,1,8,1.06707952240308,0,1,10,0,-7288.67857493839,-6879.13263878498,-409.545936153402
1846,1.39154993105735,1.31598674108396,0,0,0.025,0.053671174022277,0,0.0982162165290148,0.115231972299109,1,8,1.06707952240308,0,1,10,0,-7286.34157756428,-6879.50369161198,-406.8378859523
1851,1.39154993105735,1.23336992080811,0,0,0.025,0.053671174022277,0,0.0982162165290148,0.115231972299109,1,8,1.06707952240308,0,1,10,0,-7292.52745895067,-6883.67466997783,-408.852788972842
1856,1.39154993105735,1.23336992080811,0,0,0.025,0.053671174022277,0,0.0982162165290148,0.115231972299109,1,8,1.06707952240308,0,1,10,0,-7292.52745895067,-6883.67466997783,-408.852788972842
1861,1.39154993105735,1.23336992080811,0,0,0.025,0.053671174022277,0,0.0982162165290148,0.115231972299109,1,8,1.06707952240308,0,1,10,0,-7289.88905627638,-6882.47662888593,-407.412427390452
1866,1.39154993105735,1.23336992080811,0,0,0.025,0.053671174022277,0,0.0982162165290148,0.115231972299109,1,8,1.06707952240308,0,1,10,0,-7289.10542988976,-6883.19707989608,-405.908349993676
1871,1.39154993105735,1.23336992080811,0,0,0.025,0.053671174022277,0,0.0982162165290148,0.115231972299109,1,8,1.06707952240308,0,1,10,0,-7295.44284662161,-6887.49569524606,-407.947151375548
1876,1.39154993105735,1.23336992080811,0,0,0.025,0.053671174022277,0,0.0982162165290148,0.115231972299109,1,8,1.06707952240308,0,1,10,0,-7291.49481552387,-6886.53443220627,-404.960383317601
1881,1.39154993105735,1.23336992080811,0,0,0.025,0.053671174022277,0,0.0982162165290148,0.115231972299109,1,8,1.06707952240308,0,1,10,0,-7291.49481552387,-6886.53443220627,-404.960383317601
1886,1.39154993105735,1.23336992080811,0,0,0.025,0.053671174022277,0,0.0982162165290148,0.115231972299109,1,8,1.06707952240308,0,1,10,0,-7290.78047687405,-6884.2693290457,-406.51114782835
1891,1.39154993105735,1.23336992080811,0,0,0.025,0.053671174022277,0,0.0982162165290148,0.115231972299109,1,8,1.06707952240308,0,1,10,0,-7296.70088641781,-6886.35148173427,-410.349404683539
1896,1.39154993105735,1.33165958854025,0,0,0.025,0.053671174022277,0,0.0982162165290148,0.115231972299109,1,8,1.06707952240308,0,1,10,0,-7300.28651071673,-6888.95174446016,-411.33476625657
1901,1.37743566839644,1.33165958854025,0,0,0.025,0.053671174022277,0,0.0982162165290148,0.115231972299109,1,8,1.06707952240308,0,1,10,0,-7297.57793579505,-6887.68353112088,-409.89440467418
1906,1.37743566839644,1.33165958854025,0,0,0.025,0.053671174022277,0,0.0982162165290148,0.115231972299109,1,8,1.06707952240308,0,1,10,0,-7295.04866294816,-6885.07487324472,-409.973789703434
1911,1.37743566839644,1.33165958854025,0,0,0.025,0.053671174022277,0,0.0982162165290148,0.115231972299109,1,8,1.06707952240308,0,1,10,0,-7295.89876481385,-6884.85233830816,-411.046426505699
1916,1.37743566839644,1.33165958854025,0,0,0.025,0.053671174022277,0,0.0982162165290148,0.11939313391777,1,8,1.06707952240308,0,1,10,0,-7297.82720634131,-6886.74735284193,-411.079853499379
1921,1.37743566839644,1.34697192995114,0,0,0.025,0.053671174022277,0,0.0982162165290148,0.11939313391777,1,8,1.06707952240308,0,1,10,0,-7298.14721071814,-6886.09723420042,-412.049976517716
1926,1.37743566839644,1.34697192995114,0,0,0.025,0.053671174022277,0,0.0982162165290148,0.11939313391777,1,8,1.06707952240308,0,1,10,0,-7294.08259545304,-6884.15180080566,-409.930794647387
1931,1.37743566839644,1.34697192995114,0,0,0.025,0.053671174022277,0,0.0982162165290148,0.11939313391777,1,8,1.06707952240308,0,1,10,0,-7294.09527169943,-6881.82064900051,-412.274622698915
1936,1.37743566839644,1.34697192995114,0,0,0.025,0.053671174022277,0,0.0982162165290148,0.11939313391777,1,8,1.06707952240308,0,1,10,0,-7304.57177012928,-6887.26414422752,-417.307625901757
1941,1.37743566839644,1.34697192995114,0,0,0.025,0.053671174022277,0,0.0982162165290148,0.11939313391777,1,8,1.06707952240308,0,1,10,0,-7302.36930042415,-6886.30136540932,-416.067935014829
1946,1.37743566839644,1.34697192995114,0,0,0.025,0.053671174022277,0,0.0982162165290148,0.11939313391777,1,8,1.06707952240308,0,1,10,0,-7310.91428990866,-6889.50899165459,-421.405298254072
1951,1.37743566839644,1.34697192995114,0,0,0.025,0.053671174022277,0,0.0982162165290148,0.11939313391777,1,8,1.06707952240308,0,1,10,0,-7309.75326584561,-6890.77328214412,-418.979983701486
1956,1.37743566839644,1.34697192995114,0,0,0.025,0.053671174022277,0,0.0982162165290148,0.11939313391777,1,8,1.06707952240308,0,1,10,0,-7306.57225760315,-6888.48609177769,-418.086165825464
1961,1.37743566839644,1.34697192995114,0,0,0.025,0.053671174022277,0,0.0995842417500733,0.11939313391777,1,8,1.06707952240308,0,1,10,0,-7310.83969235312,-6891.567902862,-419.271789491122
1966,1.37743566839644,1.29122444935485,0,0,0.025,0.053671174022277,0,0.0995842417500733,0.11939313391777,1,8,1.06707952240308,0,1,10,0,-7316.90559229826,-6894.79569947779,-422.109892820473
1971,1.37743566839644,1.29122444935485,0,0,0.025,0.053671174022277,0,0.0995842417500733,0.11939313391777,1,8,1.06707952240308,0,1,10,0,-7319.16060609148,-6898.12115468271,-421.039451408771
1976,1.37743566839644,1.38018496434169,0,0,0.025,0.0534069167237354,0,0.0995842417500733,0.11939313391777,1,8,1.06707952240308,0,1,10,0,-7316.322587919,-6896.99673120661,-419.325856712392
1981,1.37743566839644,1.38018496434169,0,0,0.025,0.0534069167237354,0,0.0995842417500733,0.11939313391777,1,8,1.06707952240308,0,1,10,0,-7312.20644215321,-6893.76470391975,-418.441738233459
1986,1.37743566839644,1.38018496434169,0,0,0.025,0.0534069167237354,0,0.0995842417500733,0.11939313391777,1,8,1.06707952240308,0,1,10,0,-7310.60010750459,-6894.31013147439,-416.2899760302
1991,1.37743566839644,1.38018496434169,0,0,0.025,0.0534069167237354,0,0.0995842417500733,0.11939313391777,1,8,1.06707952240308,0,1,10,0,-7305.43995464787,-6891.54787389047,-413.892080757401
1996,1.37743566839644,1.38018496434169,0,0,0.025,0.0534069167237354,0,0.0995842417500733,0.11939313391777,1,8,1.06707952240308,0,1,10,0,-7306.28464718762,-6895.20654773888,-411.078099448743
2001,1.36895816864988,1.38018496434169,0,0,0.025,0.0534069167237354,0,0.0995842417500733,0.11939313391777,1,8,1.06707952240308,0,1,10,0,-7310.54633730407,-6899.93824148457,-410.608095819497
2006,1.36895816864988,1.38018496434169,0,0,0.025,0.0534069167237354,0,0.0960833273825779,0.11939313391777,1,8,1.06707952240308,0,1,10,0,-7311.00674535351,-6900.00660744623,-411.000137907273
2011,1.35693926324844,1.3750870449349,0,0,0.025,0.0534069167237354,0,0.0960833273825779,0.11939313391777,1,8,1.06707952240308,0,1,10,0,-7304.18729521436,-6898.13818019838,-406.049115015978
2016,1.35693926324844,1.3750870449349,0,0,0.025,0.0534069167237354,0,0.0960833273825779,0.11835077878256,1,8,1.06707952240308,0,1,10,0,-7302.60738834012,-6897.94456768526,-404.662820654858
2021,1.35693926324844,1.3750870449349,0,0,0.025,0.0534069167237354,0,0.0960833273825779,0.11835077878256,1,8,1.06707952240308,0,1,10,0,-7298.34403898013,-6895.69612134581,-402.647917634316
2026,1.35693926324844,1.3750870449349,0,0,0.025,0.0534069167237354,0,0.0960833273825779,0.11835077878256,1,8,1.06707952240308,0,1,10,0,-7298.34403898013,-6895.69612134581,-402.647917634316
2031,1.35693926324844,1.3750870449349,0,0,0.025,0.0534069167237354,0,0.0960833273825779,0.11835077878256,1,8,1.06707952240308,0,1,10,0,-7297.3485766995,-6894.94751914312,-402.401057556385
2036,1.35693926324844,1.3750870449349,0,0,0.025,0.0534069167237354,0,0.0960833273825779,0.11835077878256,1,8,1.06707952240308,0,1,10,0,-7293.33949485525,-6892.37879888126,-400.960695973995
2041,1.35693926324844,1.35730860454075,0,0,0.025,0.0534069167237354,0,0.0960833273825779,0.11835077878256,1,8,1.06707952240308,0,1,10,0,-7292.57400348647,-6891.61330751248,-400.960695973995
2046,1.35693926324844,1.3128991008429,0,0,0.025,0.0534069167237354,0,0.0960833273825779,0.11835077878256,1,8,1.04084316344863,0,1,10,0,-7295.72339476222,-6893.32233720583,-402.401057556385
2051,1.35693926324844,1.3128991008429,0,0,0.025,0.0534069167237354,0,0.0960833273825779,0.11835077878256,1,8,1.04084316344863,0,1,10,0,-7297.96286438374,-6894.72882945202,-403.234034931717
2056,1.34887715221132,1.37242031843618,0,0,0.025,0.0534069167237354,0,0.0960833273825779,0.11835077878256,1,8,1.04084316344863,0,1,10,0,-7300.18846024687,-6898.25733806734,-401.931122179536
2061,1.34887715221132,1.37242031843618,0,0,0.025,0.0534069167237354,0,0.0960833273825779,0.11835077878256,1,8,1.04084316344863,0,1,10,0,-7297.44663118952,-6896.43179974186,-401.014831447662
2066,1.34887715221132,1.37242031843618,0,0,0.025,0.0534069167237354,0,0.0960833273825779,0.11835077878256,1,8,1.04084316344863,0,1,10,0,-7298.70548089161,-6892.80690075637,-405.898580135247
2071,1.34887715221132,1.37242031843618,0,0,0.025,0.0534069167237354,0,0.0960833273825779,0.11835077878256,1,8,1.04084316344863,0,1,10,0,-7302.01241056298,-6892.77115602687,-409.241254536107
2076,1.34887715221132,1.37242031843618,0,0,0.025,0.0534069167237354,0,0.0960833273825779,0.11835077878256,1,8,1.04084316344863,0,1,10,0,-7304.85651846945,-6894.59669435235,-410.259824117102
2081,1.34887715221132,1.37242031843618,0,0,0.025,0.0534069167237354,0,0.0960833273825779,0.116048214027077,1,8,1.04084316344863,0,1,10,0,-7293.13277220385,-6886.40140724802,-406.731364955829
2086,1.34887715221132,1.37242031843618,0,0,0.025,0.0534069167237354,0,0.0960833273825779,0.116048214027077,1,8,1.04084316344863,0,1,10,0,-7294.43506537544,-6888.538991633,-405.896073742444
2091,1.34887715221132,1.37242031843618,0,0,0.025,0.0534069167237354,0,0.0960833273825779,0.116048214027077,1,8,1.04084316344863,0,1,10,0,-7289.49751682116,-6886.20211051878,-403.295406302381
2096,1.34887715221132,1.37242031843618,0,0,0.025,0.0534069167237354,0,0.0960833273825779,0.116048214027077,1,8,1.04084316344863,0,1,10,0,-7289.20944497405,-6889.03982407347,-400.169620900579
2101,1.34887715221132,1.36067019427056,0,0,0.025,0.0534069167237354,0,0.0960833273825779,0.116048214027077,1,8,1.04084316344863,0,1,10,0,-7288.35327376176,-6888.18365286118,-400.169620900579
2106,1.34887715221132,1.36067019427056,0,0,0.025,0.0534069167237354,0,0.0960833273825779,0.116048214027077,1,8,1.04084316344863,0,1,10,0,-7288.35327376176,-6888.18365286118,-400.169620900579
2111,1.34887715221132,1.36067019427056,0,0,0.025,0.0534069167237354,0,0.0960833273825779,0.116048214027077,1,8,1.04084316344863,0,1,10,0,-7288.14924100141,-6891.55746409618,-396.591776905239
2116,1.34887715221132,1.36067019427056,0,0,0.025,0.0534069167237354,0,0.0960833273825779,0.116048214027077,1,8,1.04099546127503,0,1,10,0,-7287.95845690048,-6893.6227450726,-394.335711827879
2121,1.34887715221132,1.36067019427056,0,0,0.025,0.0534069167237354,0,0.0960833273825779,0.116048214027077,1,8,1.04099546127503,0,1,10,0,-7289.49295888484,-6892.75935178417,-396.733607100678
2126,1.35100623142242,1.36067019427056,0,0,0.025,0.0534069167237354,0,0.0960833273825779,0.116048214027077,1,8,1.04099546127503,0,1,10,0,-7294.06606669019,-6891.25034446202,-402.815722228168
2131,1.35100623142242,1.36067019427056,0,0,0.025,0.0534069167237354,0,0.0960833273825779,0.116048214027077,1,8,1.04099546127503,0,1,10,0,-7294.43879237145,-6889.8995770653,-404.539215306144
2136,1.35100623142242,1.36067019427056,0,0,0.025,0.0534069167237354,0,0.0960833273825779,0.116048214027077,1,8,1.04099546127503,0,1,10,0,-7294.43879237145,-6889.8995770653,-404.539215306144
2141,1.35100623142242,1.36067019427056,0,0,0.025,0.0534069167237354,0,0.0960833273825779,0.116048214027077,1,8,1.04099546127503,0,1,10,0,-7293.10980765155,-6889.28103102307,-403.828776628474
2146,1.35100623142242,1.36067019427056,0,0,0.025,0.0534069167237354,0,0.0960833273825779,0.116048214027077,1,8,1.04099546127503,0,1,10,0,-7291.33827194458,-6889.21836712553,-402.119904819052
2151,1.35100623142242,1.36067019427056,0,0,0.025,0.0534069167237354,0,0.0960833273825779,0.116048214027077,1,8,1.04099546127503,0,1,10,0,-7293.76986188101,-6889.56074200845,-404.209119872559
2156,1.35071740453626,1.36067019427056,0,0,0.025,0.0506523028199303,0,0.0960833273825779,0.116048214027077,1,8,1.04099546127503,0,1,10,0,-7290.49898981592,-6889.12690207352,-401.3720877424
2161,1.35071740453626,1.36067019427056,0,0,0.025,0.0506523028199303,0,0.0960833273825779,0.116048214027077,1,8,1.04099546127503,0,1,10,0,-7289.91602401158,-6889.06718441295,-400.848839598636
2166,1.35071740453626,1.36067019427056,0,0,0.025,0.0506523028199303,0,0.0960833273825779,0.116048214027077,1,8,1.04099546127503,0,1,10,0,-7287.38042109352,-6888.0777819474,-399.302639146118
2171,1.35071740453626,1.36067019427056,0,0,0.025,0.0506523028199303,0,0.0960833273825779,0.114669075465595,1,8,1.04099546127503,0,1,10,0,-7284.83496951839,-6887.83137145684,-397.003598061559
2176,1.35071740453626,1.26637276983675,0,0,0.025,0.0506523028199303,0,0.0960833273825779,0.114669075465595,1,8,1.04099546127503,0,1,10,0,-7281.90448564171,-6882.63613394279,-399.268351698919
2181,1.35071740453626,1.26637276983675,0,0,0.025,0.0506523028199303,0,0.0960833273825779,0.109020991061254,1,8,1.04412161510079,0,1,10,0,-7280.04814573996,-6881.36758070594,-398.680565034017
2186,1.35071740453626,1.26637276983675,0,0,0.025,0.0506523028199303,0,0.0960833273825779,0.109020991061254,1,8,1.04412161510079,0,1,10,0,-7280.88225947299,-6883.29727182394,-397.584987649044
2191,1.3274241177708,1.26637276983675,0,0,0.025,0.0506523028199303,0,0.0960833273825779,0.109020991061254,1,8,1.04412161510079,0,1,10,0,-7280.71079845245,-6883.17233081904,-397.538467633409
2196,1.3274241177708,1.26637276983675,0,0,0.025,0.0504546543075487,0,0.0960833273825779,0.112779392789727,1,8,1.04412161510079,0,1,10,0,-7284.62949479997,-6884.25164096339,-400.377853836572
2201,1.3274241177708,1.26637276983675,0,0,0.025,0.0504570481905205,0,0.0960833273825779,0.112779392789727,1,8,1.04412161510079,0,1,10,0,-7284.91495025512,-6884.91786891407,-399.997081341054
2206,1.3274241177708,1.26637276983675,0,0,0.025,0.0504570481905205,0,0.0960833273825779,0.112779392789727,1,8,1.04412161510079,0,1,10,0,-7284.91495025512,-6884.91786891407,-399.997081341054
2211,1.3274241177708,1.26637276983675,0,0,0.025,0.0504570481905205,0,0.0960833273825779,0.112779392789727,1,8,1.04412161510079,0,1,10,0,-7284.04828105223,-6885.2675950355,-398.78068601673
2216,1.3274241177708,1.26637276983675,0,0,0.025,0.0504570481905205,0,0.0960833273825779,0.112779392789727,1,8,1.04412161510079,0,1,10,0,-7291.23773873461,-6889.31958416764,-401.918154566963
2221,1.3274241177708,1.26637276983675,0,0,0.025,0.0504570481905205,0,0.0960833273825779,0.112779392789727,1,8,1.04412161510079,0,1,10,0,-7298.31679417602,-6892.04810364147,-406.268690534545
2226,1.3274241177708,1.26637276983675,0,0,0.025,0.0504570481905205,0,0.0960833273825779,0.112779392789727,1,8,1.04197835414767,0,1,10,0,-7300.32056151417,-6894.05187097963,-406.268690534545
2231,1.3274241177708,1.26637276983675,0,0,0.025,0.0504570481905205,0,0.0960833273825779,0.117385889490786,1,8,1.04197835414767,0,1,10,0,-7298.11555693864,-6894.83958662717,-403.275970311461
2236,1.3274241177708,1.31615086609027,0,0,0.025,0.0504570481905205,0,0.0960833273825779,0.117385889490786,1,8,1.04197835414767,0,1,10,0,-7296.43831648222,-6893.25563410518,-403.182682377038
2241,1.3274241177708,1.31615086609027,0,0,0.025,0.0504570481905205,0,0.0960833273825779,0.117746214363641,1,8,1.04197835414767,0,1,10,0,-7296.45789374492,-6893.27521136788,-403.182682377038
2246,1.3274241177708,1.31615086609027,0,0,0.025,0.0504570481905205,0,0.0960833273825779,0.117746214363641,1,8,1.04197835414767,0,1,10,0,-7296.51958951463,-6892.78016278616,-403.739426728475
2251,1.3274241177708,1.31615086609027,0,0,0.025,0.0504570481905205,0,0.0960833273825779,0.117746214363641,1,8,1.04197835414767,0,1,10,0,-7292.87334554878,-6890.62557369708,-402.247771851697
2256,1.3274241177708,1.31615086609027,0,0,0.025,0.0504570481905205,0,0.0960833273825779,0.117746214363641,1,8,1.04197835414767,0,1,10,0,-7296.03160533202,-6892.01397527505,-404.017630056972
2261,1.3455123516373,1.31615086609027,0,0,0.025,0.0504570481905205,0,0.0960833273825779,0.117746214363641,1,8,1.04197835414767,0,1,10,0,-7288.13809375606,-6886.16268452828,-401.975409227779
2266,1.3455123516373,1.31615086609027,0,0,0.025,0.0504570481905205,0,0.0960833273825779,0.117746214363641,1,8,1.04197835414767,0,1,10,0,-7288.55320612035,-6886.47921606389,-402.073990056451
2271,1.3455123516373,1.21675504291128,0,0,0.025,0.0504570481905205,0,0.0960833273825779,0.117746214363641,1,8,1.04197835414767,0,1,10,0,-7285.46160229501,-6884.45805365026,-401.00354864475
2276,1.3455123516373,1.21675504291128,0,0,0.025,0.0504570481905205,0,0.0960833273825779,0.117746214363641,1,8,1.04197835414767,0,1,10,0,-7285.46160229501,-6884.45805365026,-401.00354864475
2281,1.3455123516373,1.21675504291128,0,0,0.025,0.0504570481905205,0,0.0960833273825779,0.117746214363641,1,8,1.04197835414767,0,1,10,0,-7283.25548281006,-6883.90018135291,-399.355301457144
2286,1.3455123516373,1.21675504291128,0,0,0.025,0.0504570481905205,0,0.0944690305812526,0.115588791763849,1,8,1.04197835414767,0,1,10,0,-7280.56391363213,-6882.10933046793,-398.454583164203
2291,1.3455123516373,1.21675504291128,0,0,0.025,0.0504570481905205,0,0.0944690305812526,0.115588791763849,1,8,1.04197835414767,0,1,10,0,-7279.20016482433,-6881.29287696367,-397.907287860656
2296,1.3455123516373,1.21675504291128,0,0,0.025,0.0504570481905205,0,0.0944690305812526,0.115588791763849,1,8,1.04197835414767,0,1,10,0,-7279.20016482433,-6881.29287696367,-397.907287860656
2301,1.3455123516373,1.21675504291128,0,0,0.025,0.0504570481905205,0,0.0944690305812526,0.115588791763849,1,8,1.04197835414767,0,1,10,0,-7279.50076794607,-6880.6200309397,-398.88073700637
2306,1.3455123516373,1.21675504291128,0,0,0.025,0.0504570481905205,0,0.0944690305812526,0.115588791763849,1,8,1.04197835414767,0,1,10,0,-7284.75826893308,-6883.19873426845,-401.559534664635
2311,1.3455123516373,1.21675504291128,0,0,0.025,0.0504570481905205,0,0.0944690305812526,0.115588791763849,1,8,1.04197835414767,0,1,10,0,-7280.33687643329,-6878.39656927314,-401.940307160153
2316,1.3455123516373,1.21675504291128,0,0,0.025,0.0504570481905205,0,0.0944690305812526,0.115588791763849,1,8,1.04197835414767,0,1,10,0,-7280.33687643329,-6878.39656927314,-401.940307160153
2321,1.3455123516373,1.21675504291128,0,0,0.025,0.0504570481905205,0,0.0944690305812526,0.117832700768999,1,8,1.04197835414767,0,1,10,0,-7284.16319128374,-6879.4127440557,-404.750447228045
2326,1.3455123516373,1.21675504291128,0,0,0.025,0.0504570481905205,0,0.0944690305812526,0.117832700768999,1,8,1.04197835414767,0,1,10,0,-7279.66887559364,-6878.06504067011,-401.603834923532
2331,1.3455123516373,1.21675504291128,0,0,0.025,0.0504570481905205,0,0.0944690305812526,0.117832700768999,1,8,1.04197835414767,0,1,10,0,-7279.66887559364,-6878.06504067011,-401.603834923532
2336,1.3455123516373,1.21675504291128,0,0,0.025,0.0504570481905205,0,0.0944690305812526,0.117832700768999,1,8,1.04197835414767,0,1,10,0,-7274.45019422102,-6878.68990371452,-395.7602905065
2341,1.3455123516373,1.21675504291128,0,0,0.025,0.0504570481905205,0,0.0929860557051533,0.117832700768999,1,8,1.04506898703019,0,1,10,0,-7275.89257577325,-6878.10023683925,-397.792338933997
2346,1.3455123516373,1.21675504291128,0,0,0.025,0.0504570481905205,0,0.0929860557051533,0.117832700768999,1,8,1.04506898703019,0,1,10,0,-7276.45522935321,-6880.29702094424,-396.158208408973
2351,1.3455123516373,1.21675504291128,0,0,0.025,0.0504570481905205,0,0.0929860557051533,0.117832700768999,1,8,1.04506898703019,0,1,10,0,-7280.19400574525,-6881.26320861404,-398.930797131213
2356,1.3455123516373,1.21675504291128,0,0,0.025,0.0504570481905205,0,0.0929860557051533,0.117832700768999,1,8,1.04506898703019,0,1,10,0,-7279.37268881081,-6882.92124910673,-396.451439704087
2361,1.3455123516373,1.16625040878275,0,0,0.025,0.0504570481905205,0,0.0929860557051533,0.117832700768999,1,8,1.04506898703019,0,1,10,0,-7283.00771640049,-6884.97215659195,-398.035559808536
2366,1.3455123516373,1.16625040878275,0,0,0.025,0.0504570481905205,0,0.0929860557051533,0.117981888879112,1,8,1.04506898703019,0,1,10,0,-7286.59244243286,-6885.78429390209,-400.808148530776
2371,1.3455123516373,1.16625040878275,0,0,0.025,0.0504570481905205,0,0.0929860557051533,0.117981888879112,1,8,1.04506898703019,0,1,10,0,-7291.32379088405,-6885.69862449814,-405.625166385912
2376,1.3455123516373,1.16625040878275,0,0,0.025,0.0504570481905205,0,0.0929860557051533,0.117981888879112,1,8,1.04506898703019,0,1,10,0,-7291.32379088405,-6885.69862449814,-405.625166385912
2381,1.3455123516373,1.15830591017644,0,0,0.025,0.0504570481905205,0,0.0929860557051533,0.117981888879112,1,8,1.04506898703019,0,1,10,0,-7288.36389195011,-6885.51131428644,-402.852577663673
2386,1.3455123516373,1.15830591017644,0,0,0.025,0.0504570481905205,0,0.0929860557051533,0.117981888879112,1,8,1.04506898703019,0,1,10,0,-7286.68394924738,-6885.2717331661,-401.412216081282
2391,1.35598009283222,1.15830591017644,0,0,0.025,0.0504570481905205,0,0.0929860557051533,0.117981888879112,1,8,1.04506898703019,0,1,10,0,-7282.34958607727,-6882.77564948085,-399.57393659642
2396,1.35598009283222,1.15830591017644,0,0,0.025,0.0504570481905205,0,0.0929860557051533,0.119484532015059,1,8,1.04506898703019,0,1,10,0,-7283.72055686708,-6885.57458732818,-398.145969538899
2401,1.35598009283222,1.15830591017644,0,0,0.025,0.0504570481905205,0,0.0931284387399447,0.119484532015059,1,8,1.04506898703019,0,1,10,0,-7277.33591405679,-6883.25897127213,-394.076942784661
2406,1.37256306237395,1.15830591017644,0,0,0.025,0.0504570481905205,0,0.0931284387399447,0.119484532015059,1,8,1.04506898703019,0,1,10,0,-7274.5474772498,-6880.47053446514,-394.076942784661
2411,1.37256306237395,1.15830591017644,0,0,0.025,0.0504570481905205,0,0.0931284387399447,0.119484532015059,1,8,1.04506898703019,0,1,10,0,-7277.71617637989,-6879.85324516859,-397.862931211304
2416,1.3776916055019,1.15830591017644,0,0,0.025,0.0504570481905205,0,0.0931284387399447,0.119484532015059,1,8,1.05691298669183,0,1,10,0,-7277.97382185283,-6880.11089064153,-397.862931211304
2421,1.3776916055019,1.15830591017644,0,0,0.025,0.0504570481905205,0,0.0931284387399447,0.119484532015059,1,8,1.05691298669183,0,1,10,0,-7278.67636282729,-6882.25379319838,-396.422569628914
2426,1.3776916055019,1.15830591017644,0,0,0.025,0.0504570481905205,0,0.0931284387399447,0.119484532015059,1,8,1.05691298669183,0,1,10,0,-7282.54638213181,-6883.84370026575,-398.702681866056
2431,1.3776916055019,1.15830591017644,0,0,0.025,0.0504570481905205,0,0.0931284387399447,0.119484532015059,1,8,1.05691298669183,0,1,10,0,-7281.49788694768,-6881.97023695479,-399.527649992886
2436,1.3776916055019,1.18133366377802,0,0,0.025,0.0504570481905205,0,0.0931284387399447,0.119484532015059,1,8,1.05691298669183,0,1,10,0,-7283.1271301497,-6882.15911857442,-400.968011575276
2441,1.3776916055019,1.18133366377802,0,0,0.025,0.0504570481905205,0,0.0931284387399447,0.119484532015059,1,8,1.05691298669183,0,1,10,0,-7285.03516598574,-6885.70128493549,-399.333881050251
2446,1.3776916055019,1.17585841939703,0,0,0.025,0.0504570481905205,0,0.0931284387399447,0.119484532015059,1,8,1.05691298669183,0,1,10,0,-7283.93087867106,-6884.79001630217,-399.140862368887
2451,1.3776916055019,1.17585841939703,0,0,0.025,0.0504570481905205,0,0.0931284387399447,0.119484532015059,1,8,1.05691298669183,0,1,10,0,-7280.56564776398,-6884.25624840057,-396.309399363411
2456,1.3776916055019,1.17585841939703,0,0,0.025,0.0504570481905205,0,0.0931284387399447,0.119484532015059,1,8,1.05691298669183,0,1,10,0,-7280.49629389715,-6883.31142579639,-397.184868100765
2461,1.35745766868646,1.2030966609482,0,0,0.025,0.0504570481905205,0,0.0931284387399447,0.119484532015059,1,8,1.05691298669183,0,1,10,0,-7279.89424924423,-6882.70938114347,-397.184868100765
2466,1.35745766868646,1.2030966609482,0,0,0.025,0.0514252256999175,0,0.0931284387399447,0.119484532015059,1,8,1.05691298669183,0,1,10,0,-7279.39781342085,-6882.21294532009,-397.184868100765
2471,1.35745766868646,1.2030966609482,0,0,0.025,0.0514252256999175,0,0.0931284387399447,0.119484532015059,1,8,1.05691298669183,0,1,10,0,-7277.1359827263,-6881.48978346708,-395.646199259219
2476,1.35745766868646,1.2030966609482,0,0,0.025,0.0514252256999175,0,0.0931284387399447,0.119484532015059,1,8,1.05691298669183,0,1,10,0,-7278.62587468903,-6881.23670612475,-397.389168564278
2481,1.35745766868646,1.2030966609482,0,0,0.025,0.0514252256999175,0,0.0931284387399447,0.119484532015059,1,8,1.05691298669183,0,1,10,0,-7279.03084686747,-6880.97838408578,-398.052462781688
2486,1.38701976266993,1.2030966609482,0,0,0.025,0.0514252256999175,0,0.0931284387399447,0.119484532015059,1,8,1.05691298669183,0,1,10,0,-7279.47069221639,-6881.4182294347,-398.052462781688
2491,1.38701976266993,1.2030966609482,0,0,0.025,0.0514252256999175,0,0.0931284387399447,0.119484532015059,1,8,1.05691298669183,0,1,10,0,-7279.43809251241,-6883.08506333539,-396.353029177021
2496,1.38701976266993,1.2030966609482,0,0,0.025,0.0514252256999175,0,0.0931284387399447,0.119484532015059,1,8,1.05691298669183,0,1,10,0,-7277.52442297452,-6883.09320639497,-394.431216579545
2501,1.38701976266993,1.2030966609482,0,0,0.025,0.0514252256999175,0,0.0931284387399447,0.119484532015059,1,8,1.05691298669183,0,1,10,0,-7277.52442297452,-6883.09320639497,-394.431216579545
2506,1.38701976266993,1.2030966609482,0,0,0.025,0.0514252256999175,0,0.0931284387399447,0.119484532015059,1,8,1.05691298669183,0,1,10,0,-7272.83225476547,-6880.28918950083,-392.543065264642
2511,1.38701976266993,1.2030966609482,0,0,0.025,0.0514252256999175,0,0.0931284387399447,0.119484532015059,1,8,1.05691298669183,0,1,10,0,-7272.83225476547,-6880.28918950083,-392.543065264642
2516,1.38701976266993,1.2030966609482,0,0,0.025,0.0514252256999175,0,0.0931284387399447,0.119484532015059,1,8,1.05691298669183,0,1,10,0,-7276.2433326427,-6884.63488035206,-391.608452290642
2521,1.38701976266993,1.2030966609482,0,0,0.025,0.0514252256999175,0,0.0931284387399447,0.119484532015059,1,8,1.05691298669183,0,1,10,0,-7285.85227898816,-6885.17613192888,-400.676147059275
2526,1.38701976266993,1.2030966609482,0,0,0.025,0.0514252256999175,0,0.0931284387399447,0.119484532015059,1,8,1.05691298669183,0,1,10,0,-7279.19038060031,-6881.28990392982,-397.900476670498
2531,1.38701976266993,1.2030966609482,0,0,0.025,0.0514252256999175,0,0.0931284387399447,0.119484532015059,1,8,1.05691298669183,0,1,10,0,-7274.95612263626,-6879.61514588659,-395.340976749666
2536,1.38701976266993,1.2030966609482,0,0,0.025,0.0514252256999175,0,0.0931284387399447,0.119484532015059,1,8,1.05691298669183,0,1,10,0,-7275.26096152669,-6882.2948905316,-392.966070995092
2541,1.38701976266993,1.2030966609482,0,0,0.025,0.0514252256999175,0,0.0931284387399447,0.119484532015059,1,8,1.05691298669183,0,1,10,0,-7278.14811805764,-6884.3868100152,-393.761308042442
2546,1.38701976266993,1.2030966609482,0,0,0.025,0.0514252256999175,0,0.0931284387399447,0.119484532015059,1,8,1.05691298669183,0,1,10,0,-7283.21845290189,-6886.70452459458,-396.51392830731
2551,1.38701976266993,1.2030966609482,0,0,0.025,0.0514252256999175,0,0.0931284387399447,0.119484532015059,1,8,1.05691298669183,0,1,10,0,-7282.3369398371,-6883.53705326123,-398.799886575867
2556,1.38701976266993,1.2030966609482,0,0,0.025,0.0514252256999175,0,0.0931284387399447,0.119484532015059,1,8,1.05691298669183,0,1,10,0,-7281.01601373639,-6883.7077820373,-397.308231699089
2561,1.38701976266993,1.18412671032036,0,0,0.025,0.0514252256999175,0,0.0931284387399447,0.119484532015059,1,8,1.05691298669183,0,1,10,0,-7280.39098469311,-6882.993805508,-397.397179185106
2566,1.38701976266993,1.18412671032036,0,0,0.025,0.0514252256999175,0,0.0931284387399447,0.119484532015059,1,8,1.05691298669183,0,1,10,0,-7274.36540520813,-6878.59933223494,-395.766072973193
2571,1.38701976266993,1.17978928366866,0,0,0.025,0.0514252256999175,0,0.0931284387399447,0.119484532015059,1,8,1.05691298669183,0,1,10,0,-7275.35288510848,-6878.03664363131,-397.316241477169
2576,1.38701976266993,1.17978928366866,0,0,0.025,0.0514252256999175,0,0.0931284387399447,0.119484532015059,1,8,1.05691298669183,0,1,10,0,-7279.28771811507,-6879.84324493206,-399.444473183018
2581,1.38701976266993,1.23963816812082,0,0,0.025,0.0514252256999175,0,0.0931284387399447,0.119484532015059,1,8,1.05691298669183,0,1,10,0,-7277.40354168895,-6875.56363325898,-401.839908429976
2586,1.38701976266993,1.23963816812082,0,0,0.025,0.0514252256999175,0,0.0931284387399447,0.135224391236709,1,8,1.05691298669183,0,1,10,0,-7274.31846924036,-6875.33434112351,-398.984128116849
2591,1.38701976266993,1.23963816812082,0,0,0.025,0.0514252256999175,0,0.0931284387399447,0.135224391236709,1,8,1.05691298669183,0,1,10,0,-7281.24802330121,-6876.8528743279,-404.39514897331
2596,1.38701976266993,1.23963816812082,0,0,0.025,0.0514252256999175,0,0.0931284387399447,0.135224391236709,1,8,1.05691298669183,0,1,10,0,-7278.22055212105,-6873.30659619634,-404.913955924707
2601,1.38701976266993,1.23963816812082,0,0,0.025,0.0514252256999175,0,0.0931284387399447,0.135224391236709,1,8,1.05691298669183,0,1,10,0,-7273.73669253253,-6871.1863575914,-402.550334941127
2606,1.38701976266993,1.23963816812082,0,0,0.025,0.0514252256999175,0,0.0931284387399447,0.135224391236709,1,8,1.05691298669183,0,1,10,0,-7274.78563958694,-6870.79494306342,-403.990696523517
2611,1.38701976266993,1.23963816812082,0,0,0.025,0.0514252256999175,0,0.0931284387399447,0.127438914611679,1,8,1.05691298669183,0,1,10,0,-7271.15010907663,-6866.71732951927,-404.432779557364
2616,1.38701976266993,1.23963816812082,0,0,0.025,0.0514252256999175,0,0.0931284387399447,0.127438914611679,1,8,1.05691298669183,0,1,10,0,-7266.84493880387,-6865.16085364855,-401.684085155323
2621,1.38701976266993,1.23963816812082,0,0,0.025,0.0514252256999175,0,0.0931284387399447,0.127438914611679,1,8,1.05691298669183,0,1,10,0,-7271.78715770102,-6868.86338165877,-402.923776042251
2626,1.38701976266993,1.23963816812082,0,0,0.025,0.0514252256999175,0,0.0931284387399447,0.127438914611679,1,8,1.05691298669183,0,1,10,0,-7262.86915840796,-6862.32961088704,-400.539547520918
2631,1.38701976266993,1.23963816812082,0,0,0.025,0.0514252256999175,0,0.0931284387399447,0.125515914741742,1,8,1.05691298669183,0,1,10,0,-7262.39987970084,-6861.86033217992,-400.539547520918
2636,1.38701976266993,1.23963816812082,0,0,0.025,0.0514252256999175,0,0.0931284387399447,0.126271875883432,1,8,1.05691298669183,0,1,10,0,-7265.20841838489,-6867.2402008284,-397.968217556492
2641,1.38701976266993,1.23963816812082,0,0,0.025,0.0514252256999175,0,0.0931284387399447,0.126271875883432,1,8,1.05691298669183,0,1,10,0,-7265.20841838489,-6867.2402008284,-397.968217556492
2646,1.38701976266993,1.23963816812082,0,0,0.025,0.0514252256999175,0,0.0931284387399447,0.122586996375902,1,8,1.05691298669183,0,1,10,0,-7264.70747309555,-6866.73925553906,-397.968217556492
2651,1.34444909314393,1.23963816812082,0,0,0.025,0.0514252256999175,0,0.0931284387399447,0.122586996375902,1,8,1.05691298669183,0,1,10,0,-7265.85882703555,-6863.92843668994,-401.930390345605
2656,1.34444909314393,1.23963816812082,0,0,0.025,0.0514252256999175,0,0.0931284387399447,0.122586996375902,1,8,1.05691298669183,0,1,10,0,-7271.04809707375,-6869.01192171021,-402.036175363541
2661,1.34444909314393,1.29680593667535,0,0,0.025,0.0514252256999175,0,0.0931284387399447,0.122586996375902,1,8,1.05691298669183,0,1,10,0,-7270.446374311,-6868.66151337574,-401.78486093526
2666,1.32313146251248,1.29680593667535,0,0,0.025,0.0514252256999175,0,0.0931284387399447,0.122586996375902,1,8,1.05691298669183,0,1,10,0,-7270.40044690793,-6867.73903556944,-402.661411338485
2671,1.32313146251248,1.34919563683435,0,0,0.025,0.0514252256999175,0,0.0931284387399447,0.122586996375902,1,8,1.05691298669183,0,1,10,0,-7278.65790413238,-6870.08378113623,-408.574122996152
2676,1.32313146251248,1.34919563683435,0,0,0.025,0.0514252256999175,0,0.0931284387399447,0.122586996375902,1,8,1.05691298669183,0,1,10,0,-7276.89345741702,-6869.42221110833,-407.471246308698
2681,1.32313146251248,1.34919563683435,0,0,0.025,0.0514252256999175,0,0.0931284387399447,0.122586996375902,1,8,1.05691298669183,0,1,10,0,-7274.43532949664,-6865.03879232609,-409.39653717055
2686,1.32313146251248,1.24380325031762,0,0,0.025,0.0514252256999175,0,0.0931284387399447,0.122586996375902,1,8,1.05691298669183,0,1,10,0,-7277.24296343846,-6866.20739399072,-411.035569447736
2691,1.32313146251248,1.24380325031762,0,0,0.025,0.0514252256999175,0,0.0931284387399447,0.120852039070684,1,8,1.05691298669183,0,1,10,0,-7270.33154709194,-6862.87949658266,-407.45205050928
2696,1.32313146251248,1.24380325031762,0,0,0.025,0.0514252256999175,0,0.0931284387399447,0.120852039070684,1,8,1.05691298669183,0,1,10,0,-7271.17350131902,-6862.25719490715,-408.916306411869
2701,1.32313146251248,1.24380325031762,0,0,0.025,0.0514252256999175,0,0.0931284387399447,0.120852039070684,1,8,1.05691298669183,0,1,10,0,-7271.81777043624,-6862.23831255551,-409.579457880732
2706,1.32313146251248,1.24380325031762,0,0,0.025,0.0514252256999175,0,0.0931284387399447,0.120852039070684,1,8,1.05691298669183,0,1,10,0,-7271.81777043624,-6862.23831255551,-409.579457880732
2711,1.32313146251248,1.24380325031762,0,0,0.025,0.0514252256999175,0,0.0931284387399447,0.120852039070684,1,8,1.05691298669183,0,1,10,0,-7274.72037337291,-6865.11801372789,-409.602359645019
2716,1.32313146251248,1.31434816039371,0,0,0.025,0.0530095298988188,0,0.0931284387399447,0.120852039070684,1,8,1.05691298669183,0,1,10,0,-7281.90125714521,-6869.8350442596,-412.066212885609
2721,1.32313146251248,1.31434816039371,0,0,0.025,0.0530095298988188,0,0.0931284387399447,0.120852039070684,1,8,1.05691298669183,0,1,10,0,-7281.08495919961,-6870.18881756665,-410.896141632959
2726,1.32313146251248,1.31434816039371,0,0,0.025,0.0530095298988188,0,0.0931284387399447,0.120852039070684,1,8,1.05691298669183,0,1,10,0,-7279.78820577223,-6869.93588057063,-409.852325201599
2731,1.32313146251248,1.31434816039371,0,0,0.025,0.0530095298988188,0,0.0931284387399447,0.120852039070684,1,8,1.05691298669183,0,1,10,0,-7277.55996209365,-6868.98857073751,-408.571391356137
2736,1.32313146251248,1.31434816039371,0,0,0.025,0.0530095298988188,0,0.0931284387399447,0.120852039070684,1,8,1.05691298669183,0,1,10,0,-7276.75736853534,-6868.89587517019,-407.861493365152
2741,1.32313146251248,1.31434816039371,0,0,0.025,0.0530095298988188,0,0.0931284387399447,0.120852039070684,1,8,1.05691298669183,0,1,10,0,-7275.53373435895,-6871.29212757642,-404.241606782525
2746,1.32313146251248,1.31434816039371,0,0,0.025,0.0530095298988188,0,0.0931284387399447,0.122927771322492,1,8,1.05691298669183,0,1,10,0,-7267.6093252324,-6866.0722903866,-401.537034845799
2751,1.32313146251248,1.31434816039371,0,0,0.025,0.0530095298988188,0,0.0931284387399447,0.122927771322492,1,8,1.05691298669183,0,1,10,0,-7269.38994471482,-6869.24268249452,-400.147262220303
2756,1.32263219242293,1.31434816039371,0,0,0.025,0.0530095298988188,0,0.0931284387399447,0.120381200350287,1,8,1.05691298669183,0,1,10,0,-7274.96254725031,-6869.71052325758,-405.252023992722
2761,1.32263219242293,1.31434816039371,0,0,0.025,0.0530095298988188,0,0.0931284387399447,0.120381200350287,1,8,1.05691298669183,0,1,10,0,-7274.15076155516,-6870.33909914483,-403.811662410332
2766,1.32659225579954,1.31434816039371,0,0,0.025,0.0530095298988188,0,0.0931284387399447,0.120381200350287,1,8,1.05691298669183,0,1,10,0,-7275.48195840097,-6870.22993440825,-405.252023992722
2771,1.32659225579954,1.31434816039371,0,0,0.025,0.0530095298988188,0,0.0916565653515127,0.120381200350287,1,8,1.05691298669183,0,1,10,0,-7277.0600670334,-6869.41014776788,-407.649919265521
2776,1.32659225579954,1.31434816039371,0,0,0.025,0.0530095298988188,0,0.0916565653515127,0.120381200350287,1,8,1.05691298669183,0,1,10,0,-7274.99887671939,-6868.98308797889,-406.015788740496
2781,1.32659225579954,1.31434816039371,0,0,0.025,0.0530095298988188,0,0.0916565653515127,0.120381200350287,1,8,1.05691298669183,0,1,10,0,-7278.67799522056,-6871.02807595504,-407.649919265521
2786,1.32659225579954,1.31434816039371,0,0,0.025,0.0530095298988188,0,0.0916565653515127,0.120381200350287,1,8,1.05691298669183,0,1,10,0,-7278.67799522056,-6871.02807595504,-407.649919265521
2791,1.32659225579954,1.31434816039371,0,0,0.025,0.0530095298988188,0,0.0923857357670427,0.12059442691189,1,8,1.05691298669183,0,1,10,0,-7278.49277207634,-6870.32305851707,-408.169713559269
2796,1.3445532814174,1.25920566927584,0,0,0.025,0.0530095298988188,0,0.0923857357670427,0.12059442691189,1,8,1.05691298669183,0,1,10,0,-7276.04335265916,-6869.28525126899,-406.758101390165
2801,1.3445532814174,1.25920566927584,0,0,0.025,0.0530095298988188,0,0.0923857357670427,0.12059442691189,1,8,1.05691298669183,0,1,10,0,-7277.59640880868,-6870.52463391057,-407.071774898111
2806,1.3445532814174,1.25920566927584,0,0,0.025,0.0530095298988188,0,0.0923857357670427,0.12059442691189,1,8,1.05691298669183,0,1,10,0,-7277.37089257379,-6872.79132362795,-404.579568945841
2811,1.3445532814174,1.25920566927584,0,0,0.025,0.0530095298988188,0,0.0923857357670427,0.12059442691189,1,8,1.05691298669183,0,1,10,0,-7277.37089257379,-6872.79132362795,-404.579568945841
2816,1.3445532814174,1.25920566927584,0,0,0.025,0.0530095298988188,0,0.0923857357670427,0.12059442691189,1,8,1.05691298669183,0,1,10,0,-7276.32442459989,-6874.14275092685,-402.181673673043
2821,1.3445532814174,1.25920566927584,0,0,0.025,0.0530095298988188,0,0.0923857357670427,0.12059442691189,1,8,1.05691298669183,0,1,10,0,-7278.7675575074,-6873.51144713425,-405.256110373153
2826,1.3445532814174,1.25920566927584,0,0,0.025,0.0530095298988188,0,0.0923857357670427,0.12059442691189,1,8,1.05691298669183,0,1,10,0,-7278.7675575074,-6873.51144713425,-405.256110373153
2831,1.3445532814174,1.25920566927584,0,0,0.025,0.0530095298988188,0,0.0923857357670427,0.12059442691189,1,8,1.05691298669183,0,1,10,0,-7279.40813487516,-6872.91233361508,-406.495801260081
2836,1.3445532814174,1.25920566927584,0,0,0.025,0.0530095298988188,0,0.0923857357670427,0.12059442691189,1,8,1.05691298669183,0,1,10,0,-7268.70024126398,-6868.45904274169,-400.24119852229
2841,1.3445532814174,1.21385560519722,0,0,0.025,0.0530095298988188,0,0.0923857357670427,0.12059442691189,1,8,1.05691298669183,0,1,10,0,-7269.56343315479,-6869.3222346325,-400.24119852229
2846,1.3445532814174,1.21385560519722,0,0,0.025,0.0530095298988188,0,0.0923857357670427,0.12059442691189,1,8,1.05691298669183,0,1,10,0,-7269.56343315479,-6869.3222346325,-400.24119852229
2851,1.3445532814174,1.29324596934551,0,0,0.025,0.0530095298988188,0,0.0923857357670427,0.12059442691189,1,8,1.05691298669183,0,1,10,0,-7269.83346606234,-6869.03888230186,-400.794583760475
2856,1.3445532814174,1.25873871716936,0,0,0.025,0.0530095298988188,0,0.0923857357670427,0.12059442691189,1,8,1.05691298669183,0,1,10,0,-7271.93138742316,-6872.72092376713,-399.210463656025
2861,1.3445532814174,1.25873871716936,0,0,0.025,0.0530095298988188,0,0.0923857357670427,0.12059442691189,1,8,1.05691298669183,0,1,10,0,-7271.43781978554,-6869.20287444267,-402.234945342865
2866,1.3815650143592,1.25873871716936,0,0,0.025,0.0530095298988188,0,0.0923857357670427,0.12059442691189,1,8,1.05691298669183,0,1,10,0,-7270.98219421591,-6868.41077663643,-402.571417579486
2871,1.3815650143592,1.25873871716936,0,0,0.025,0.0565233546806959,0,0.0923857357670427,0.12059442691189,1,8,1.05691298669183,0,1,10,0,-7270.791210675,-6868.21979309552,-402.571417579486
2876,1.3815650143592,1.25873871716936,0,0,0.025,0.0565233546806959,0,0.0923857357670427,0.12059442691189,1,8,1.05691298669183,0,1,10,0,-7272.68914478305,-6868.20121602936,-404.487928753686
2881,1.3815650143592,1.25873871716936,0,0,0.025,0.0565233546806959,0,0.0923857357670427,0.12059442691189,1,8,1.05691298669183,0,1,10,0,-7271.4970409579,-6866.95504498294,-404.541995974957
2886,1.3815650143592,1.25873871716936,0,0,0.025,0.0565233546806959,0,0.0931995966089221,0.12059442691189,1,8,1.05691298669183,0,1,10,0,-7270.96910785651,-6867.66680276848,-403.302305088029
2891,1.39488757646146,1.25873871716936,0,0,0.025,0.0565233546806959,0,0.0931995966089221,0.118540294393658,1,8,1.05062074982158,0,1,10,0,-7271.68575200193,-6867.19782324825,-404.487928753686
2896,1.39488757646146,1.25873871716936,0,0,0.025,0.0565233546806959,0,0.0931995966089221,0.118540294393658,1,8,1.05062074982158,0,1,10,0,-7272.79789868105,-6865.84611668677,-406.951781994277
2901,1.39488757646146,1.25873871716936,0,0,0.025,0.0565233546806959,0,0.0931995966089221,0.118540294393658,1,8,1.05062074982158,0,1,10,0,-7272.79789868105,-6865.84611668677,-406.951781994277
2906,1.39488757646146,1.25873871716936,0,0,0.025,0.0565233546806959,0,0.0931995966089221,0.118540294393658,1,8,1.05062074982158,0,1,10,0,-7271.20771305802,-6865.4415547294,-405.766158328619
2911,1.39488757646146,1.25873871716936,0,0,0.025,0.0565233546806959,0,0.0931995966089221,0.118540294393658,1,8,1.05062074982158,0,1,10,0,-7274.82966550526,-6866.91294562531,-407.916719879952
2916,1.39488757646146,1.25873871716936,0,0,0.025,0.0565233546806959,0,0.0931995966089221,0.118540294393658,1,8,1.05062074982158,0,1,10,0,-7274.90068572175,-6869.44781908238,-405.452866639362
2921,1.39488757646146,1.25873871716936,0,0,0.025,0.0565233546806959,0,0.0931995966089221,0.118540294393658,1,8,1.05062074982158,0,1,10,0,-7275.29795147747,-6868.71907357525,-406.578877902218
2926,1.39488757646146,1.25873871716936,0,0,0.025,0.0565233546806959,0,0.0931995966089221,0.118540294393658,1,8,1.05062074982158,0,1,10,0,-7278.54867337001,-6873.95280580935,-404.595867560659
2931,1.39488757646146,1.25343723280056,0,0,0.025,0.0565233546806959,0,0.0931995966089221,0.118540294393658,1,8,1.05062074982158,0,1,10,0,-7282.53524746862,-6875.10676698422,-407.428480484403
2936,1.39957687628908,1.25343723280056,0,0,0.025,0.0565233546806959,0,0.0931995966089221,0.118540294393658,1,8,1.05062074982158,0,1,10,0,-7284.68697806602,-6877.87545562382,-406.811522442201
2941,1.39957687628908,1.17392099908714,0,0,0.025,0.0559884222390921,0,0.0931995966089221,0.118540294393658,1,8,1.05062074982158,0,1,10,0,-7280.50437492733,-6872.81738374778,-407.686991179555
2946,1.39957687628908,1.17392099908714,0,0,0.025,0.0559884222390921,0,0.0931995966089221,0.118540294393658,1,8,1.05062074982158,0,1,10,0,-7279.86449939424,-6872.35713071451,-407.50736867973
2951,1.39957687628908,1.17392099908714,0,0,0.025,0.0559884222390921,0,0.0931995966089221,0.118540294393658,1,8,1.05062074982158,0,1,10,0,-7280.92033408075,-6870.20163678179,-410.718697298963
2956,1.39957687628908,1.22797225782571,0,0,0.025,0.0559884222390921,0,0.0931995966089221,0.118540294393658,1,8,1.05062074982158,0,1,10,0,-7278.13358728854,-6871.69885541108,-406.434731877465
2961,1.39957687628908,1.22797225782571,0,0,0.025,0.0559488163356037,0,0.0931995966089221,0.118540294393658,1,8,1.05062074982158,0,1,10,0,-7283.3576525504,-6874.7150628393,-408.642589711103
2966,1.39957687628908,1.22797225782571,0,0,0.025,0.0559488163356037,0,0.0931995966089221,0.118540294393658,1,8,1.05062074982158,0,1,10,0,-7281.12742953229,-6874.22780912625,-406.899620406044
2971,1.39957687628908,1.22797225782571,0,0,0.025,0.0559488163356037,0,0.0931995966089221,0.118540294393658,1,8,1.05062074982158,0,1,10,0,-7281.0340590462,-6874.71274656111,-406.321312485096
2976,1.39957687628908,1.22797225782571,0,0,0.025,0.0559488163356037,0,0.0931485812154149,0.118540294393658,1,8,1.05062074982158,0,1,10,0,-7279.96223790761,-6875.22711648525,-404.735121422361
2981,1.39957687628908,1.22797225782571,0,0,0.025,0.0559488163356037,0,0.0931485812154149,0.121213483602272,1,8,1.05062074982158,0,1,10,0,-7278.97525865136,-6876.56667556301,-402.408583088345
2986,1.39957687628908,1.22797225782571,0,0,0.025,0.0559488163356037,0,0.0931485812154149,0.121213483602272,1,8,1.05062074982158,0,1,10,0,-7281.55923254528,-6877.02241775109,-404.536814794194
2991,1.39957687628908,1.16804166340336,0,0,0.025,0.0559488163356037,0,0.0931485812154149,0.123270846389596,1,8,1.08060116471293,0,1,10,0,-7281.88759616019,-6877.11006266987,-404.77753349033
2996,1.39957687628908,1.16804166340336,0,0,0.025,0.0559488163356037,0,0.0943286330122538,0.113605333397016,1,8,1.08060116471293,0,1,10,0,-7283.44143942255,-6877.17225105545,-406.269188367107
3001,1.39957687628908,1.16804166340336,0,0,0.025,0.0559488163356037,0,0.0943286330122538,0.113605333397016,1,8,1.08060116471293,0,1,10,0,-7283.85511007802,-6875.57101869037,-408.284091387649
3006,1.39957687628908,1.16804166340336,0,0,0.025,0.0559488163356037,0,0.0943286330122538,0.116740522765383,1,8,1.08060116471293,0,1,10,0,-7283.60416940113,-6876.28515890952,-407.319010491606
3011,1.39957687628908,1.19200861588991,0,0,0.025,0.0559488163356037,0,0.0943286330122538,0.116740522765383,1,8,1.08060116471293,0,1,10,0,-7295.08323061869,-6879.90188105693,-415.181349561758
3016,1.39957687628908,1.19200861588991,0,0,0.025,0.0559488163356037,0,0.0943286330122538,0.116740522765383,1,8,1.03638204807444,0,1,10,0,-7286.50327261915,-6874.1489191601,-412.35435345905
3021,1.39957687628908,1.19200861588991,0,0,0.025,0.0561000077965926,0,0.0943286330122538,0.116740522765383,1,8,1.03638204807444,0,1,10,0,-7291.460900939,-6874.49368128987,-416.967219649126
3026,1.41089780855312,1.19200861588991,0,0,0.025,0.0561000077965926,0,0.0943286330122538,0.116740522765383,1,8,1.03638204807444,0,1,10,0,-7289.95396478266,-6874.96330324776,-414.990661534892
3031,1.41089780855312,1.19200861588991,0,0,0.025,0.0561000077965926,0,0.0943286330122538,0.116740522765383,1,8,1.03638204807444,0,1,10,0,-7284.32785692625,-6875.0697272793,-409.25812964695
3036,1.41089780855312,1.19200861588991,0,0,0.025,0.0561000077965926,0,0.0943286330122538,0.116740522765383,1,8,1.03638204807444,0,1,10,0,-7286.49915783613,-6875.87627091321,-410.622886922925
3041,1.41089780855312,1.19200861588991,0,0,0.025,0.0561000077965926,0,0.0943286330122538,0.116740522765383,1,8,1.03638204807444,0,1,10,0,-7282.49835902827,-6878.49540100132,-404.002958026951
3046,1.41089780855312,1.18538000256691,0,0,0.025,0.0561000077965926,0,0.0943286330122538,0.116740522765383,1,8,1.03638204807444,0,1,10,0,-7282.04971747684,-6879.10198163365,-402.947735843187
3051,1.41089780855312,1.18538000256691,0,0,0.025,0.0561000077965926,0,0.0943286330122538,0.116740522765383,1,8,1.03638204807444,0,1,10,0,-7284.82919099941,-6879.17340495512,-405.655786044289
3056,1.41089780855312,1.18538000256691,0,0,0.025,0.0573683214526167,0,0.0943286330122538,0.116740522765383,1,8,1.03638204807444,0,1,10,0,-7285.89810500296,-6880.24231895867,-405.655786044289
3061,1.41089780855312,1.18538000256691,0,0,0.025,0.0573683214526167,0,0.0943286330122538,0.117682621592004,1,8,1.03638204807444,0,1,10,0,-7285.66763350118,-6877.27619343299,-408.391440068189
3066,1.41089780855312,1.19313143694317,0,0,0.025,0.0573683214526167,0,0.0943286330122538,0.117682621592004,1,8,1.03638204807444,0,1,10,0,-7286.10913145022,-6875.87941189717,-410.229719553052
3071,1.41089780855312,1.19313143694317,0,0,0.025,0.0573683214526167,0,0.0943286330122538,0.117682621592004,1,8,1.03638204807444,0,1,10,0,-7287.75180421778,-6877.65928578624,-410.092518431538
3076,1.41089780855312,1.19313143694317,0,0,0.025,0.0573683214526167,0,0.0943286330122538,0.117682621592004,1,8,1.03638204807444,0,1,10,0,-7286.48360514258,-6875.8314709231,-410.652134219474
3081,1.41089780855312,1.19313143694317,0,0,0.025,0.0573683214526167,0,0.0943286330122538,0.115466602612176,1,8,1.03638204807444,0,1,10,0,-7286.398334043,-6877.07692433349,-409.321409709509
3086,1.41089780855312,1.19313143694317,0,0,0.025,0.0573683214526167,0,0.0926951087157949,0.119120231152075,1,8,1.03638204807444,0,1,10,0,-7285.77069866126,-6876.44928895175,-409.321409709509
3091,1.41089780855312,1.20988997664754,0,0,0.025,0.0573683214526167,0,0.0926951087157949,0.119120231152075,1,8,1.03638204807444,0,1,10,0,-7285.21557913508,-6877.38582430235,-407.829754832731
3096,1.41089780855312,1.20988997664754,0,0,0.025,0.0573683214526167,0,0.0926951087157949,0.119120231152075,1,8,1.03638204807444,0,1,10,0,-7283.66562503502,-6878.23376547509,-405.431859559933
3101,1.41089780855312,1.20988997664754,0,0,0.025,0.0573683214526167,0,0.0926951087157949,0.119120231152075,1,8,1.03638204807444,0,1,10,0,-7288.89045734564,-6877.04377192457,-411.84668542107
3106,1.41089780855312,1.20988997664754,0,0,0.025,0.0573683214526167,0,0.0926951087157949,0.119120231152075,1,8,1.03638204807444,0,1,10,0,-7290.4878787891,-6878.64119336803,-411.84668542107
3111,1.41089780855312,1.20988997664754,0,0,0.025,0.0573683214526167,0,0.0926951087157949,0.119120231152075,1,8,1.03638204807444,0,1,10,0,-7290.4878787891,-6878.64119336803,-411.84668542107
3116,1.41089780855312,1.20988997664754,0,0,0.025,0.0573683214526167,0,0.0926951087157949,0.120822008221722,1,8,1.03638204807444,0,1,10,0,-7286.95050369887,-6876.5575433152,-410.392960383664
3121,1.41089780855312,1.20988997664754,0,0,0.025,0.0573683214526167,0,0.0926951087157949,0.120822008221722,1,8,1.03638204807444,0,1,10,0,-7290.0340904055,-6877.48936781858,-412.544722586924
3126,1.41089780855312,1.1555898772669,0,0,0.025,0.0573683214526167,0,0.0926951087157949,0.120822008221722,1,8,1.03638204807444,0,1,10,0,-7295.56612973675,-6879.33787773119,-416.228252005565
3131,1.41089780855312,1.1555898772669,0,0,0.025,0.0573683214526167,0,0.0926951087157949,0.120822008221722,1,8,1.03638204807444,0,1,10,0,-7295.2483730615,-6878.29188255557,-416.956490505936
3136,1.41089780855312,1.1555898772669,0,0,0.025,0.0573683214526167,0,0.0926951087157949,0.120822008221722,1,8,1.03638204807444,0,1,10,0,-7292.62089653256,-6876.90409691355,-415.716799619008
3141,1.41089780855312,1.1555898772669,0,0,0.025,0.0573683214526167,0,0.0926951087157949,0.120822008221722,1,8,1.03638204807444,0,1,10,0,-7293.06931694505,-6877.15039314195,-415.918923803098
3146,1.41089780855312,1.1555898772669,0,0,0.025,0.0573683214526167,0,0.0926951087157949,0.120822008221722,1,8,1.03638204807444,0,1,10,0,-7294.41675869571,-6882.52883100097,-411.887927694743
3151,1.41089780855312,1.1555898772669,0,0,0.025,0.0573683214526167,0,0.0926951087157949,0.120822008221722,1,8,1.03638204807444,0,1,10,0,-7293.48745668225,-6881.51599587489,-411.971460807356
3156,1.41089780855312,1.1555898772669,0,0,0.025,0.055389465024638,0,0.0926951087157949,0.120822008221722,1,8,1.03638204807444,0,1,10,0,-7288.94165444276,-6879.45162202082,-409.490032421945
3161,1.41089780855312,1.1555898772669,0,0,0.025,0.055389465024638,0,0.0926951087157949,0.120822008221722,1,8,1.03638204807444,0,1,10,0,-7288.94165444276,-6879.45162202082,-409.490032421945
3166,1.41089780855312,1.1555898772669,0,0,0.025,0.055389465024638,0,0.0926951087157949,0.120822008221722,1,8,1.03638204807444,0,1,10,0,-7288.24137226537,-6880.8997742566,-407.341598008778
3171,1.44622006159903,1.0840064006558,0,0,0.025,0.055389465024638,0,0.0926951087157949,0.120822008221722,1,8,1.03638204807444,0,1,10,0,-7289.60692217028,-6882.2653241615,-407.341598008778
3176,1.44622006159903,1.0840064006558,0,0,0.025,0.055389465024638,0,0.0926951087157949,0.120822008221722,1,8,1.03638204807444,0,1,10,0,-7291.10749254957,-6884.35368120569,-406.753811343876
3181,1.44622006159903,1.0840064006558,0,0,0.025,0.055389465024638,0,0.0926951087157949,0.120822008221722,1,8,1.03638204807444,0,1,10,0,-7290.56014003234,-6882.08664027508,-408.473499757262
3186,1.44622006159903,1.0840064006558,0,0,0.025,0.055389465024638,0,0.0926951087157949,0.120822008221722,1,8,1.03638204807444,0,1,10,0,-7290.56014003234,-6882.08664027508,-408.473499757262
3191,1.44622006159903,1.07056464661651,0,0,0.025,0.055389465024638,0,0.0926951087157949,0.120822008221722,1,8,1.03638204807444,0,1,10,0,-7290.94049374884,-6882.46699399158,-408.473499757262
3196,1.44622006159903,1.07056464661651,0,0,0.025,0.055389465024638,0,0.0926951087157949,0.12041036460418,1,8,1.03638204807444,0,1,10,0,-7292.83746678367,-6884.41426776488,-408.423199018787
3201,1.44622006159903,1.07056464661651,0,0,0.025,0.055389465024638,0,0.0926951087157949,0.12041036460418,1,8,1.03638204807444,0,1,10,0,-7292.1102890019,-6884.16439291484,-407.94589608706
3206,1.44799093570754,1.07056464661651,0,0,0.025,0.055389465024638,0,0.0926951087157949,0.12041036460418,1,8,1.03638204807444,0,1,10,0,-7290.96281026708,-6884.16204648432,-406.800763782757
3211,1.44799093570754,1.07056464661651,0,0,0.025,0.055389465024638,0,0.0926951087157949,0.12041036460418,1,8,1.03638204807444,0,1,10,0,-7291.99772895947,-6884.05183287241,-407.94589608706
3216,1.44799093570754,1.07056464661651,0,0,0.025,0.055389465024638,0,0.0926951087157949,0.12183981452914,1,8,1.03638204807444,0,1,10,0,-7292.27332044712,-6884.32742436006,-407.94589608706
3221,1.44799093570754,1.07056464661651,0,0,0.025,0.055389465024638,0,0.0926951087157949,0.119501585565222,1,8,1.03638204807444,0,1,10,0,-7291.15019321703,-6883.51653322448,-407.633659992552
3226,1.44799093570754,1.07056464661651,0,0,0.025,0.055389465024638,0,0.0926951087157949,0.119501585565222,1,8,1.03638204807444,0,1,10,0,-7290.79112463237,-6884.99574412468,-405.795380507689
3231,1.44799093570754,1.07056464661651,0,0,0.025,0.055389465024638,0,0.0926951087157949,0.119501585565222,1,8,1.03638204807444,0,1,10,0,-7292.61169306896,-6884.97803307641,-407.633659992552
3236,1.44799093570754,1.07056464661651,0,0,0.025,0.0535652118169935,0,0.0926951087157949,0.119501585565222,1,8,1.03638204807444,0,1,10,0,-7294.11346098519,-6888.59001419299,-405.523446792205
3241,1.44799093570754,1.07056464661651,0,0,0.025,0.0535652118169935,0,0.0926951087157949,0.119501585565222,1,8,1.03638204807444,0,1,10,0,-7293.83290887371,-6887.4517639465,-406.38114492721
3246,1.44799093570754,1.07056464661651,0,0,0.025,0.0535652118169935,0,0.0926951087157949,0.119501585565222,1,8,1.03638204807444,0,1,10,0,-7292.54578374853,-6887.6737029573,-404.872080791233
3251,1.44799093570754,1.07056464661651,0,0,0.025,0.0535652118169935,0,0.0926951087157949,0.119501585565222,1,8,1.03638204807444,0,1,10,0,-7295.79114817218,-6887.87124352062,-407.919904651566
3256,1.44799093570754,1.11202724173945,0,0,0.025,0.0535652118169935,0,0.0926951087157949,0.119501585565222,1,8,1.03638204807444,0,1,10,0,-7294.64811519194,-6887.85422180323,-406.79389338871
3261,1.44799093570754,1.11202724173945,0,0,0.025,0.0535652118169935,0,0.0926951087157949,0.121970116024665,1,8,1.03638204807444,0,1,10,0,-7290.81862789443,-6884.66134885895,-406.157279035482
3266,1.44799093570754,1.11202724173945,0,0,0.025,0.0535652118169935,0,0.0926951087157949,0.121970116024665,1,8,1.03638204807444,0,1,10,0,-7285.70426840209,-6883.67553165286,-402.028736749231
3271,1.44799093570754,1.11202724173945,0,0,0.025,0.0535652118169935,0,0.0926951087157949,0.121970116024665,1,8,1.03638204807444,0,1,10,0,-7284.19924410856,-6883.29651862219,-400.902725486375
3276,1.44799093570754,1.11202724173945,0,0,0.025,0.0535652118169935,0,0.0926951087157949,0.121970116024665,1,8,1.03638204807444,0,1,10,0,-7281.92896119861,-6882.26592659916,-399.663034599447
3281,1.44799093570754,1.11202724173945,0,0,0.025,0.0535652118169935,0,0.0926951087157949,0.121970116024665,1,8,1.03638204807444,0,1,10,0,-7282.5994124012,-6884.09214850426,-398.507263896939
3286,1.44799093570754,1.11202724173945,0,0,0.025,0.0535652118169935,0,0.0926951087157949,0.121970116024665,1,8,1.03638204807444,0,1,10,0,-7282.30167780739,-6881.41950815588,-400.882169651513
3291,1.44799093570754,1.11202724173945,0,0,0.025,0.0535652118169935,0,0.0926951087157949,0.121970116024665,1,8,1.03638204807444,0,1,10,0,-7277.27573728132,-6880.59587348938,-396.679863791933
3296,1.44799093570754,1.11202724173945,0,0,0.025,0.0535652118169935,0,0.0926951087157949,0.121970116024665,1,8,1.03638204807444,0,1,10,0,-7276.13856105166,-6879.90764747977,-396.230913571885
3301,1.44799093570754,1.11202724173945,0,0,0.025,0.0535652118169935,0,0.0926951087157949,0.121970116024665,1,8,1.03638204807444,0,1,10,0,-7278.7581661137,-6882.33388114884,-396.424284964865
3306,1.44799093570754,1.11202724173945,0,0,0.025,0.0535652118169935,0,0.0926951087157949,0.121970116024665,1,8,1.03638204807444,0,1,10,0,-7278.7581661137,-6882.33388114884,-396.424284964865
3311,1.44799093570754,1.11202724173945,0,0,0.025,0.0535652118169935,0,0.0926951087157949,0.121970116024665,1,8,1.03638204807444,0,1,10,0,-7278.7581661137,-6882.33388114884,-396.424284964865
3316,1.44799093570754,1.11202724173945,0,0,0.025,0.0535652118169935,0,0.0926951087157949,0.121970116024665,1,8,1.03638204807444,0,1,10,0,-7278.7581661137,-6882.33388114884,-396.424284964865
3321,1.44799093570754,1.11202724173945,0,0,0.025,0.0535652118169935,0,0.0926951087157949,0.121970116024665,1,8,1.03638204807444,0,1,10,0,-7275.95708134232,-6879.33455936535,-396.622521976965
3326,1.44799093570754,1.11202724173945,0,0,0.025,0.0535652118169935,0,0.0926951087157949,0.121970116024665,1,8,1.03638204807444,0,1,10,0,-7278.31201882287,-6878.9814466448,-399.330572178067
3331,1.44799093570754,1.11202724173945,0,0,0.025,0.0535652118169935,0,0.0926951087157949,0.121970116024665,1,8,1.03638204807444,0,1,10,0,-7278.07900940878,-6877.906254471,-400.172754937788
3336,1.44799093570754,1.11202724173945,0,0,0.025,0.0535652118169935,0,0.0926951087157949,0.121970116024665,1,8,1.03638204807444,0,1,10,0,-7278.07900940878,-6877.906254471,-400.172754937788
3341,1.44799093570754,1.11202724173945,0,0,0.025,0.0535652118169935,0,0.0926951087157949,0.121970116024665,1,8,1.03638204807444,0,1,10,0,-7279.13638460017,-6878.18841752877,-400.947967071402
3346,1.44799093570754,1.11202724173945,0,0,0.025,0.0535652118169935,0,0.0926951087157949,0.121970116024665,1,8,1.03638204807444,0,1,10,0,-7279.45424935383,-6877.46936356277,-401.984885791065
3351,1.44799967667622,1.11202724173945,0,0,0.025,0.0535652118169935,0,0.0926951087157949,0.121970116024665,1,8,1.03638204807444,0,1,10,0,-7279.7036161312,-6878.66099655841,-401.042619572787
3356,1.44799967667622,1.11202724173945,0,0,0.025,0.0535652118169935,0,0.0926951087157949,0.121970116024665,1,8,1.03638204807444,0,1,10,0,-7275.59209427927,-6874.72231751932,-400.869776759948
3361,1.44799967667622,1.11202724173945,0,0,0.025,0.0535652118169935,0,0.0926951087157949,0.121970116024665,1,8,1.03638204807444,0,1,10,0,-7276.5467601354,-6872.16424461906,-404.382515516343
3366,1.44799967667622,1.11202724173945,0,0,0.025,0.0535652118169935,0,0.0926951087157949,0.122340886482499,1,8,1.03638204807444,0,1,10,0,-7276.56171986622,-6872.17920434988,-404.382515516343
3371,1.44799967667622,1.11202724173945,0,0,0.025,0.0533547178822146,0,0.0926951087157949,0.122340886482499,1,8,1.03638204807444,0,1,10,0,-7283.09182563911,-6877.87384672003,-405.217978919083
3376,1.44799967667622,1.11202724173945,0,0,0.025,0.0533547178822146,0,0.0926951087157949,0.122340886482499,1,8,1.03638204807444,0,1,10,0,-7278.46729034989,-6874.90767887052,-403.559611479369
3381,1.44799967667622,1.11202724173945,0,0,0.025,0.0533547178822146,0,0.0926951087157949,0.122340886482499,1,8,1.03638204807444,0,1,10,0,-7275.62601597561,-6876.33098587604,-399.295030099568
3386,1.44799967667622,1.11202724173945,0,0,0.025,0.0533547178822146,0,0.0926951087157949,0.122340886482499,1,8,1.03638204807444,0,1,10,0,-7280.64595061839,-6879.60795121376,-401.037999404627
3391,1.44799967667622,1.11202724173945,0,0,0.025,0.0533547178822146,0,0.0926951087157949,0.122340886482499,1,8,1.03638204807444,0,1,10,0,-7279.11699317453,-6879.05085435293,-400.066138821598
3396,1.44799967667622,1.11202724173945,0,0,0.025,0.0533547178822146,0,0.0926951087157949,0.122340886482499,1,8,1.03638204807444,0,1,10,0,-7278.24621078315,-6880.57129312726,-397.674917655887
3401,1.44799967667622,1.11202724173945,0,0,0.025,0.0533547178822146,0,0.0926951087157949,0.122340886482499,1,8,1.03638204807444,0,1,10,0,-7278.24621078315,-6880.57129312726,-397.674917655887
3406,1.44799967667622,1.11202724173945,0,0,0.025,0.0533547178822146,0,0.0926951087157949,0.122340886482499,1,8,1.03638204807444,0,1,10,0,-7275.61201498907,-6876.75644294468,-398.855572044384
3411,1.44799967667622,1.11202724173945,0,0,0.025,0.0533547178822146,0,0.0926951087157949,0.122340886482499,1,8,1.03638204807444,0,1,10,0,-7273.29736533407,-6878.11911977806,-395.178245556008
3416,1.44799967667622,1.11202724173945,0,0,0.025,0.0533547178822146,0,0.0926951087157949,0.122340886482499,1,8,1.03638204807444,0,1,10,0,-7277.12942243596,-6879.71473158946,-397.414690846498
3421,1.44799967667622,1.11202724173945,0,0,0.025,0.0533547178822146,0,0.0926951087157949,0.122340886482499,1,8,1.03638204807444,0,1,10,0,-7274.54103425704,-6878.80743731189,-395.733596945157
3426,1.44799967667622,1.11202724173945,0,0,0.025,0.0547761410587015,0,0.0926951087157949,0.122340886482499,1,8,1.03638204807444,0,1,10,0,-7271.17772228975,-6877.39003549365,-393.787686796102
3431,1.44799967667622,1.11202724173945,0,0,0.025,0.0547761410587015,0,0.0926951087157949,0.122340886482499,1,8,1.03638204807444,0,1,10,0,-7270.20772309201,-6875.67182933816,-394.535893753845
3436,1.44799967667622,1.11202724173945,0,0,0.025,0.0547761410587015,0,0.0926951087157949,0.122340886482499,1,8,1.03638204807444,0,1,10,0,-7270.22254723866,-6875.27364117107,-394.948906067588
3441,1.39220152413558,1.09607422424658,0,0,0.025,0.0547761410587015,0,0.0926951087157949,0.114762161699782,1,8,1.03638204807444,0,1,10,0,-7271.08426232528,-6879.36949955469,-391.71476277059
3446,1.39220152413558,1.09607422424658,0,0,0.025,0.0547761410587015,0,0.0926951087157949,0.114762161699782,1,8,1.03638204807444,0,1,10,0,-7273.70207986257,-6881.67298590562,-392.029093956954
3451,1.39220152413558,1.09607422424658,0,0,0.025,0.0547761410587015,0,0.0926951087157949,0.114762161699782,1,8,1.03638204807444,0,1,10,0,-7269.00143369089,-6880.77781949146,-388.223614199433
3456,1.39220152413558,1.09607422424658,0,0,0.025,0.0547761410587015,0,0.0926951087157949,0.114762161699782,1,8,1.03638204807444,0,1,10,0,-7271.11317505855,-6881.39790598234,-389.71526907621
3461,1.39220152413558,1.19836161462081,0,0,0.025,0.0547761410587015,0,0.0926951087157949,0.114762161699782,1,8,1.03638204807444,0,1,10,0,-7273.9446978908,-6882.86845226145,-391.076245629346
3466,1.39220152413558,1.19836161462081,0,0,0.025,0.0547761410587015,0,0.0926951087157949,0.114762161699782,1,8,1.03638204807444,0,1,10,0,-7274.83747964517,-6882.65835732837,-392.179122316801
3471,1.39220152413558,1.19836161462081,0,0,0.025,0.0547761410587015,0,0.0926951087157949,0.114762161699782,1,8,1.03638204807444,0,1,10,0,-7272.49782441781,-6881.19843523715,-391.29938918066
3476,1.39220152413558,1.19836161462081,0,0,0.025,0.0547761410587015,0,0.0926951087157949,0.114762161699782,1,8,1.03638204807444,0,1,10,0,-7268.36162604071,-6881.01348057863,-387.348145462079
3481,1.39220152413558,1.19836161462081,0,0,0.025,0.0547761410587015,0,0.0926951087157949,0.114762161699782,1,8,1.03638204807444,0,1,10,0,-7266.57727689806,-6880.81325154043,-385.764025357629
3486,1.39220152413558,1.16260914487016,0,0,0.025,0.0547761410587015,0,0.0926951087157949,0.114762161699782,1,8,1.03638204807444,0,1,10,0,-7265.40087238983,-6879.6368470322,-385.764025357629
3491,1.39220152413558,1.16260914487016,0,0,0.025,0.0547761410587015,0,0.0926951087157949,0.114762161699782,1,8,1.03638204807444,0,1,10,0,-7265.80078821756,-6880.41875561185,-385.382032605706
3496,1.39220152413558,1.16260914487016,0,0,0.025,0.0547761410587015,0,0.0926951087157949,0.114762161699782,1,8,1.03638204807444,0,1,10,0,-7268.23525719271,-6881.61353370008,-386.621723492634
3501,1.39220152413558,1.16260914487016,0,0,0.025,0.0547761410587015,0,0.0926951087157949,0.114762161699782,1,8,1.03638204807444,0,1,10,0,-7269.64290620997,-6881.07527256829,-388.567633641689
3506,1.39220152413558,1.12795245425255,0,0,0.025,0.0547761410587015,0,0.0926951087157949,0.114762161699782,1,8,1.03638204807444,0,1,10,0,-7274.66977742873,-6882.08319007078,-392.586587357945
3511,1.39220152413558,1.12795245425255,0,0,0.025,0.0547761410587015,0,0.0926951087157949,0.114762161699782,1,8,1.03638204807444,0,1,10,0,-7278.13732030428,-6882.4749579651,-395.662362339172
3516,1.39001109092073,1.12795245425255,0,0,0.025,0.0547761410587015,0,0.0926951087157949,0.114762161699782,1,8,1.03638204807444,0,1,10,0,-7278.15985567307,-6882.49749333389,-395.662362339172
3521,1.39010489968058,1.12795245425255,0,0,0.025,0.0547761410587015,0,0.0926951087157949,0.114762161699782,1,8,1.03638204807444,0,1,10,0,-7273.71057184737,-6879.51454657699,-394.196025270379
3526,1.39010489968058,1.12795245425255,0,0,0.025,0.0547761410587015,0,0.0926951087157949,0.114762161699782,1,8,1.03638204807444,0,1,10,0,-7271.86742515027,-6882.47951090987,-389.387914240394
3531,1.39010489968058,1.14730071271676,0,0,0.025,0.0547761410587015,0,0.0926951087157949,0.114762161699782,1,8,1.03638204807444,0,1,10,0,-7271.52204718945,-6882.13413294906,-389.387914240394
3536,1.39010489968058,1.14730071271676,0,0,0.025,0.0547761410587015,0,0.0926951087157949,0.114762161699782,1,8,1.03638204807444,0,1,10,0,-7271.52204718945,-6882.13413294906,-389.387914240394
3541,1.39010489968058,1.14730071271676,0,0,0.025,0.0547761410587015,0,0.0926951087157949,0.114762161699782,1,8,1.03638204807444,0,1,10,0,-7269.9232158317,-6882.30296350896,-387.620252322745
3546,1.39010489968058,1.14730071271676,0,0,0.025,0.0547761410587015,0,0.0926951087157949,0.114762161699782,1,8,1.03638204807444,0,1,10,0,-7270.82931787826,-6882.06393325121,-388.765384627048
3551,1.39010489968058,1.14730071271676,0,0,0.025,0.0547761410587015,0,0.0926951087157949,0.114762161699782,1,8,1.03638204807444,0,1,10,0,-7267.76428220918,-6880.94480773118,-386.819474477993
3556,1.39010489968058,1.14730071271676,0,0,0.025,0.0547761410587015,0,0.0926951087157949,0.114762161699782,1,8,1.03638204807444,0,1,10,0,-7271.09349780793,-6881.20210191803,-389.891395889904
3561,1.39010489968058,1.14730071271676,0,0,0.025,0.0547761410587015,0,0.0926951087157949,0.114762161699782,1,8,1.03638204807444,0,1,10,0,-7272.12424539883,-6880.46518759128,-391.659057807553
3566,1.39010489968058,1.14730071271676,0,0,0.025,0.0547761410587015,0,0.0926951087157949,0.114762161699782,1,8,1.03638204807444,0,1,10,0,-7276.24307132852,-6882.44848251263,-393.794588815884
3571,1.39010489968058,1.14730071271676,0,0,0.025,0.0547761410587015,0,0.0926951087157949,0.114762161699782,1,8,1.03638204807444,0,1,10,0,-7273.8864896281,-6876.17987780679,-397.706611821312
3576,1.39010489968058,1.14730071271676,0,0,0.025,0.0547761410587015,0,0.0926951087157949,0.114762161699782,1,8,1.03638204807444,0,1,10,0,-7273.50920155871,-6875.82728234998,-397.681919208722
3581,1.39010489968058,1.14730071271676,0,0,0.025,0.0545169854765824,0,0.0926951087157949,0.114762161699782,1,8,1.03638204807444,0,1,10,0,-7276.00451243368,-6874.07941227383,-401.925100159856
3586,1.39010489968058,1.14730071271676,0,0,0.025,0.0545169854765824,0,0.0926951087157949,0.114762161699782,1,8,1.03638204807444,0,1,10,0,-7277.21367041696,-6876.16403899445,-401.049631422502
3591,1.39010489968058,1.14730071271676,0,0,0.025,0.0545169854765824,0,0.0926951087157949,0.114762161699782,1,8,1.03638204807444,0,1,10,0,-7277.21367041696,-6876.16403899445,-401.049631422502
3596,1.39010489968058,1.14730071271676,0,0,0.025,0.0545169854765824,0,0.0926951087157949,0.114762161699782,1,8,1.03638204807444,0,1,10,0,-7277.21367041696,-6876.16403899445,-401.049631422502
3601,1.39010489968058,1.14730071271676,0,0,0.025,0.0545169854765824,0,0.0926951087157949,0.11331337538083,1,8,1.03638204807444,0,1,10,0,-7277.6679403032,-6879.20114554705,-398.46679475615
3606,1.39010489968058,1.14730071271676,0,0,0.025,0.0545169854765824,0,0.0944908255362474,0.11331337538083,1,8,1.03638204807444,0,1,10,0,-7276.94546889704,-6879.0463162397,-397.89915265734
3611,1.39010489968058,1.14730071271676,0,0,0.025,0.0545169854765824,0,0.0944908255362474,0.11331337538083,1,8,1.03638204807444,0,1,10,0,-7276.94546889704,-6879.0463162397,-397.89915265734
3616,1.39010489968058,1.14730071271676,0,0,0.025,0.0545169854765824,0,0.0944908255362474,0.11331337538083,1,8,1.03638204807444,0,1,10,0,-7276.94546889704,-6879.0463162397,-397.89915265734
3621,1.41437526630964,1.14730071271676,0,0,0.025,0.0545169854765824,0,0.0944908255362474,0.11331337538083,1,8,1.03638204807444,0,1,10,0,-7277.96356208366,-6880.06440942632,-397.89915265734
3626,1.41437526630964,1.14730071271676,0,0,0.025,0.0545169854765824,0,0.0944908255362474,0.11331337538083,1,8,1.03638204807444,0,1,10,0,-7281.54580348755,-6882.20628924782,-399.33951423973
3631,1.41437526630964,1.14730071271676,0,0,0.025,0.0545169854765824,0,0.0944908255362474,0.11331337538083,1,8,1.03638204807444,0,1,10,0,-7278.32017053861,-6882.42610868955,-395.894061849064
3636,1.41437526630964,1.14730071271676,0,0,0.025,0.0545169854765824,0,0.0944908255362474,0.11331337538083,1,8,1.03638204807444,0,1,10,0,-7278.32017053861,-6882.42610868955,-395.894061849064
3641,1.41437526630964,1.14730071271676,0,0,0.025,0.0545169854765824,0,0.0944908255362474,0.11331337538083,1,8,1.03638204807444,0,1,10,0,-7281.59459067599,-6878.27549705534,-403.319093620646
3646,1.41437526630964,1.14730071271676,0,0,0.025,0.0545169854765824,0,0.0944908255362474,0.123774766799448,1,8,1.03638204807444,0,1,10,0,-7284.25139459698,-6879.62396815668,-404.627426440296
3651,1.46117136357516,1.07607505789134,0,0,0.025,0.0545169854765824,0,0.0944908255362474,0.123774766799448,1,8,1.03638204807444,0,1,10,0,-7285.05693112466,-6880.42950468437,-404.627426440296
3656,1.46117136357516,1.07607505789134,0,0,0.025,0.0545169854765824,0,0.0944908255362474,0.123774766799448,1,8,1.03638204807444,0,1,10,0,-7285.05693112466,-6880.42950468437,-404.627426440296
3661,1.46117136357516,1.10168634082253,0,0,0.025,0.0545169854765824,0,0.0944908255362474,0.123774766799448,1,8,1.03638204807444,0,1,10,0,-7276.75399480394,-6878.07393588324,-398.680058920705
3666,1.46117136357516,1.10168634082253,0,0,0.025,0.0545169854765824,0,0.0944908255362474,0.123774766799448,1,8,1.03638204807444,0,1,10,0,-7272.77648864987,-6879.33120807491,-393.445280574961
3671,1.46117136357516,1.10168634082253,0,0,0.025,0.0545169854765824,0,0.0944908255362474,0.123774766799448,1,8,1.03638204807444,0,1,10,0,-7269.66081394589,-6877.45522425786,-392.205589688033
3676,1.46117136357516,1.10168634082253,0,0,0.025,0.0545169854765824,0,0.0944908255362474,0.123774766799448,1,8,1.03638204807444,0,1,10,0,-7268.90367356904,-6876.38165239527,-392.522021173771
3681,1.46117136357516,1.10168634082253,0,0,0.025,0.0545169854765824,0,0.0944908255362474,0.123774766799448,1,8,1.03638204807444,0,1,10,0,-7268.90367356904,-6876.38165239527,-392.522021173771
3686,1.46117136357516,1.10168634082253,0,0,0.025,0.0545169854765824,0,0.0944908255362474,0.123774766799448,1,8,1.03638204807444,0,1,10,0,-7271.82307793288,-6879.30105675911,-392.522021173771
3691,1.46117136357516,1.10168634082253,0,0,0.025,0.0545169854765824,0,0.0923216141150085,0.123774766799448,1,8,1.03638204807444,0,1,10,0,-7271.77001057363,-6879.24798939986,-392.522021173771
3696,1.46754545495312,1.10168634082253,0,0,0.025,0.0595598585958614,0,0.0907721327599825,0.123774766799448,1,8,1.03638204807444,0,1,10,0,-7270.90610283303,-6878.38408165925,-392.522021173771
3701,1.52538110881689,1.10168634082253,0,0,0.025,0.0595598585958614,0,0.0907721327599825,0.128142303696191,1,8,1.03638204807444,0,1,10,0,-7272.73931796972,-6878.9089639763,-393.830353993421
3706,1.52538110881689,1.10168634082253,0,0,0.025,0.0595598585958614,0,0.0970317633814183,0.128142303696191,1,8,1.03638204807444,0,1,10,0,-7272.70420033119,-6878.43201358549,-394.2721867457
3711,1.52538110881689,1.10168634082253,0,0,0.025,0.0595598585958614,0,0.0970317633814183,0.128142303696191,1,8,1.03638204807444,0,1,10,0,-7272.70420033119,-6878.43201358549,-394.2721867457
3716,1.52538110881689,1.10168634082253,0,0,0.025,0.0595598585958614,0,0.092962705100136,0.129057362160991,1,8,1.03638204807444,0,1,10,0,-7269.33436061823,-6873.87655020688,-395.457810411358
3721,1.52538110881689,1.10168634082253,0,0,0.025,0.0595598585958614,0,0.092962705100136,0.129057362160991,1,8,1.03638204807444,0,1,10,0,-7269.33436061823,-6873.87655020688,-395.457810411358
3726,1.52538110881689,1.10168634082253,0,0,0.025,0.0595598585958614,0,0.092962705100136,0.129057362160991,1,8,1.03638204807444,0,1,10,0,-7270.7015216139,-6874.17326979084,-396.52825182306
3731,1.52538110881689,1.11798712852657,0,0,0.025,0.0595598585958614,0,0.092962705100136,0.129057362160991,1,8,1.03638204807444,0,1,10,0,-7271.25926730673,-6874.73101548367,-396.52825182306
3736,1.52538110881689,1.11798712852657,0,0,0.025,0.0595598585958614,0,0.092962705100136,0.129057362160991,1,8,1.03638204807444,0,1,10,0,-7267.66082009861,-6873.38863335291,-394.2721867457
3741,1.52538110881689,1.10429251500391,0,0,0.025,0.0595598585958614,0,0.092962705100136,0.129057362160991,1,8,1.03638204807444,0,1,10,0,-7267.17203826,-6872.8998515143,-394.2721867457
3746,1.52538110881689,1.10429251500391,0,0,0.025,0.0595598585958614,0,0.092962705100136,0.129057362160991,1,8,1.03638204807444,0,1,10,0,-7269.28714412109,-6873.52395206018,-395.763192060909
3751,1.52538110881689,1.10429251500391,0,0,0.025,0.0595598585958614,0,0.092962705100136,0.129057362160991,1,8,1.03638204807444,0,1,10,0,-7272.68216269593,-6874.60883833639,-398.073324359539
3756,1.52538110881689,1.10429251500391,0,0,0.025,0.0595598585958614,0,0.092962705100136,0.129057362160991,1,8,1.03638204807444,0,1,10,0,-7272.68216269593,-6874.60883833639,-398.073324359539
3761,1.52538110881689,1.10429251500391,0,0,0.025,0.0595598585958614,0,0.092962705100136,0.135981381135843,1,8,1.03638204807444,0,1,10,0,-7272.08717442636,-6876.22682300112,-395.860351425234
3766,1.52538110881689,1.11775852181763,0,0,0.025,0.0595598585958614,0,0.092962705100136,0.135981381135843,1,8,1.03638204807444,0,1,10,0,-7275.07174977805,-6875.43290674001,-399.638843038038
3771,1.52538110881689,1.11775852181763,0,0,0.025,0.0595598585958614,0,0.092962705100136,0.14137820592985,1,8,1.03638204807444,0,1,10,0,-7278.18470119122,-6878.70463632854,-399.480064862679
3776,1.52538110881689,1.11775852181763,0,0,0.025,0.0595598585958614,0,0.092962705100136,0.14137820592985,1,8,1.03638204807444,0,1,10,0,-7278.18470119122,-6878.70463632854,-399.480064862679
3781,1.52538110881689,1.11775852181763,0,0,0.025,0.0595598585958614,0,0.0924121981378602,0.14137820592985,1,8,1.03638204807444,0,1,10,0,-7277.97127884336,-6877.52980281353,-400.441476029833
3786,1.52538110881689,1.11775852181763,0,0,0.025,0.0595598585958614,0,0.0924121981378602,0.14137820592985,1,8,1.03638204807444,0,1,10,0,-7278.35912966879,-6878.88046438646,-399.478665282324
3791,1.52538110881689,1.11775852181763,0,0,0.025,0.0595598585958614,0,0.0924121981378602,0.141413558457303,1,8,1.03638204807444,0,1,10,0,-7276.86671495275,-6877.38804967043,-399.478665282324
3796,1.52538110881689,1.11775852181763,0,0,0.025,0.0595598585958614,0,0.0924121981378602,0.141413558457303,1,8,1.03638204807444,0,1,10,0,-7273.14796969113,-6877.23480484175,-395.913164849371
3801,1.52538110881689,1.12978230978906,0,0,0.025,0.0595598585958614,0,0.0924121981378602,0.141413558457303,1,8,1.03638204807444,0,1,10,0,-7274.8813297671,-6875.76949180018,-399.111837966922
3806,1.52538110881689,1.12978230978906,0,0,0.025,0.0595598585958614,0,0.0924121981378602,0.141413558457303,1,8,1.03638204807444,0,1,10,0,-7277.6165940142,-6876.75811701333,-400.858477000869
3811,1.5495495178725,1.12978230978906,0,0,0.025,0.0595598585958614,0,0.0924121981378602,0.141413558457303,1,8,1.03638204807444,0,1,10,0,-7277.85432279831,-6876.8275759941,-401.026746804207
3816,1.5495495178725,1.12978230978906,0,0,0.025,0.0595598585958614,0,0.0924121981378602,0.141413558457303,1,8,1.03638204807444,0,1,10,0,-7277.85432279831,-6876.8275759941,-401.026746804207
3821,1.5495495178725,1.12978230978906,0,0,0.025,0.0595598585958614,0,0.0924121981378602,0.141413558457303,1,8,1.03638204807444,0,1,10,0,-7277.85432279831,-6876.8275759941,-401.026746804207
3826,1.5495495178725,1.12978230978906,0,0,0.025,0.0595598585958614,0,0.0948147906633806,0.141413558457303,1,8,1.03638204807444,0,1,10,0,-7277.59226367876,-6877.75114054021,-399.84112313855
3831,1.5495495178725,1.12978230978906,0,0,0.025,0.0595598585958614,0,0.0948147906633806,0.141413558457303,1,8,1.03638204807444,0,1,10,0,-7278.64724676743,-6876.90900364399,-401.738243123436
3836,1.5495495178725,1.12978230978906,0,0,0.025,0.0595598585958614,0,0.0948147906633806,0.141413558457303,1,8,1.03638204807444,0,1,10,0,-7273.08833261943,-6874.0581396971,-399.030192922333
3841,1.5495495178725,1.17394544382049,0,0,0.025,0.0595598585958614,0,0.0948147906633806,0.141413558457303,1,8,1.03638204807444,0,1,10,0,-7273.79510432133,-6874.23554765423,-399.559556667098
3846,1.5495495178725,1.17394544382049,0,0,0.025,0.0595598585958614,0,0.0948147906633806,0.141413558457303,1,8,1.03638204807444,0,1,10,0,-7273.79510432133,-6874.23554765423,-399.559556667098
3851,1.5495495178725,1.17394544382049,0,0,0.025,0.0595598585958614,0,0.0948147906633806,0.141413558457303,1,8,1.03638204807444,0,1,10,0,-7271.64500820044,-6873.57710641012,-398.06790179032
3856,1.5495495178725,1.17574978995792,0,0,0.025,0.0595598585958614,0,0.0948147906633806,0.141413558457303,1,8,1.03638204807444,0,1,10,0,-7271.71875047865,-6873.65084868833,-398.06790179032
3861,1.5495495178725,1.17574978995792,0,0,0.025,0.0619335982742189,0,0.0948147906633806,0.133149562434104,1,8,1.03638204807444,0,1,10,0,-7272.10125484893,-6874.03335305861,-398.06790179032
3866,1.5495495178725,1.17574978995792,0,0,0.025,0.0619335982742189,0,0.0948147906633806,0.133149562434104,1,8,1.03638204807444,0,1,10,0,-7274.56939372891,-6875.19315911894,-399.376234609971
3871,1.5495495178725,1.17574978995792,0,0,0.025,0.0619335982742189,0,0.0948147906633806,0.133149562434104,1,8,1.03638204807444,0,1,10,0,-7278.31134435167,-6875.65454034782,-402.656804003844
3876,1.5495495178725,1.17574978995792,0,0,0.025,0.0619335982742189,0,0.0948147906633806,0.133149562434104,1,8,1.03638204807444,0,1,10,0,-7280.40293456989,-6877.74613056604,-402.656804003844
3881,1.5495495178725,1.17574978995792,0,0,0.025,0.0619335982742189,0,0.0948147906633806,0.133149562434104,1,8,1.03638204807444,0,1,10,0,-7285.35517571333,-6879.99032150839,-405.364854204946
3886,1.5495495178725,1.17574978995792,0,0,0.025,0.0619335982742189,0,0.0948147906633806,0.133149562434104,1,8,1.03638204807444,0,1,10,0,-7290.45799533304,-6883.06128854924,-407.396706783802
3891,1.5495495178725,1.05644827110394,0,0,0.025,0.0619335982742189,0,0.0948147906633806,0.134774585099894,1,8,1.03638204807444,0,1,10,0,-7290.34412466344,-6884.5716036487,-405.772521014734
3896,1.5495495178725,1.05644827110394,0,0,0.025,0.0619335982742189,0,0.0948147906633806,0.134774585099894,1,8,1.03638204807444,0,1,10,0,-7286.32902421269,-6881.97835999636,-404.35066421633
3901,1.5495495178725,1.05644827110394,0,0,0.025,0.0619335982742189,0,0.0948147906633806,0.134774585099894,1,8,1.03638204807444,0,1,10,0,-7290.88643246752,-6885.41106669105,-405.475365776462
3906,1.5495495178725,1.05644827110394,0,0,0.025,0.0619335982742189,0,0.0948147906633806,0.134774585099894,1,8,1.03638204807444,0,1,10,0,-7293.63759320439,-6887.528022783,-406.109570421388
3911,1.5495495178725,1.05644827110394,0,0,0.025,0.0561516658949342,0,0.0948147906633806,0.134774585099894,1,8,1.03638204807444,0,1,10,0,-7286.34297324624,-6881.19481399201,-405.148159254233
3916,1.5495495178725,1.05644827110394,0,0,0.025,0.0561516658949342,0,0.0948147906633806,0.134774585099894,1,8,1.03638204807444,0,1,10,0,-7285.53323661936,-6882.05620884657,-403.477027772794
3921,1.5495495178725,1.03938427791677,0,0,0.025,0.0561516658949342,0,0.0948147906633806,0.134774585099894,1,8,1.03638204807444,0,1,10,0,-7281.52302934233,-6879.11644298124,-402.406586361093
3926,1.5495495178725,1.03938427791677,0,0,0.025,0.0561516658949342,0,0.0948147906633806,0.134774585099894,1,8,1.03638204807444,0,1,10,0,-7277.99730254183,-6879.48026633031,-398.517036211517
3931,1.5495495178725,1.03938427791677,0,0,0.025,0.0561516658949342,0,0.0948147906633806,0.134774585099894,1,8,1.03638204807444,0,1,10,0,-7277.99730254183,-6879.48026633031,-398.517036211517
3936,1.5495495178725,1.01427327284686,0,0,0.025,0.0561516658949342,0,0.0948147906633806,0.134774585099894,1,8,1.03638204807444,0,1,10,0,-7278.17285359596,-6879.65581738445,-398.517036211517
3941,1.5495495178725,1.01427327284686,0,0,0.025,0.0568734035218638,0,0.0948147906633806,0.12701506825965,1,8,1.03638204807444,0,1,10,0,-7276.02884217175,-6877.51180596023,-398.517036211517
3946,1.5495495178725,0.965545194509157,0,0,0.025,0.0568734035218638,0,0.0948147906633806,0.12701506825965,1,8,1.03638204807444,0,1,10,0,-7276.6360050188,-6878.11896880729,-398.517036211517
3951,1.5495495178725,0.965545194509157,0,0,0.025,0.0568734035218638,0,0.0948147906633806,0.124715545905021,1,8,1.03638204807444,0,1,10,0,-7274.4554717416,-6874.51240084031,-399.943070901286
3956,1.5495495178725,0.965545194509157,0,0,0.025,0.0568734035218638,0,0.0948147906633806,0.124715545905021,1,8,1.03638204807444,0,1,10,0,-7275.70563442359,-6875.84957489929,-399.856059524296
3961,1.5495495178725,0.965545194509157,0,0,0.025,0.0568734035218638,0,0.0948147906633806,0.124715545905021,1,8,1.03638204807444,0,1,10,0,-7274.50058383068,-6875.95285712603,-398.547726704646
3966,1.5495495178725,0.965545194509157,0,0,0.025,0.0568734035218638,0,0.0948147906633806,0.124715545905021,1,8,1.03638204807444,0,1,10,0,-7274.50058383068,-6875.95285712603,-398.547726704646
3971,1.58658499785728,0.965545194509157,0,0,0.025,0.0568734035218638,0,0.0948147906633806,0.124715545905021,1,8,1.03638204807444,0,1,10,0,-7272.81639317716,-6874.49232963932,-398.324063537836
3976,1.58658499785728,0.965545194509157,0,0,0.025,0.0568734035218638,0,0.0948147906633806,0.124715545905021,1,8,1.03638204807444,0,1,10,0,-7274.37382130451,-6874.74142494702,-399.632396357486
3981,1.58658499785728,0.901768715895446,0,0,0.025,0.0568734035218638,0,0.0948147906633806,0.124715545905021,1,8,1.03638204807444,0,1,10,0,-7273.23415380031,-6874.05026430219,-399.183889498119
3986,1.58658499785728,0.901768715895446,0,0,0.025,0.0568734035218638,0,0.0948147906633806,0.124715545905021,1,8,1.03638204807444,0,1,10,0,-7274.05413532594,-6874.20797588583,-399.846159440115
3991,1.58658499785728,0.901768715895446,0,0,0.025,0.0568734035218638,0,0.0948147906633806,0.124715545905021,1,8,1.03638204807444,0,1,10,0,-7270.57022535049,-6872.63702812134,-397.933197229149
3996,1.58658499785728,0.901768715895446,0,0,0.025,0.0568734035218638,0,0.0948147906633806,0.11777196320975,1,8,1.03638204807444,0,1,10,0,-7271.30383940693,-6873.37064217779,-397.933197229149
4001,1.59241795916916,0.901768715895446,0,0,0.025,0.0568734035218638,0,0.0948147906633806,0.11777196320975,1,8,1.03638204807444,0,1,10,0,-7271.44579969252,-6872.76538806154,-398.680411630979
4006,1.59241795916916,0.901768715895446,0,0,0.025,0.0568734035218638,0,0.0948147906633806,0.122543795737447,1,8,1.03638204807444,0,1,10,0,-7274.40225646826,-6876.70365017627,-397.698606291994
4011,1.59241795916916,0.901768715895446,0,0,0.025,0.0568734035218638,0,0.0953551970453599,0.122543795737447,1,8,1.03638204807444,0,1,10,0,-7275.27112035829,-6878.60985552957,-396.661264828719
4016,1.59241795916916,0.901768715895446,0,0,0.025,0.0568734035218638,0,0.0953551970453599,0.122543795737447,1,8,1.03638204807444,0,1,10,0,-7274.47166975544,-6876.82545195652,-397.646217798915
4021,1.59241795916916,0.923508960192515,0,0,0.025,0.0568734035218638,0,0.0953551970453599,0.122543795737447,1,8,1.03638204807444,0,1,10,0,-7278.4490313547,-6879.48611248646,-398.962918868235
4026,1.59241795916916,0.923508960192515,0,0,0.025,0.0568734035218638,0,0.0953551970453599,0.122543795737447,1,8,1.03638204807444,0,1,10,0,-7279.0845928558,-6879.05123257587,-400.033360279937
4031,1.59241795916916,0.923508960192515,0,0,0.025,0.0568734035218638,0,0.0953551970453599,0.122543795737447,1,8,1.03638204807444,0,1,10,0,-7279.0845928558,-6879.05123257587,-400.033360279937
4036,1.59241795916916,0.923508960192515,0,0,0.025,0.0568734035218638,0,0.0953551970453599,0.122543795737447,1,8,1.03638204807444,0,1,10,0,-7282.52624984655,-6881.03103480026,-401.495215046291
4041,1.59241795916916,0.923508960192515,0,0,0.025,0.0565621069401619,0,0.0953551970453599,0.122543795737447,1,8,1.03638204807444,0,1,10,0,-7280.88686621267,-6882.35921256296,-398.527653649703
4046,1.57216542682796,0.923508960192515,0,0,0.025,0.0565621069401619,0,0.0953551970453599,0.122543795737447,1,8,1.03638204807444,0,1,10,0,-7278.5951826348,-6881.25315265075,-397.342029984046
4051,1.57216542682796,0.923508960192515,0,0,0.025,0.0565621069401619,0,0.0953551970453599,0.125297989089716,1,8,1.03638204807444,0,1,10,0,-7282.73439253453,-6884.14756775164,-398.586824782892
4056,1.5817600591975,0.950977710156785,0,0,0.025,0.0565621069401619,0,0.0953551970453599,0.125297989089716,1,8,1.03638204807444,0,1,10,0,-7280.3832909349,-6881.79646615201,-398.586824782892
4061,1.5817600591975,0.950977710156785,0,0,0.025,0.0565621069401619,0,0.0953551970453599,0.125297989089716,1,8,1.03638204807444,0,1,10,0,-7280.61628180975,-6884.47624804372,-396.140033766026
4066,1.5817600591975,1.0325711866891,0,0,0.025,0.0565621069401619,0,0.0953551970453599,0.125297989089716,1,8,1.03638204807444,0,1,10,0,-7286.8037316351,-6887.98759926777,-398.816132367322
4071,1.5817600591975,1.0325711866891,0,0,0.025,0.0565621069401619,0,0.0953551970453599,0.125297989089716,1,8,1.03638204807444,0,1,10,0,-7286.83079264153,-6889.06656356491,-397.76422907662
4076,1.5817600591975,1.0325711866891,0,0,0.025,0.0565621069401619,0,0.0953551970453599,0.125297989089716,1,8,1.03638204807444,0,1,10,0,-7286.17017971447,-6887.93864606557,-398.231533648896
4081,1.5817600591975,1.0325711866891,0,0,0.025,0.0565621069401619,0,0.0953551970453599,0.125297989089716,1,8,1.04632374937965,0,1,10,0,-7284.24106238088,-6884.70119591234,-399.539866468546
4086,1.5817600591975,1.0325711866891,0,0,0.025,0.0565621069401619,0,0.0953551970453599,0.125297989089716,1,8,1.04632374937965,0,1,10,0,-7284.24106238088,-6884.70119591234,-399.539866468546
4091,1.5817600591975,1.0325711866891,0,0,0.025,0.0565621069401619,0,0.0953551970453599,0.125297989089716,1,8,1.04632374937965,0,1,10,0,-7280.20749900771,-6877.60015636075,-402.607342646959
4096,1.5817600591975,1.0325711866891,0,0,0.025,0.0565621069401619,0,0.0953551970453599,0.125297989089716,1,8,1.04632374937965,0,1,10,0,-7282.59917636289,-6880.36652716537,-402.232649197518
4101,1.5817600591975,1.0325711866891,0,0,0.025,0.0565621069401619,0,0.0960247653807525,0.125297989089716,1,8,1.04632374937965,0,1,10,0,-7279.47967628192,-6875.88605053126,-403.593625750653
4106,1.5817600591975,1.0325711866891,0,0,0.025,0.0565621069401619,0,0.0960247653807525,0.125297989089716,1,8,1.04632374937965,0,1,10,0,-7278.16680372286,-6874.40719283473,-403.759610888127
4111,1.5817600591975,1.0325711866891,0,0,0.025,0.0565621069401619,0,0.0960247653807525,0.125297989089716,1,8,1.04632374937965,0,1,10,0,-7276.53244638123,-6873.8432769048,-402.689169476426
4116,1.5817600591975,1.0325711866891,0,0,0.025,0.0565621069401619,0,0.0960247653807525,0.125297989089716,1,8,1.04632374937965,0,1,10,0,-7276.53244638123,-6873.8432769048,-402.689169476426
4121,1.5817600591975,1.0325711866891,0,0,0.025,0.0565621069401619,0,0.0960247653807525,0.125297989089716,1,8,1.04632374937965,0,1,10,0,-7276.43351833103,-6876.1422441274,-400.291274203628
4126,1.5817600591975,0.929480416340489,0,0,0.025,0.0565621069401619,0,0.0960247653807525,0.125297989089716,1,8,1.04632374937965,0,1,10,0,-7280.70510159662,-6880.49952211409,-400.205579482523
4131,1.5817600591975,0.929480416340489,0,0,0.025,0.0565621069401619,0,0.0960247653807525,0.125297989089716,1,8,1.04632374937965,0,1,10,0,-7281.16608305698,-6879.68583934201,-401.480243714971
4136,1.5817600591975,0.929480416340489,0,0,0.025,0.0565621069401619,0,0.0960247653807525,0.125297989089716,1,8,1.04632374937965,0,1,10,0,-7279.53172571535,-6879.12192341208,-400.40980230327
4141,1.5817600591975,0.929480416340489,0,0,0.025,0.0565621069401619,0,0.0960247653807525,0.125297989089716,1,8,1.04632374937965,0,1,10,0,-7284.80643461596,-6882.36477973383,-402.441654882126
4146,1.5817600591975,0.929480416340489,0,0,0.025,0.0565621069401619,0,0.0957861984183663,0.125297989089716,1,8,1.04632374937965,0,1,10,0,-7285.71033165077,-6881.832192663,-403.87813898777
4151,1.5817600591975,0.929480416340489,0,0,0.025,0.0565621069401619,0,0.0957861984183663,0.125297989089716,1,8,1.04632374937965,0,1,10,0,-7280.1395503069,-6875.84446225284,-404.29508805406
4156,1.5817600591975,0.933576625121009,0,0,0.025,0.0565621069401619,0,0.0957861984183663,0.125297989089716,1,8,1.04632374937965,0,1,10,0,-7280.29268340205,-6876.16684482322,-404.125838578833
4161,1.5817600591975,0.933576625121009,0,0,0.025,0.0565621069401619,0,0.0957861984183663,0.125297989089716,1,8,1.04632374937965,0,1,10,0,-7279.99948445992,-6874.91223471394,-405.087249745988
4166,1.5817600591975,0.933576625121009,0,0,0.025,0.0565621069401619,0,0.0957861984183663,0.125297989089716,1,8,1.04632374937965,0,1,10,0,-7275.88227036279,-6873.1929158896,-402.689354473189
4171,1.5817600591975,0.933576625121009,0,0,0.025,0.0565621069401619,0,0.0957861984183663,0.125297989089716,1,8,1.02879671389616,0,1,10,0,-7282.753060108,-6875.39674796106,-407.356312146943
4176,1.5817600591975,0.933576625121009,0,0,0.025,0.0559897072397256,0,0.0957861984183663,0.125297989089716,1,8,1.02879671389616,0,1,10,0,-7282.69952691254,-6875.34321476559,-407.356312146943
4181,1.5817600591975,0.978200260463785,0,0,0.025,0.0559897072397256,0,0.0957861984183663,0.125297989089716,1,8,1.02879671389616,0,1,10,0,-7282.59176973393,-6875.23545758698,-407.356312146943
4186,1.5817600591975,0.978200260463785,0,0,0.025,0.0559897072397256,0,0.0957861984183663,0.127907081083109,1,8,1.02879671389616,0,1,10,0,-7284.06614859842,-6875.95215074978,-408.11399784864
4191,1.5817600591975,0.978200260463785,0,0,0.025,0.0559897072397256,0,0.0957861984183663,0.127907081083109,1,8,1.02879671389616,0,1,10,0,-7284.06614859842,-6875.95215074978,-408.11399784864
4196,1.5817600591975,0.978200260463785,0,0,0.025,0.0559897072397256,0,0.0957861984183663,0.124405853614358,1,8,1.02879671389616,0,1,10,0,-7277.64765274059,-6873.5466860983,-404.100966642293
4201,1.5817600591975,0.949229948914777,0,0,0.025,0.0559897072397256,0,0.0957861984183663,0.124405853614358,1,8,1.02879671389616,0,1,10,0,-7275.13178052003,-6872.28357684623,-402.848203673798
4206,1.61003087888896,0.949229948914777,0,0,0.025,0.0559897072397256,0,0.0957861984183663,0.131116703295838,1,8,1.02879671389616,0,1,10,0,-7278.90757695997,-6875.20192305432,-403.705653905649
4211,1.61003087888896,0.949229948914777,0,0,0.025,0.0557703175593588,0,0.0957861984183663,0.127167760869594,1,8,1.02879671389616,0,1,10,0,-7280.03674944864,-6876.33109554299,-403.705653905649
4216,1.61003087888896,0.949229948914777,0,0,0.025,0.0557703175593588,0,0.0957861984183663,0.127167760869594,1,8,1.02879671389616,0,1,10,0,-7276.6619703751,-6873.81376670131,-402.848203673798
4221,1.61003087888896,0.949229948914777,0,0,0.025,0.0557703175593588,0,0.0957861984183663,0.127200546544212,1,8,1.02879671389616,0,1,10,0,-7276.65130522486,-6873.80310155106,-402.848203673798
4226,1.61003087888896,0.949229948914777,0,0,0.025,0.0593908318854813,0,0.0957861984183663,0.127200546544212,1,8,1.02879671389616,0,1,10,0,-7270.89597963536,-6868.84201925899,-402.053960376367
4231,1.61003087888896,0.949229948914777,0,0,0.025,0.0593908318854813,0,0.0957861984183663,0.127200546544212,1,8,1.02879671389616,0,1,10,0,-7268.65417784056,-6866.60021746419,-402.053960376367
4236,1.61003087888896,0.949229948914777,0,0,0.025,0.0593908318854813,0,0.0957861984183663,0.127200546544212,1,8,1.02879671389616,0,1,10,0,-7268.78277100584,-6866.74785882445,-402.034912181396
4241,1.61003087888896,0.949229948914777,0,0,0.025,0.0593908318854813,0,0.0957861984183663,0.127200546544212,1,8,1.02879671389616,0,1,10,0,-7268.78277100584,-6866.74785882445,-402.034912181396
4246,1.61003087888896,0.949229948914777,0,0,0.025,0.0593908318854813,0,0.0957861984183663,0.127200546544212,1,8,1.02879671389616,0,1,10,0,-7269.22603661637,-6866.37783294257,-402.848203673798
4251,1.61003087888896,0.949229948914777,0,0,0.025,0.0593908318854813,0,0.0957861984183663,0.127200546544212,1,8,1.02879671389616,0,1,10,0,-7270.1236714025,-6870.49294397322,-399.630727429284
4256,1.61003087888896,0.949229948914777,0,0,0.025,0.0571359526262531,0,0.0957861984183663,0.132259740653796,1,8,1.02879671389616,0,1,10,0,-7276.20292326886,-6873.76883545867,-402.434087810191
4261,1.61003087888896,0.949229948914777,0,0,0.025,0.0571359526262531,0,0.0957861984183663,0.132259740653796,1,8,1.02879671389616,0,1,10,0,-7274.07770358287,-6872.85588737982,-401.22181620305
4266,1.61003087888896,0.949229948914777,0,0,0.025,0.0571359526262531,0,0.0957861984183663,0.131543322294023,1,8,1.02879671389616,0,1,10,0,-7274.04084971282,-6872.81903350977,-401.22181620305
4271,1.61003087888896,0.996369830411807,0,0,0.025,0.0571359526262531,0,0.0957861984183663,0.131543322294023,1,8,1.02879671389616,0,1,10,0,-7276.3820146227,-6874.08975700795,-402.292257614752
4276,1.61003087888896,0.996369830411807,0,0,0.025,0.0571359526262531,0,0.0957861984183663,0.131543322294023,1,8,1.02879671389616,0,1,10,0,-7278.25178542033,-6875.89890318376,-402.352882236568
4281,1.59554005186452,0.919760600378139,0,0,0.025,0.0571359526262531,0,0.0957861984183663,0.131543322294023,1,8,1.02879671389616,0,1,10,0,-7277.43448402546,-6873.9445232194,-403.489960806064
4286,1.59554005186452,0.919760600378139,0,0,0.025,0.0571359526262531,0,0.0957861984183663,0.131543322294023,1,8,1.02879671389616,0,1,10,0,-7278.58223916369,-6872.69438308483,-405.887856078862
4291,1.59554005186452,0.919760600378139,0,0,0.025,0.0554546950142825,0,0.0957861984183663,0.131543322294023,1,8,1.02879671389616,0,1,10,0,-7281.04073501529,-6872.20843995726,-408.832295058029
4296,1.59554005186452,0.922532042447431,0,0,0.025,0.0554546950142825,0,0.0957861984183663,0.125176679438333,1,8,1.02879671389616,0,1,10,0,-7279.07377052386,-6871.31191687753,-407.761853646327
4301,1.59554005186452,0.922532042447431,0,0,0.025,0.056881654268844,0,0.0957861984183663,0.125805615755916,1,8,1.02879671389616,0,1,10,0,-7276.81201959369,-6870.23578961302,-406.57622998067
4306,1.59554005186452,0.989998148255539,0,0,0.025,0.056881654268844,0,0.0957861984183663,0.125805615755916,1,8,1.02879671389616,0,1,10,0,-7281.88041315994,-6873.04811810191,-408.832295058029
4311,1.59554005186452,0.989998148255539,0,0,0.025,0.056881654268844,0,0.0957861984183663,0.125805615755916,1,8,1.02879671389616,0,1,10,0,-7281.88041315994,-6873.04811810191,-408.832295058029
4316,1.59554005186452,0.989998148255539,0,0,0.025,0.056881654268844,0,0.0957861984183663,0.125805615755916,1,8,1.02879671389616,0,1,10,0,-7278.83278996491,-6872.25655998425,-406.57622998067
4321,1.59554005186452,0.989998148255539,0,0,0.025,0.056881654268844,0,0.0957861984183663,0.134719062222923,1,8,1.02879671389616,0,1,10,0,-7279.3710405578,-6871.60918691147,-407.761853646327
4326,1.59554005186452,0.989998148255539,0,0,0.025,0.056881654268844,0,0.0957861984183663,0.134719062222923,1,8,1.02879671389616,0,1,10,0,-7277.74333198873,-6871.16710200806,-406.57622998067
4331,1.59554005186452,0.989998148255539,0,0,0.025,0.056881654268844,0,0.0957861984183663,0.140832738381412,1,8,1.02879671389616,0,1,10,0,-7283.40024826611,-6877.53736817331,-405.862880092792
4336,1.59554005186452,0.989998148255539,0,0,0.025,0.056881654268844,0,0.0957861984183663,0.140832738381412,1,8,1.02879671389616,0,1,10,0,-7280.44451963645,-6877.52607852282,-402.918441113626
4341,1.59554005186452,1.04340210455696,0,0,0.025,0.056881654268844,0,0.0957861984183663,0.140832738381412,1,8,1.02879671389616,0,1,10,0,-7280.45662221758,-6878.24768317293,-402.208939044649
4346,1.59554005186452,1.04340210455696,0,0,0.025,0.056881654268844,0,0.0957861984183663,0.140832738381412,1,8,1.02879671389616,0,1,10,0,-7280.45662221758,-6878.24768317293,-402.208939044649
4351,1.59554005186452,0.976374878006997,0,0,0.025,0.056881654268844,0,0.0957861984183663,0.140832738381412,1,8,1.02879671389616,0,1,10,0,-7283.69020184163,-6880.38793386104,-403.302267980593
4356,1.59554005186452,0.976374878006997,0,0,0.025,0.056881654268844,0,0.0957861984183663,0.140832738381412,1,8,1.02879671389616,0,1,10,0,-7283.88760286922,-6882.07448663519,-401.813116234033
4361,1.59554005186452,0.976374878006997,0,0,0.025,0.056881654268844,0,0.0957861984183663,0.140832738381412,1,8,1.02879671389616,0,1,10,0,-7283.88760286922,-6882.07448663519,-401.813116234033
4366,1.59554005186452,0.976374878006997,0,0,0.025,0.056881654268844,0,0.0957861984183663,0.142847174238118,1,8,1.02879671389616,0,1,10,0,-7283.54285320483,-6885.06494550475,-398.477907700087
4371,1.59554005186452,0.976374878006997,0,0,0.025,0.056881654268844,0,0.0957861984183663,0.142847174238118,1,8,1.02879671389616,0,1,10,0,-7286.14090060992,-6886.07887280538,-400.062027804536
4376,1.59554005186452,0.976374878006997,0,0,0.025,0.056881654268844,0,0.0957861984183663,0.143782637751779,1,8,1.02879671389616,0,1,10,0,-7285.54722647804,-6883.26207775187,-402.285148726176
4381,1.59554005186452,0.976374878006997,0,0,0.025,0.056881654268844,0,0.0957861984183663,0.143782637751779,1,8,1.02879671389616,0,1,10,0,-7281.193252996,-6881.85254324899,-399.34070974701
4386,1.59554005186452,1.07488813668504,0,0,0.025,0.056881654268844,0,0.0957861984183663,0.143782637751779,1,8,1.02879671389616,0,1,10,0,-7281.17599835568,-6881.83528860867,-399.34070974701
4391,1.59554005186452,1.07488813668504,0,0,0.025,0.056881654268844,0,0.0957861984183663,0.143782637751779,1,8,1.02879671389616,0,1,10,0,-7282.02062251804,-6881.33428944964,-400.686333068399
4396,1.59554005186452,1.07488813668504,0,0,0.025,0.056881654268844,0,0.0957861984183663,0.143782637751779,1,8,1.02879671389616,0,1,10,0,-7283.7710402411,-6881.77637435305,-401.994665888049
4401,1.59554005186452,1.07488813668504,0,0,0.025,0.056881654268844,0,0.0957861984183663,0.143782637751779,1,8,1.02879671389616,0,1,10,0,-7283.7710402411,-6881.77637435305,-401.994665888049
4406,1.59554005186452,1.02027674274245,0,0,0.025,0.056881654268844,0,0.0957861984183663,0.143782637751779,1,8,1.02879671389616,0,1,10,0,-7277.84095997812,-6878.19154562938,-399.649414348736
4411,1.59554005186452,1.02027674274245,0,0,0.025,0.056881654268844,0,0.0957861984183663,0.143782637751779,1,8,1.02879671389616,0,1,10,0,-7277.84095997812,-6878.19154562938,-399.649414348736
4416,1.59554005186452,1.02027674274245,0,0,0.025,0.056881654268844,0,0.0957861984183663,0.143782637751779,1,8,1.02879671389616,0,1,10,0,-7277.84095997812,-6878.19154562938,-399.649414348736
4421,1.59554005186452,1.02027674274245,0,0,0.025,0.056881654268844,0,0.0957861984183663,0.143782637751779,1,8,1.02879671389616,0,1,10,0,-7275.39860605108,-6878.45724190345,-396.941364147634
4426,1.59554005186452,1.01030996243736,0,0,0.025,0.056881654268844,0,0.0957861984183663,0.143782637751779,1,8,1.02879671389616,0,1,10,0,-7278.26725875816,-6880.01756179088,-398.249696967284
4431,1.59554005186452,1.01030996243736,0,0,0.025,0.056881654268844,0,0.0957861984183663,0.143782637751779,1,8,1.02879671389616,0,1,10,0,-7277.31812699295,-6878.7525411367,-398.565585856252
4436,1.59554005186452,1.01030996243736,0,0,0.025,0.056881654268844,0,0.0957861984183663,0.144371503156399,1,8,1.02879671389616,0,1,10,0,-7276.68994298593,-6879.65725496499,-397.03268802094
4441,1.62419674605226,1.01030996243736,0,0,0.025,0.056881654268844,0,0.0957861984183663,0.144371503156399,1,8,1.02879671389616,0,1,10,0,-7278.02866169631,-6880.96797594359,-397.060685752724
4446,1.62419674605226,1.01030996243736,0,0,0.025,0.056881654268844,0,0.0957861984183663,0.144371503156399,1,8,1.02879671389616,0,1,10,0,-7282.99231086754,-6879.22471832487,-403.767592542662
4451,1.62419674605226,1.01030996243736,0,0,0.025,0.056881654268844,0,0.0957861984183663,0.144371503156399,1,8,1.02879671389616,0,1,10,0,-7287.67777333866,-6881.60004849736,-406.077724841292
4456,1.62419674605226,1.01030996243736,0,0,0.025,0.056881654268844,0,0.0953142948550586,0.144371503156399,1,8,1.02879671389616,0,1,10,0,-7281.57987754134,-6878.59504433793,-402.984833203413
4461,1.62419674605226,1.01030996243736,0,0,0.025,0.056881654268844,0,0.0953142948550586,0.144371503156399,1,8,1.02879671389616,0,1,10,0,-7280.65604747475,-6878.07407859775,-402.581968877004
4466,1.62419674605226,1.01030996243736,0,0,0.025,0.056881654268844,0,0.0953142948550586,0.144371503156399,1,8,1.02879671389616,0,1,10,0,-7280.30299584457,-6877.72102696756,-402.581968877004
4471,1.62419674605226,1.01030996243736,0,0,0.025,0.0549618827704808,0,0.0953142948550586,0.144371503156399,1,8,1.02879671389616,0,1,10,0,-7282.90746642354,-6878.23298392329,-404.674482500252
4476,1.62419674605226,0.872144132753934,0,0,0.025,0.0549618827704808,0,0.0953142948550586,0.141557725453008,1,8,1.02879671389616,0,1,10,0,-7277.35123928151,-6873.83145853657,-403.519780744933
4481,1.62419674605226,0.872144132753934,0,0,0.025,0.0549618827704808,0,0.0953142948550586,0.126565822799303,1,8,1.02879671389616,0,1,10,0,-7278.78847675829,-6874.0830723477,-404.70540441059
4486,1.62419674605226,0.872144132753934,0,0,0.025,0.0549618827704808,0,0.0953142948550586,0.126565822799303,1,8,1.02879671389616,0,1,10,0,-7276.67279937055,-6876.91189045155,-399.760908918999
4491,1.62419674605226,0.872144132753934,0,0,0.025,0.0589715992873006,0,0.0953142948550586,0.126565822799303,1,8,1.02879671389616,0,1,10,0,-7273.2491581973,-6874.79658209795,-398.452576099348
4496,1.66064499500912,0.872144132753934,0,0,0.025,0.0589715992873006,0,0.0953142948550586,0.126565822799303,1,8,1.02879671389616,0,1,10,0,-7273.27189237246,-6874.81931627311,-398.452576099348
4501,1.66064499500912,0.872144132753934,0,0,0.025,0.0589715992873006,0,0.0953142948550586,0.132337866964323,1,8,1.02879671389616,0,1,10,0,-7263.84327577796,-6868.59523277371,-395.248043004249
4506,1.66064499500912,0.92805867460638,0,0,0.025,0.0589715992873006,0,0.0953142948550586,0.132337866964323,1,8,1.02879671389616,0,1,10,0,-7269.05656889547,-6872.46045274292,-396.596116152549
4511,1.66064499500912,0.92805867460638,0,0,0.025,0.0589715992873006,0,0.0953142948550586,0.150693707235762,1,8,1.02879671389616,0,1,10,0,-7267.09173691147,-6867.44398085343,-399.647756058041
4516,1.66064499500912,0.92805867460638,0,0,0.025,0.0589715992873006,0,0.0953142948550586,0.150693707235762,1,8,1.02879671389616,0,1,10,0,-7267.09173691147,-6867.44398085343,-399.647756058041
4521,1.66064499500912,0.92805867460638,0,0,0.025,0.0589715992873006,0,0.0953142948550586,0.14502086349373,1,8,1.02879671389616,0,1,10,0,-7266.21949709059,-6866.57174103255,-399.647756058041
4526,1.66064499500912,0.92805867460638,0,0,0.025,0.0589715992873006,0,0.0953142948550586,0.14502086349373,1,8,1.02879671389616,0,1,10,0,-7265.43833232847,-6865.12108328077,-400.317249047703
4531,1.66064499500912,0.92805867460638,0,0,0.025,0.0589715992873006,0,0.0953142948550586,0.14502086349373,1,8,1.02879671389616,0,1,10,0,-7265.40806736553,-6866.06301668164,-399.345050683891
4536,1.66064499500912,0.92805867460638,0,0,0.025,0.0589715992873006,0,0.0957709572817623,0.14502086349373,1,8,1.02879671389616,0,1,10,0,-7266.47945078274,-6866.88308567057,-399.596365112172
4541,1.66064499500912,0.973834532421878,0,0,0.025,0.0589715992873006,0,0.0957709572817623,0.14502086349373,1,8,1.02879671389616,0,1,10,0,-7264.99106943489,-6864.18639311679,-400.804676318096
4546,1.66064499500912,0.973834532421878,0,0,0.025,0.0589715992873006,0,0.0957709572817623,0.14502086349373,1,8,1.02879671389616,0,1,10,0,-7263.67399496355,-6862.23922960086,-401.434765362689
4551,1.66064499500912,0.973834532421878,0,0,0.025,0.0589715992873006,0,0.0957709572817623,0.14502086349373,1,8,1.02879671389616,0,1,10,0,-7268.25041059928,-6865.3752836542,-402.875126945079
4556,1.66064499500912,0.973834532421878,0,0,0.025,0.0589715992873006,0,0.0957709572817623,0.14502086349373,1,8,1.02879671389616,0,1,10,0,-7260.77999604047,-6860.81358999196,-399.966406048515
4561,1.66064499500912,0.973834532421878,0,0,0.025,0.0643817203344969,0,0.0957709572817623,0.14502086349373,1,8,1.02879671389616,0,1,10,0,-7260.46100065742,-6860.49459460891,-399.966406048515
4566,1.66064499500912,0.973834532421878,0,0,0.025,0.0643817203344969,0,0.0957709572817623,0.14502086349373,1,8,1.02879671389616,0,1,10,0,-7260.46100065742,-6860.49459460891,-399.966406048515
4571,1.66064499500912,0.973834532421878,0,0,0.025,0.0643817203344969,0,0.0957709572817623,0.141159965145688,1,8,1.02879671389616,0,1,10,0,-7259.84987603554,-6859.31739440974,-400.5324816258
4576,1.66064499500912,0.973834532421878,0,0,0.025,0.0643817203344969,0,0.0957709572817623,0.141159965145688,1,8,1.02879671389616,0,1,10,0,-7259.84987603554,-6859.31739440974,-400.5324816258
4581,1.66064499500912,0.973834532421878,0,0,0.025,0.0643817203344969,0,0.0957709572817623,0.141159965145688,1,8,1.02879671389616,0,1,10,0,-7260.88798870618,-6859.72062880795,-401.167359898236
4586,1.66064499500912,1.04809676644756,0,0,0.025,0.0643817203344969,0,0.0957709572817623,0.141159965145688,1,8,1.02879671389616,0,1,10,0,-7268.37268410861,-6864.56323197707,-403.809452131546
4591,1.66064499500912,1.04809676644756,0,0,0.025,0.0643817203344969,0,0.0957709572817623,0.141159965145688,1,8,1.02879671389616,0,1,10,0,-7268.37268410861,-6864.56323197707,-403.809452131546
4596,1.66064499500912,1.04809676644756,0,0,0.025,0.0643817203344969,0,0.0957709572817623,0.141159965145688,1,8,1.02879671389616,0,1,10,0,-7264.61272820827,-6863.20117134952,-401.411556858748
4601,1.66064499500912,1.04809676644756,0,0,0.025,0.0643817203344969,0,0.0957709572817623,0.137987418955946,1,8,1.02879671389616,0,1,10,0,-7265.80502153552,-6864.39346467677,-401.411556858748
4606,1.66064499500912,0.998306107809078,0,0,0.025,0.0643817203344969,0,0.0957709572817623,0.137987418955946,1,8,1.02879671389616,0,1,10,0,-7264.62312389039,-6865.20139641463,-399.421727475758
4611,1.66064499500912,0.991870933894694,0,0,0.025,0.0643817203344969,0,0.0957709572817623,0.131940348143616,1,8,1.02879671389616,0,1,10,0,-7271.25918295126,-6871.3118819951,-399.947300956158
4616,1.66064499500912,0.991870933894694,0,0,0.025,0.0671256534481683,0,0.0957709572817623,0.131940348143616,1,8,1.02879671389616,0,1,10,0,-7267.90022022601,-6869.2612520895,-398.638968136508
4621,1.65261831677578,0.991870933894694,0,0,0.025,0.0671256534481683,0,0.0957709572817623,0.131940348143616,1,8,1.02879671389616,0,1,10,0,-7269.13928622464,-6871.1502899424,-397.988996282233
4626,1.65261831677578,0.991870933894694,0,0,0.025,0.0671256534481683,0,0.0957709572817623,0.131940348143616,1,8,1.02879671389616,0,1,10,0,-7269.13928622464,-6871.1502899424,-397.988996282233
4631,1.65261831677578,0.991870933894694,0,0,0.025,0.062894832687842,0,0.0957709572817623,0.131940348143616,1,8,1.02879671389616,0,1,10,0,-7268.25530063576,-6868.9088035344,-399.34649710136
4636,1.65261831677578,0.991870933894694,0,0,0.025,0.062894832687842,0,0.0957709572817623,0.131940348143616,1,8,1.02879671389616,0,1,10,0,-7267.89722987407,-6866.43355090305,-401.463678971023
4641,1.65261831677578,0.991870933894694,0,0,0.025,0.0650241342292232,0,0.0957709572817623,0.131940348143616,1,8,1.02879671389616,0,1,10,0,-7267.13119577449,-6866.72412436537,-400.407071409124
4646,1.65261831677578,0.991870933894694,0,0,0.025,0.0650241342292232,0,0.0957709572817623,0.149939409560453,1,8,1.02879671389616,0,1,10,0,-7270.06048169341,-6870.85260980986,-399.207871883551
4651,1.65261831677578,1.00830513660243,0,0,0.025,0.0650241342292232,0,0.0957709572817623,0.149939409560453,1,8,1.02879671389616,0,1,10,0,-7270.68225599083,-6870.5580933754,-400.124162615425
4656,1.65261831677578,1.00830513660243,0,0,0.025,0.0650241342292232,0,0.0957709572817623,0.139878962127678,1,8,1.02879671389616,0,1,10,0,-7271.19827440337,-6870.54808694444,-400.650187458924
4661,1.65261831677578,1.00830513660243,0,0,0.025,0.0650241342292232,0,0.0957709572817623,0.139938055944411,1,8,1.02879671389616,0,1,10,0,-7269.62858189064,-6869.89468516359,-399.73389672705
4666,1.65146385101771,1.00830513660243,0,0,0.025,0.0650241342292232,0,0.0957709572817623,0.139938055944411,1,8,1.02879671389616,0,1,10,0,-7269.63290185179,-6869.89900512474,-399.73389672705
4671,1.65146385101771,1.00830513660243,0,0,0.025,0.065173505759299,0,0.0957709572817623,0.139938055944411,1,8,1.02879671389616,0,1,10,0,-7269.36601212328,-6870.65068497722,-398.715327146056
4676,1.65146385101771,1.00830513660243,0,0,0.025,0.065173505759299,0,0.0957709572817623,0.139938055944411,1,8,1.02879671389616,0,1,10,0,-7263.38573701542,-6868.19876283297,-395.186974182444
4681,1.65146385101771,1.00830513660243,0,0,0.025,0.065173505759299,0,0.0957709572817623,0.143013726753189,1,8,1.02879671389616,0,1,10,0,-7259.88144718716,-6868.11420850738,-391.767238679783
4686,1.65146385101771,1.00830513660243,0,0,0.025,0.065173505759299,0,0.0957709572817623,0.143013726753189,1,8,1.02879671389616,0,1,10,0,-7261.46842972427,-6868.11915210625,-393.349277618029
4691,1.65146385101771,1.00830513660243,0,0,0.025,0.065173505759299,0,0.0957709572817623,0.14876599520285,1,8,1.02879671389616,0,1,10,0,-7262.68888719753,-6869.33960957951,-393.349277618029
4696,1.65146385101771,1.00830513660243,0,0,0.025,0.065173505759299,0,0.0957709572817623,0.14876599520285,1,8,1.02879671389616,0,1,10,0,-7262.68888719753,-6869.33960957951,-393.349277618029
4701,1.65146385101771,1.05366266888894,0,0,0.025,0.065173505759299,0,0.0957709572817623,0.145888284297688,1,8,1.02879671389616,0,1,10,0,-7262.6561362284,-6869.30685861037,-393.349277618029
4706,1.65146385101771,1.05366266888894,0,0,0.025,0.065173505759299,0,0.0957709572817623,0.145888284297688,1,8,1.02879671389616,0,1,10,0,-7262.6561362284,-6869.30685861037,-393.349277618029
4711,1.65146385101771,1.05366266888894,0,0,0.025,0.065173505759299,0,0.0957709572817623,0.145888284297688,1,8,1.02879671389616,0,1,10,0,-7264.11166995277,-6868.36449706194,-395.747172890827
4716,1.65146385101771,1.05366266888894,0,0,0.025,0.065173505759299,0,0.0957709572817623,0.145888284297688,1,8,1.02879671389616,0,1,10,0,-7264.11166995277,-6868.36449706194,-395.747172890827
4721,1.65146385101771,1.0085046351653,0,0,0.025,0.065173505759299,0,0.0957709572817623,0.145888284297688,1,8,1.02879671389616,0,1,10,0,-7263.14787382459,-6868.98482103822,-394.163052786377
4726,1.65146385101771,1.0085046351653,0,0,0.025,0.065173505759299,0,0.0957709572817623,0.145888284297688,1,8,1.02879671389616,0,1,10,0,-7263.14787382459,-6868.98482103822,-394.163052786377
4731,1.65146385101771,1.0085046351653,0,0,0.025,0.065173505759299,0,0.0957709572817623,0.145888284297688,1,8,1.02879671389616,0,1,10,0,-7263.99596111302,-6868.60874597298,-395.387215140039
4736,1.65146385101771,1.0085046351653,0,0,0.025,0.065173505759299,0,0.0957709572817623,0.147180811281524,1,8,1.02879671389616,0,1,10,0,-7266.52847264962,-6870.66502333058,-395.863449319036
4741,1.65146385101771,1.0085046351653,0,0,0.025,0.065173505759299,0,0.0957709572817623,0.147180811281524,1,8,1.02879671389616,0,1,10,0,-7263.65621367466,-6867.23524243746,-396.420971237193
4746,1.65146385101771,1.0085046351653,0,0,0.025,0.065173505759299,0,0.0957709572817623,0.147180811281524,1,8,1.02879671389616,0,1,10,0,-7261.57768602754,-6865.75479685911,-395.82288916843
4751,1.65146385101771,1.0085046351653,0,0,0.025,0.065173505759299,0,0.0957709572817623,0.147180811281524,1,8,1.02879671389616,0,1,10,0,-7261.57768602754,-6865.75479685911,-395.82288916843
4756,1.65146385101771,1.03044414684125,0,0,0.025,0.065173505759299,0,0.0957709572817623,0.147180811281524,1,8,1.02879671389616,0,1,10,0,-7262.13293241895,-6866.3651030277,-395.767829391246
4761,1.65146385101771,1.03044414684125,0,0,0.025,0.065269007616018,0,0.0952944376782535,0.147180811281524,1,8,1.02879671389616,0,1,10,0,-7259.51642602611,-6865.49156593992,-394.024860086188
4766,1.65146385101771,0.986369136992187,0,0,0.025,0.0657277004453499,0,0.0952944376782535,0.147180811281524,1,8,1.02879671389616,0,1,10,0,-7259.71862395843,-6864.58106684369,-395.137557114738
4771,1.65146385101771,0.986369136992187,0,0,0.025,0.0657277004453499,0,0.0952944376782535,0.136623636991601,1,8,1.02879671389616,0,1,10,0,-7261.61813096367,-6866.08685447126,-395.531276492407
4776,1.65146385101771,0.986369136992187,0,0,0.025,0.0657277004453499,0,0.0952944376782535,0.136623636991601,1,8,1.02879671389616,0,1,10,0,-7261.39052884058,-6863.45757635254,-397.932952488045
4781,1.65146385101771,0.986369136992187,0,0,0.025,0.0657277004453499,0,0.0952944376782535,0.129823555010273,1,8,1.02879671389616,0,1,10,0,-7263.50422401263,-6867.53738438096,-395.966839631672
4786,1.65146385101771,0.986369136992187,0,0,0.025,0.0657277004453499,0,0.0952944376782535,0.129823555010273,1,8,1.02879671389616,0,1,10,0,-7263.82225453818,-6867.62546530072,-396.196789237456
4791,1.65146385101771,0.986369136992187,0,0,0.025,0.0657277004453499,0,0.0952944376782535,0.129823555010273,1,8,1.02879671389616,0,1,10,0,-7264.38858992142,-6868.57924728657,-395.80934263485
4796,1.65146385101771,0.986369136992187,0,0,0.025,0.0666585945019487,0,0.0952944376782535,0.129823555010273,1,8,1.02879671389616,0,1,10,0,-7263.72612698996,-6867.4803570214,-396.245769968562
4801,1.65146385101771,0.986369136992187,0,0,0.025,0.0666585945019487,0,0.0952944376782535,0.129823555010273,1,8,1.02879671389616,0,1,10,0,-7263.72612698996,-6867.4803570214,-396.245769968562
4806,1.65146385101771,0.986369136992187,0,0,0.025,0.065147517595461,0,0.0952944376782535,0.129823555010273,1,8,1.02879671389616,0,1,10,0,-7267.71312261677,-6872.29914632206,-395.413976294711
4811,1.65146385101771,0.986369136992187,0,0,0.025,0.070737286722421,0,0.0952944376782535,0.129823555010273,1,8,1.02879671389616,0,1,10,0,-7263.09483634389,-6867.68086004918,-395.413976294711
4816,1.65146385101771,0.986369136992187,0,0,0.025,0.070737286722421,0,0.0952944376782535,0.128719278653872,1,8,1.02879671389616,0,1,10,0,-7265.46135116977,-6869.8467041796,-395.614646990173
4821,1.65146385101771,0.986369136992187,0,0,0.025,0.0704797527867555,0,0.0952944376782535,0.128719278653872,1,8,1.02879671389616,0,1,10,0,-7265.56171872501,-6869.94707173484,-395.614646990173
4826,1.65146385101771,0.986369136992187,0,0,0.025,0.0704797527867555,0,0.0952944376782535,0.128719278653872,1,8,1.02879671389616,0,1,10,0,-7264.74057924428,-6869.18399605506,-395.556583189218
4831,1.65146385101771,0.986369136992187,0,0,0.025,0.0704797527867555,0,0.0952944376782535,0.128719278653872,1,8,1.02879671389616,0,1,10,0,-7262.17198027906,-6868.10705196662,-394.064928312441
4836,1.65518085118824,0.986369136992187,0,0,0.025,0.0704797527867555,0,0.0952944376782535,0.144919696802256,1,8,1.04180943528585,0,1,10,0,-7256.53506316102,-6864.31596153908,-392.219101621942
4841,1.65518085118824,0.986369136992187,0,0,0.025,0.0704797527867555,0,0.0952944376782535,0.14705524187154,1,8,1.04180943528585,0,1,10,0,-7253.75957698453,-6863.21015687188,-390.549420112654
4846,1.65518085118824,0.986369136992187,0,0,0.025,0.0704797527867555,0,0.0952944376782535,0.14705524187154,1,8,1.04180943528585,0,1,10,0,-7255.05014457948,-6861.64809303691,-393.402051542567
4851,1.65518085118824,0.986369136992187,0,0,0.025,0.0704797527867555,0,0.0952944376782535,0.14705524187154,1,8,1.04180943528585,0,1,10,0,-7253.30314649443,-6863.55538296121,-389.747763533223
4856,1.65518085118824,0.986369136992187,0,0,0.025,0.0704797527867555,0,0.0952944376782535,0.14705524187154,1,8,1.04180943528585,0,1,10,0,-7251.60946609352,-6863.46173969845,-388.147726395073
4861,1.65518085118824,0.986369136992187,0,0,0.025,0.0704797527867555,0,0.0938661582205119,0.14560796680219,1,8,1.04180943528585,0,1,10,0,-7250.89363159979,-6862.74590520472,-388.147726395073
4866,1.65518085118824,0.928788941605985,0,0,0.025,0.0704797527867555,0,0.0938661582205119,0.14560796680219,1,8,1.04180943528585,0,1,10,0,-7251.88821980335,-6863.74049340827,-388.147726395073
4871,1.65518085118824,0.928788941605985,0,0,0.025,0.0704797527867555,0,0.0938661582205119,0.14560796680219,1,8,1.04180943528585,0,1,10,0,-7254.88525467224,-6864.18898495509,-390.696269717148
4876,1.65518085118824,0.928788941605985,0,0,0.025,0.0704797527867555,0,0.0938661582205119,0.14560796680219,1,8,1.04180943528585,0,1,10,0,-7253.88587707521,-6862.47741198253,-391.408465092678
4881,1.65518085118824,0.928788941605985,0,0,0.025,0.0704797527867555,0,0.0938661582205119,0.141395382466569,1,8,1.04180943528585,0,1,10,0,-7255.79793636808,-6863.40995867828,-392.387977689805
4886,1.65518085118824,0.928788941605985,0,0,0.025,0.0704797527867555,0,0.0938661582205119,0.141395382466569,1,8,1.04180943528585,0,1,10,0,-7256.80183491312,-6865.12007648544,-391.681758427678
4891,1.65518085118824,0.928788941605985,0,0,0.025,0.0704797527867555,0,0.0938661582205119,0.141395382466569,1,8,1.04180943528585,0,1,10,0,-7254.76605824635,-6866.69889646018,-388.067161786176
4896,1.65518085118824,0.928788941605985,0,0,0.025,0.0704797527867555,0,0.0938661582205119,0.141395382466569,1,8,1.05185341400007,0,1,10,0,-7253.23636531306,-6865.01350125637,-388.222864056695
4901,1.65518085118824,0.928788941605985,0,0,0.025,0.0704797527867555,0,0.0938661582205119,0.141395382466569,1,8,1.05185341400007,0,1,10,0,-7249.65540826166,-6866.49302730479,-383.162380956871
4906,1.65518085118824,0.928788941605985,0,0,0.025,0.0704797527867555,0,0.0938661582205119,0.135302783191923,1,8,1.05185341400007,0,1,10,0,-7250.6492927916,-6867.48691183473,-383.162380956871
4911,1.65518085118824,0.928788941605985,0,0,0.025,0.0704797527867555,0,0.0938661582205119,0.135302783191923,1,8,1.05185341400007,0,1,10,0,-7250.6492927916,-6867.48691183473,-383.162380956871
4916,1.65518085118824,0.928788941605985,0,0,0.025,0.0704797527867555,0,0.0938661582205119,0.141569098477935,1,8,1.05185341400007,0,1,10,0,-7252.39263539341,-6867.28434428749,-385.108291105927
4921,1.65518085118824,0.928788941605985,0,0,0.025,0.0704797527867555,0,0.0938661582205119,0.141569098477935,1,8,1.05185341400007,0,1,10,0,-7252.14089197929,-6868.81312727449,-383.327764704801
4926,1.66520854398908,0.928788941605985,0,0,0.025,0.0704797527867555,0,0.0938661582205119,0.153935722601475,1,8,1.05185341400007,0,1,10,0,-7251.76808116627,-6868.44031646147,-383.327764704801
4931,1.66520854398908,0.928788941605985,0,0,0.025,0.0704797527867555,0,0.0938661582205119,0.153935722601475,1,8,1.05185341400007,0,1,10,0,-7247.72270771068,-6865.88659788266,-381.836109828023
4936,1.69124722276007,0.928788941605985,0,0,0.025,0.0704797527867555,0,0.0938661582205119,0.153935722601475,1,8,1.05185341400007,0,1,10,0,-7247.34143927595,-6865.24174492706,-382.099694348896
4941,1.69124722276007,0.928788941605985,0,0,0.025,0.0737922177531724,0,0.0938661582205119,0.158602876345329,1,8,1.05185341400007,0,1,10,0,-7247.00292882893,-6864.90323448004,-382.099694348896
4946,1.69124722276007,0.928788941605985,0,0,0.025,0.0737922177531724,0,0.0938661582205119,0.158602876345329,1,8,1.05185341400007,0,1,10,0,-7246.58112645194,-6863.88544867094,-382.695677781002
4951,1.69124722276007,0.928788941605985,0,0,0.025,0.0737922177531724,0,0.0938661582205119,0.149851269059118,1,8,1.05185341400007,0,1,10,0,-7245.30568166713,-6864.24413441115,-381.061547255978
4956,1.69124722276007,0.928788941605985,0,0,0.025,0.0737922177531724,0,0.0938661582205119,0.149851269059118,1,8,1.05185341400007,0,1,10,0,-7245.30568166713,-6864.24413441115,-381.061547255978
4961,1.69124722276007,0.928788941605985,0,0,0.025,0.0737922177531724,0,0.0938661582205119,0.149851269059118,1,8,1.05185341400007,0,1,10,0,-7245.30568166713,-6864.24413441115,-381.061547255978
4966,1.69124722276007,0.914170215807489,0,0,0.025,0.0737922177531724,0,0.0938661582205119,0.149851269059118,1,8,1.05185341400007,0,1,10,0,-7245.92631625494,-6863.36069160218,-382.565624652754
4971,1.69124722276007,0.914170215807489,0,0,0.025,0.0737922177531724,0,0.0938661582205119,0.149851269059118,1,8,1.05185341400007,0,1,10,0,-7245.92631625494,-6863.36069160218,-382.565624652754
4976,1.69124722276007,0.914170215807489,0,0,0.025,0.0737922177531724,0,0.0938661582205119,0.149851269059118,1,8,1.05185341400007,0,1,10,0,-7249.53137993509,-6866.31854519696,-383.212834738127
4981,1.69124722276007,0.914170215807489,0,0,0.025,0.0737922177531724,0,0.0938661582205119,0.149851269059118,1,8,1.05185341400007,0,1,10,0,-7249.11905568047,-6866.8005327675,-382.318522912972
4986,1.69124722276007,0.914170215807489,0,0,0.025,0.0737922177531724,0,0.0938661582205119,0.149851269059118,1,8,1.05185341400007,0,1,10,0,-7249.11905568047,-6866.8005327675,-382.318522912972
4991,1.69124722276007,0.914170215807489,0,0,0.025,0.0737922177531724,0,0.0938661582205119,0.149851269059118,1,8,1.05185341400007,0,1,10,0,-7250.06292376451,-6865.62413731534,-384.438786449172
4996,1.69124722276007,0.914170215807489,0,0,0.025,0.0737922177531724,0,0.0938661582205119,0.149851269059118,1,8,1.05185341400007,0,1,10,0,-7250.38182695462,-6862.82952519624,-387.552301758382
5001,1.69124722276007,0.914170215807489,0,0,0.025,0.0737922177531724,0,0.0938661582205119,0.149851269059118,1,8,1.05185341400007,0,1,10,0,-7257.25137549648,-6867.58462417177,-389.666751324717
5006,1.69124722276007,0.914170215807489,0,0,0.025,0.0737922177531724,0,0.0938661582205119,0.148540642511907,1,8,1.05185341400007,0,1,10,0,-7257.22659171818,-6867.55984039347,-389.666751324717
5011,1.69124722276007,1.03650200970328,0,0,0.025,0.0831610382076304,0,0.0938661582205119,0.148540642511907,1,8,1.05185341400007,0,1,10,0,-7258.8087650258,-6869.14201370108,-389.666751324717
5016,1.69124722276007,1.03650200970328,0,0,0.025,0.0831610382076304,0,0.0938661582205119,0.148540642511907,1,8,1.05185341400007,0,1,10,0,-7258.8087650258,-6869.14201370108,-389.666751324717
5021,1.69124722276007,1.03650200970328,0,0,0.025,0.0799012611556959,0,0.0938661582205119,0.157351762616245,1,8,1.05185341400007,0,1,10,0,-7250.63985327746,-6862.03249352825,-388.607359749202
5026,1.69124722276007,1.03650200970328,0,0,0.025,0.0799012611556959,0,0.0938661582205119,0.157351762616245,1,8,1.05185341400007,0,1,10,0,-7247.63436859507,-6860.19794179612,-387.436426798954
5031,1.69124722276007,1.03650200970328,0,0,0.025,0.0789720128852304,0,0.0938661582205119,0.16421075458287,1,8,1.05185341400007,0,1,10,0,-7246.72533856484,-6859.28891176588,-387.436426798954
5036,1.69124722276007,1.03650200970328,0,0,0.025,0.0789720128852304,0,0.0938661582205119,0.16421075458287,1,8,1.05185341400007,0,1,10,0,-7248.02682432924,-6858.62095688382,-389.40586744542
5041,1.69124722276007,1.03650200970328,0,0,0.025,0.0789720128852304,0,0.0938661582205119,0.16421075458287,1,8,1.05185341400007,0,1,10,0,-7250.39940293645,-6857.88002018182,-392.51938275463
5046,1.69124722276007,1.03650200970328,0,0,0.025,0.0789720128852304,0,0.0938661582205119,0.16421075458287,1,8,1.05185341400007,0,1,10,0,-7250.27056525029,-6858.52437238389,-391.746192866397
5051,1.69124722276007,1.03650200970328,0,0,0.025,0.0789720128852304,0,0.0938661582205119,0.16421075458287,1,8,1.05185341400007,0,1,10,0,-7249.38841873452,-6859.28940410854,-390.09901462598
5056,1.69124722276007,1.07997228697731,0,0,0.025,0.0812510627276606,0,0.0938661582205119,0.16421075458287,1,8,1.05185341400007,0,1,10,0,-7245.59660330984,-6861.29567072682,-384.300932583025
5061,1.68624895469585,1.07997228697731,0,0,0.025,0.0812510627276606,0,0.0938661582205119,0.16421075458287,1,8,1.05185341400007,0,1,10,0,-7239.27005240751,-6856.43545689328,-382.834595514232
5066,1.68624895469585,1.07997228697731,0,0,0.025,0.0812510627276606,0,0.0938661582205119,0.172593434891879,1,8,1.05185341400007,0,1,10,0,-7238.92006674724,-6856.08547123301,-382.834595514232
5071,1.68624895469585,1.07997228697731,0,0,0.025,0.0812510627276606,0,0.0938661582205119,0.172593434891879,1,8,1.05185341400007,0,1,10,0,-7244.55449884796,-6857.89126193724,-386.663236910721
5076,1.68624895469585,1.07997228697731,0,0,0.025,0.0812510627276606,0,0.0938661582205119,0.177681106538585,1,8,1.05185341400007,0,1,10,0,-7245.50141199874,-6859.96992031154,-385.5314916872
5081,1.72202036661066,1.07997228697731,0,0,0.025,0.0851439927297361,0,0.0938661582205119,0.177681106538585,1,8,1.05185341400007,0,1,10,0,-7241.31218928931,-6857.95544932359,-383.356739965716
5086,1.72202036661066,1.07997228697731,0,0,0.025,0.0851439927297361,0,0.0938661582205119,0.183197729190555,1,8,1.05525697693491,0,1,10,0,-7244.80727471488,-6860.41019136862,-384.39708334626
5091,1.72202036661066,1.07997228697731,0,0,0.025,0.0851439927297361,0,0.0938661582205119,0.183197729190555,1,8,1.05525697693491,0,1,10,0,-7242.0028270048,-6858.97223539236,-383.030591612436
5096,1.72202036661066,1.07997228697731,0,0,0.025,0.0851439927297361,0,0.0938661582205119,0.189667458415635,1,8,1.05525697693491,0,1,10,0,-7244.37393177114,-6859.83926276193,-384.534669009213
5101,1.72202036661066,1.07997228697731,0,0,0.025,0.0851439927297361,0,0.091758553032432,0.189667458415635,1,8,1.05525697693491,0,1,10,0,-7244.2772187427,-6859.74254973349,-384.534669009213
5106,1.72202036661066,1.07997228697731,0,0,0.025,0.0851439927297361,0,0.091758553032432,0.189667458415635,1,8,1.05525697693491,0,1,10,0,-7243.39628917708,-6861.08082365192,-382.315465525158
5111,1.72202036661066,1.07997228697731,0,0,0.025,0.0851439927297361,0,0.091758553032432,0.200827404658166,1,8,1.05525697693491,0,1,10,0,-7243.48787152021,-6860.25449056745,-383.233380952759
5116,1.72202036661066,1.13991965915771,0,0,0.025,0.0851439927297361,0,0.091758553032432,0.200827404658166,1,8,1.05525697693491,0,1,10,0,-7243.56798158827,-6860.9266516992,-382.64132988907
5121,1.72202036661066,1.13991965915771,0,0,0.025,0.0851439927297361,0,0.091758553032432,0.200827404658166,1,8,1.05525697693491,0,1,10,0,-7243.56798158827,-6860.9266516992,-382.64132988907
5126,1.72202036661066,1.16306166469438,0,0,0.025,0.0851439927297361,0,0.091758553032432,0.200827404658166,1,8,1.05525697693491,0,1,10,0,-7244.45868693605,-6862.51050422754,-381.94818270851
5131,1.72202036661066,1.16306166469438,0,0,0.025,0.0851439927297361,0,0.091758553032432,0.200827404658166,1,8,1.05525697693491,0,1,10,0,-7243.22212258128,-6860.11078906296,-383.111333518316
5136,1.72202036661066,1.16306166469438,0,0,0.025,0.0851439927297361,0,0.091758553032432,0.200827404658166,1,8,1.05525697693491,0,1,10,0,-7244.03489843381,-6862.00019829744,-382.034700136367
5141,1.72202036661066,1.16306166469438,0,0,0.025,0.0851439927297361,0,0.091758553032432,0.193828285333601,1,8,1.05525697693491,0,1,10,0,-7245.84392013481,-6863.28319515494,-382.560724979866
5146,1.72202036661066,1.16306166469438,0,0,0.025,0.0851439927297361,0,0.091758553032432,0.193828285333601,1,8,1.05525697693491,0,1,10,0,-7245.84392013481,-6863.28319515494,-382.560724979866
5151,1.72202036661066,1.07849998159801,0,0,0.025,0.0851439927297361,0,0.091758553032432,0.215723751421877,1,8,1.05525697693491,0,1,10,0,-7244.74360614824,-6863.0754894156,-381.668116732635
5156,1.72202036661066,1.07849998159801,0,0,0.025,0.0709991953852289,0,0.091758553032432,0.215723751421877,1,8,1.05525697693491,0,1,10,0,-7244.09139682088,-6862.42328008824,-381.668116732635
5161,1.76720758272351,0.960931620373578,0,0,0.025,0.0709991953852289,0,0.091758553032432,0.215723751421877,1,8,1.05525697693491,0,1,10,0,-7242.42559802181,-6859.05669359815,-383.368904423658
5166,1.76720758272351,0.960931620373578,0,0,0.025,0.0709991953852289,0,0.091758553032432,0.231868775306273,1,8,1.05525697693491,0,1,10,0,-7244.88676794185,-6860.57559729991,-384.311170641935
5171,1.76720758272351,0.960931620373578,0,0,0.025,0.0709991953852289,0,0.091758553032432,0.231868775306273,1,8,1.05525697693491,0,1,10,0,-7241.97042317196,-6858.49246565053,-383.47795752143
5176,1.76720758272351,0.960931620373578,0,0,0.025,0.0709991953852289,0,0.091758553032432,0.235032774683328,1,8,1.05525697693491,0,1,10,0,-7243.2583244316,-6859.35137130466,-383.906953126948
5181,1.76720758272351,0.960931620373578,0,0,0.025,0.0709991953852289,0,0.091758553032432,0.235032774683328,1,8,1.05525697693491,0,1,10,0,-7243.2583244316,-6859.35137130466,-383.906953126948
5186,1.76720758272351,0.960931620373578,0,0,0.025,0.0709991953852289,0,0.091758553032432,0.219186619937979,1,8,1.05525697693491,0,1,10,0,-7243.04283956908,-6859.13588644213,-383.906953126948
5191,1.76720758272351,0.960931620373578,0,0,0.025,0.0709991953852289,0,0.0897592811131821,0.219186619937979,1,8,1.05525697693491,0,1,10,0,-7247.70561755254,-6864.23850292761,-383.467114624921
5196,1.74925426199628,0.960931620373578,0,0,0.025,0.0709991953852289,0,0.0897592811131821,0.206845459250166,1,8,1.05525697693491,0,1,10,0,-7247.35299731901,-6863.88588269409,-383.467114624921
5201,1.74925426199628,0.960931620373578,0,0,0.025,0.0709991953852289,0,0.0897592811131821,0.206845459250166,1,8,1.05525697693491,0,1,10,0,-7247.35299731901,-6863.88588269409,-383.467114624921
5206,1.74925426199628,0.960757658443782,0,0,0.025,0.0709991953852289,0,0.0897592811131821,0.206845459250166,1,8,1.05525697693491,0,1,10,0,-7247.35078576293,-6863.88367113801,-383.467114624921
5211,1.74925426199628,0.960757658443782,0,0,0.025,0.0865363975711842,0,0.0917961316715073,0.192036911773303,1,8,1.05525697693491,0,1,10,0,-7242.954030191,-6860.91194380236,-382.042086388645
5216,1.7905551246781,0.91813723745658,0,0,0.025,0.0865363975711842,0,0.0917961316715073,0.192036911773303,1,8,1.05525697693491,0,1,10,0,-7239.07722547257,-6856.74518686294,-382.332038609631
5221,1.7905551246781,0.91813723745658,0,0,0.025,0.0865363975711842,0,0.0917961316715073,0.192036911773303,1,8,1.05525697693491,0,1,10,0,-7240.87144735773,-6856.61759615062,-384.253851207107
5226,1.7905551246781,0.91813723745658,0,0,0.025,0.0865363975711842,0,0.0917961316715073,0.192036911773303,1,8,1.05525697693491,0,1,10,0,-7240.87144735773,-6856.61759615062,-384.253851207107
5231,1.7905551246781,0.91813723745658,0,0,0.025,0.0865363975711842,0,0.0917961316715073,0.210503374310791,1,8,1.05525697693491,0,1,10,0,-7240.14503196672,-6853.38707426928,-386.757957697444
5236,1.7905551246781,1.02880452635099,0,0,0.025,0.0865363975711842,0,0.0917961316715073,0.210503374310791,1,8,1.05525697693491,0,1,10,0,-7237.76082598269,-6851.00286828525,-386.757957697444
5241,1.7905551246781,1.02880452635099,0,0,0.025,0.0865363975711842,0,0.0917961316715073,0.190145553938965,1,8,1.05525697693491,0,1,10,0,-7240.74088054616,-6852.21526093107,-388.525619615093
5246,1.7905551246781,1.02880452635099,0,0,0.025,0.105489679459274,0,0.0917961316715073,0.200460913055315,1,8,1.05525697693491,0,1,10,0,-7242.06347835471,-6856.37362636348,-385.689851991231
5251,1.7905551246781,1.19037865777214,0,0,0.025,0.105489679459274,0,0.0917961316715073,0.200460913055315,1,8,1.05525697693491,0,1,10,0,-7241.53334271621,-6854.88112353481,-386.652219181403
5256,1.7905551246781,1.19037865777214,0,0,0.025,0.105489679459274,0,0.0921633964197335,0.212208170135662,1,8,1.05525697693491,0,1,10,0,-7242.78920314465,-6851.97364652954,-390.815556615112
5261,1.7905551246781,1.19037865777214,0,0,0.025,0.105489679459274,0,0.0921633964197335,0.212208170135662,1,8,1.05525697693491,0,1,10,0,-7238.47799357314,-6845.05852701618,-393.419466556962
5266,1.7905551246781,1.19037865777214,0,0,0.025,0.105489679459274,0,0.0921633964197335,0.224447966412288,1,8,1.05525697693491,0,1,10,0,-7238.28323831235,-6844.86377175539,-393.419466556962
5271,1.7905551246781,1.19037865777214,0,0,0.025,0.108284886661101,0,0.0921633964197335,0.224447966412288,1,8,1.05525697693491,0,1,10,0,-7239.87324388198,-6846.3831597578,-393.490084124176
5276,1.85652290901749,1.19037865777214,0,0,0.025,0.108284886661101,0,0.0921633964197335,0.246457558523923,1,8,1.05525697693491,0,1,10,0,-7235.86778255346,-6842.37769842928,-393.490084124176
5281,1.85652290901749,1.19037865777214,0,0,0.025,0.108284886661101,0,0.0921633964197335,0.246457558523923,1,8,1.05525697693491,0,1,10,0,-7235.37569637664,-6845.93946545334,-389.436230923309
5286,1.85652290901749,1.19037865777214,0,0,0.025,0.108284886661101,0,0.0921633964197335,0.246457558523923,1,8,1.05525697693491,0,1,10,0,-7232.18458231464,-6844.49132069639,-387.69326161825
5291,1.85652290901749,1.19037865777214,0,0,0.025,0.116788593049365,0,0.0921633964197335,0.258308842214249,1,8,1.05525697693491,0,1,10,0,-7231.5899246381,-6843.89666301985,-387.69326161825
5296,1.85652290901749,1.19037865777214,0,0,0.025,0.116788593049365,0,0.0921633964197335,0.258308842214249,1,8,1.05525697693491,0,1,10,0,-7231.91191922642,-6844.87136381917,-387.040555407249
5301,1.85652290901749,1.19037865777214,0,0,0.025,0.119526047390549,0,0.0921633964197335,0.238061122869275,1,8,1.05525697693491,0,1,10,0,-7233.34580501863,-6846.85179331775,-386.494011700881
5306,1.85655419347028,1.19037865777214,0,0,0.025,0.129671867514126,0,0.0921633964197335,0.238061122869275,1,8,1.05525697693491,0,1,10,0,-7237.69792994393,-6845.38116321435,-392.316766729579
5311,1.85655419347028,1.19037865777214,0,0,0.025,0.129671867514126,0,0.0921633964197335,0.238061122869275,1,8,1.05525697693491,0,1,10,0,-7237.69792994393,-6845.38116321435,-392.316766729579
5316,1.87876746360741,1.19037865777214,0,0,0.025,0.137228469068569,0,0.0921633964197335,0.238061122869275,1,8,1.05525697693491,0,1,10,0,-7238.61428763295,-6844.68808299094,-393.926204642013
5321,1.87876746360741,1.19037865777214,0,0,0.025,0.137228469068569,0,0.0921633964197335,0.238074296266792,1,8,1.05525697693491,0,1,10,0,-7235.04230798447,-6841.64031604701,-393.401991937464
5326,1.87876746360741,1.28623947742619,0,0,0.025,0.154531584193681,0,0.0921633964197335,0.238074296266792,1,8,1.05525697693491,0,1,10,0,-7233.65338650747,-6842.17320716749,-391.480179339988
5331,1.87876746360741,1.28623947742619,0,0,0.025,0.154531584193681,0,0.0921633964197335,0.246308478570866,1,8,1.05525697693491,0,1,10,0,-7233.15260750838,-6841.6724281684,-391.480179339988
5336,1.87876746360741,1.28623947742619,0,0,0.025,0.148971531138077,0,0.0921633964197335,0.239096669903781,1,8,1.05525697693491,0,1,10,0,-7233.41931041554,-6841.93913107555,-391.480179339988
5341,1.87876746360741,1.28623947742619,0,0,0.025,0.148971531138077,0,0.0921633964197335,0.239096669903781,1,8,1.05525697693491,0,1,10,0,-7235.16903972287,-6843.17803475912,-391.991004963754
5346,1.87876746360741,1.28623947742619,0,0,0.025,0.14511930893379,0,0.0921633964197335,0.257412461328723,1,8,1.05525697693491,0,1,10,0,-7234.15732757993,-6842.16632261617,-391.991004963754
5351,1.87876746360741,1.28623947742619,0,0,0.025,0.136557740710959,0,0.0921633964197335,0.257412461328723,1,8,1.05525697693491,0,1,10,0,-7233.5706872028,-6841.57968223905,-391.991004963754
5356,1.87876746360741,1.28623947742619,0,0,0.025,0.136557740710959,0,0.0921633964197335,0.27309711268004,1,8,1.05525697693491,0,1,10,0,-7235.33543574533,-6841.4226181841,-393.91281756123
5361,1.87876746360741,1.41830985373269,0,0,0.025,0.13406174518048,0,0.0921633964197335,0.27309711268004,1,8,1.05525697693491,0,1,10,0,-7236.00892076246,-6842.09610320123,-393.91281756123
5366,1.87876746360741,1.41830985373269,0,0,0.025,0.13406174518048,0,0.0921633964197335,0.290292972731258,1,8,1.05525697693491,0,1,10,0,-7235.63053903159,-6841.29772826168,-394.332810769901
5371,1.87876746360741,1.35026076930463,0,0,0.025,0.132831045128415,0,0.0921633964197335,0.290292972731258,1,8,1.05525697693491,0,1,10,0,-7235.35453970738,-6841.02172893748,-394.332810769901
5376,1.87876746360741,1.38048259598133,0,0,0.025,0.132831045128415,0,0.0921633964197335,0.296357492710965,1,8,1.05525697693491,0,1,10,0,-7233.33012420765,-6840.7402827428,-392.589841464843
5381,1.87876746360741,1.38048259598133,0,0,0.025,0.149616074052087,0,0.0921633964197335,0.316290337712084,1,8,1.05525697693491,0,1,10,0,-7231.28249041668,-6837.60508649935,-393.677403917324
5386,1.87876746360741,1.38048259598133,0,0,0.025,0.149616074052087,0,0.0921633964197335,0.316290337712084,1,8,1.05525697693491,0,1,10,0,-7231.28249041668,-6837.60508649935,-393.677403917324
5391,1.87876746360741,1.38048259598133,0,0,0.025,0.152673888998618,0,0.0921633964197335,0.316290337712084,1,8,1.05525697693491,0,1,10,0,-7228.17460629268,-6836.96105561595,-391.213550676734
5396,1.87876746360741,1.38048259598133,0,0,0.025,0.141053696060066,0,0.0921633964197335,0.316290337712084,1,8,1.05525697693491,0,1,10,0,-7225.98278573066,-6835.8858658481,-390.096919882563
5401,1.87876746360741,1.38048259598133,0,0,0.025,0.141053696060066,0,0.0931755972357859,0.316290337712084,1,8,1.05525697693491,0,1,10,0,-7226.78931314056,-6835.67701162348,-391.112301517082
5406,1.87876746360741,1.38048259598133,0,0,0.025,0.127481621238238,0,0.0931755972357859,0.316290337712084,1,8,1.05525697693491,0,1,10,0,-7226.19980528882,-6835.08750377174,-391.112301517082
5411,1.87876746360741,1.38048259598133,0,0,0.025,0.127481621238238,0,0.0931755972357859,0.317839878738462,1,8,1.05525697693491,0,1,10,0,-7226.16634497774,-6834.13412296074,-392.032222017006
5416,1.87876746360741,1.38048259598133,0,0,0.025,0.116267898398992,0,0.0931755972357859,0.317839878738462,1,8,1.05525697693491,0,1,10,0,-7227.1305293195,-6835.09830730249,-392.032222017006
5421,1.87876746360741,1.38048259598133,0,0,0.025,0.116267898398992,0,0.0931755972357859,0.33975771836119,1,8,1.05525697693491,0,1,10,0,-7227.10143374487,-6835.06921172786,-392.032222017006
5426,1.87876746360741,1.38048259598133,0,0,0.025,0.123644447356867,0,0.0931755972357859,0.326254100602217,1,8,1.05525697693491,0,1,10,0,-7224.13539796723,-6834.23140765607,-389.903990311157
5431,1.88522530114758,1.3599346186771,0,0,0.025,0.123644447356867,0,0.0931755972357859,0.326254100602217,1,8,1.04718069855147,0,1,10,0,-7223.03708958876,-6833.1330992776,-389.903990311157
5436,1.88522530114758,1.3599346186771,0,0,0.025,0.124613133620555,0,0.0931755972357859,0.32403926229333,1,8,1.04718069855147,0,1,10,0,-7223.7537713394,-6832.24034311581,-391.513428223591
5441,1.88522530114758,1.3599346186771,0,0,0.025,0.135998540490527,0,0.0931755972357859,0.32403926229333,1,8,1.04718069855147,0,1,10,0,-7223.16133212921,-6830.18750157234,-392.973830556865
5446,1.88522530114758,1.3599346186771,0,0,0.025,0.135998540490527,0,0.0931755972357859,0.319821487538084,1,8,1.04718069855147,0,1,10,0,-7220.31644695954,-6827.94441380465,-392.372033154893
5451,1.90580388768963,1.31233048560731,0,0,0.025,0.149069878785849,0,0.0931755972357859,0.319821487538084,1,8,1.04718069855147,0,1,10,0,-7218.14200232246,-6825.76996916757,-392.372033154893
5456,1.90580388768963,1.31233048560731,0,0,0.025,0.149069878785849,0,0.0931755972357859,0.322830148630108,1,8,1.04718069855147,0,1,10,0,-7215.91055297323,-6824.98799308108,-390.922559892152
5461,1.90580388768963,1.29240181573231,0,0,0.025,0.130614027526072,0,0.0931755972357859,0.322830148630108,1,8,1.04718069855147,0,1,10,0,-7216.62455604401,-6824.64912988498,-391.975426159032
5466,1.90580388768963,1.29240181573231,0,0,0.025,0.130614027526072,0,0.0931755972357859,0.339678474169797,1,8,1.04718069855147,0,1,10,0,-7216.6597149968,-6824.68428883777,-391.975426159032
5471,1.90580388768963,1.29240181573231,0,0,0.025,0.131385892422474,0,0.0931755972357859,0.339678474169797,1,8,1.04718069855147,0,1,10,0,-7216.65228680394,-6824.67686064491,-391.975426159032
5476,1.90580388768963,1.29240181573231,0,0,0.025,0.131385892422474,0,0.0931755972357859,0.339678474169797,1,8,1.04718069855147,0,1,10,0,-7217.98179801603,-6825.35916177162,-392.622636244405
5481,1.90580388768963,1.29240181573231,0,0,0.025,0.150319429084141,0,0.0931755972357859,0.339678474169797,1,8,1.04718069855147,0,1,10,0,-7218.87928603614,-6826.25664979173,-392.622636244405
5486,1.90580388768963,1.29240181573231,0,0,0.025,0.15528028279291,0,0.0931755972357859,0.339678474169797,1,8,1.04718069855147,0,1,10,0,-7220.40739581969,-6826.83361177354,-393.573784046144
5491,1.90580388768963,1.29240181573231,0,0,0.025,0.15528028279291,0,0.0931755972357859,0.347050756333542,1,8,1.04718069855147,0,1,10,0,-7221.23307406797,-6828.77406724735,-392.459006820623
5496,1.90580388768963,1.29240181573231,0,0,0.025,0.143828930444309,0,0.0931755972357859,0.347050756333542,1,8,1.04718069855147,0,1,10,0,-7220.99774590503,-6828.53873908441,-392.459006820623
5501,1.90580388768963,1.29240181573231,0,0,0.025,0.143828930444309,0,0.0931755972357859,0.347050756333542,1,8,1.04718069855147,0,1,10,0,-7221.21464708555,-6826.90981357443,-394.304833511121
5506,1.90580388768963,1.42191858767146,0,0,0.025,0.143828930444309,0,0.0931755972357859,0.347050756333542,1,8,1.04718069855147,0,1,10,0,-7219.61421662113,-6826.95229695164,-392.66191966949
5511,1.90580388768963,1.42191858767146,0,0,0.025,0.143828930444309,0,0.0931755972357859,0.347050756333542,1,8,1.04526000335008,0,1,10,0,-7219.46259725863,-6826.80067758914,-392.66191966949
5516,1.90580388768963,1.42191858767146,0,0,0.025,0.143828930444309,0,0.0931755972357859,0.346800688782955,1,8,1.04526000335008,0,1,10,0,-7216.96115667471,-6825.90867491765,-391.052481757056
5521,1.90580388768963,1.42191858767146,0,0,0.025,0.143828930444309,0,0.0931755972357859,0.346800688782955,1,8,1.04526000335008,0,1,10,0,-7215.75009671266,-6826.50957713215,-389.240519580511
5526,1.90580388768963,1.42191858767146,0,0,0.025,0.143806173750227,0,0.0931755972357859,0.353840852726802,1,8,1.04526000335008,0,1,10,0,-7215.58895640392,-6826.34843682341,-389.240519580511
5531,1.92479554303313,1.29741608332511,0,0,0.025,0.143806173750227,0,0.0931755972357859,0.353840852726802,1,8,1.04526000335008,0,1,10,0,-7215.802819804,-6828.59958274445,-387.203237059544
5536,1.92479554303313,1.29741608332511,0,0,0.025,0.143806173750227,0,0.0931755972357859,0.373948602264216,1,8,1.04526000335008,0,1,10,0,-7215.59944734373,-6829.95727461234,-385.642172731394
5541,1.92479554303313,1.29741608332511,0,0,0.025,0.15744795034094,0,0.0931755972357859,0.373948602264216,1,8,1.04526000335008,0,1,10,0,-7214.26030259986,-6828.61812986847,-385.642172731394
5546,1.92479554303313,1.29741608332511,0,0,0.025,0.15744795034094,0,0.0931755972357859,0.392419264269701,1,8,1.04526000335008,0,1,10,0,-7213.62856374936,-6826.58639781249,-387.042165936872
5551,1.92479554303313,1.29741608332511,0,0,0.025,0.145237094845629,0,0.0931755972357859,0.392419264269701,1,8,1.04526000335008,0,1,10,0,-7212.48240962767,-6826.52702152182,-385.955388105851
5556,1.92479554303313,1.4052034273288,0,0,0.025,0.145237094845629,0,0.0931755972357859,0.371377630727857,1,8,1.04526000335008,0,1,10,0,-7211.10985161756,-6825.1544635117,-385.955388105851
5561,1.92479554303313,1.4052034273288,0,0,0.025,0.152391852085959,0,0.0931755972357859,0.363524236847778,1,8,1.04526000335008,0,1,10,0,-7211.6115917367,-6823.48145190937,-388.130139827335
5566,1.90645181921102,1.39174081500722,0,0,0.025,0.152391852085959,0,0.0931755972357859,0.363524236847778,1,8,1.04526000335008,0,1,10,0,-7211.6510645495,-6823.52092472217,-388.130139827335
5571,1.90645181921102,1.39174081500722,0,0,0.025,0.152391852085959,0,0.0931755972357859,0.378548091544776,1,8,1.04526000335008,0,1,10,0,-7212.13532176556,-6824.00518193822,-388.130139827335
5576,1.90645181921102,1.47487113657549,0,0,0.025,0.157438019298221,0,0.0931755972357859,0.378548091544776,1,8,1.04526000335008,0,1,10,0,-7211.0989938561,-6822.96885402876,-388.130139827335
5581,1.90645181921102,1.47487113657549,0,0,0.025,0.157438019298221,0,0.0931755972357859,0.357786322508406,1,8,1.04526000335008,0,1,10,0,-7210.67712465608,-6822.54698482875,-388.130139827335
5586,1.90645181921102,1.39314108681228,0,0,0.025,0.169173760577019,0,0.0931755972357859,0.357786322508406,1,8,1.04526000335008,0,1,10,0,-7211.21570906482,-6823.74340641543,-387.472302649388
5591,1.90645181921102,1.39314108681228,0,0,0.025,0.169173760577019,0,0.0931755972357859,0.370155235604186,1,8,1.04526000335008,0,1,10,0,-7211.75023375371,-6823.34362186694,-388.406611886765
5596,1.90645181921102,1.39314108681228,0,0,0.025,0.170337306910594,0,0.0931755972357859,0.370155235604186,1,8,1.04526000335008,0,1,10,0,-7211.50350197794,-6823.52588569669,-387.977616281247
5601,1.90645181921102,1.40421610203668,0,0,0.025,0.170337306910594,0,0.0931755972357859,0.371980163641034,1,8,1.04526000335008,0,1,10,0,-7211.39516907396,-6823.41755279271,-387.977616281247
5606,1.90645181921102,1.40421610203668,0,0,0.025,0.183007569952757,0,0.0931755972357859,0.354215840556798,1,8,1.04526000335008,0,1,10,0,-7214.26731876662,-6822.80850915888,-391.45880960774
5611,1.90645181921102,1.4056240732336,0,0,0.025,0.183007569952757,0,0.0931755972357859,0.354215840556798,1,8,1.04526000335008,0,1,10,0,-7214.23964171719,-6822.78083210945,-391.45880960774
5616,1.90645181921102,1.4056240732336,0,0,0.025,0.174196506774084,0,0.0931755972357859,0.353495832108591,1,8,1.04526000335008,0,1,10,0,-7214.23122002258,-6820.62064821158,-393.610571810999
5621,1.9206809912846,1.45932887681677,0,0,0.025,0.172082378828984,0,0.0931755972357859,0.353495832108591,1,8,1.04526000335008,0,1,10,0,-7213.18288977045,-6819.59212058675,-393.590769183703
5626,1.9206809912846,1.45932887681677,0,0,0.025,0.172082378828984,0,0.0931755972357859,0.347102265906095,1,8,1.04526000335008,0,1,10,0,-7211.51604893,-6819.73809262473,-391.777956305277
5631,1.90326978075999,1.45932887681677,0,0,0.025,0.17117175023537,0,0.0931755972357859,0.347102265906095,1,8,1.04526000335008,0,1,10,0,-7210.7068651754,-6819.72590599204,-390.980959183365
5636,1.90326978075999,1.45932887681677,0,0,0.025,0.17117175023537,0,0.0931755972357859,0.347102265906095,1,8,1.04526000335008,0,1,10,0,-7217.41006192785,-6823.76535280228,-393.644709125571
5641,1.90326978075999,1.5615229696701,0,0,0.025,0.175858442819533,0,0.0931755972357859,0.347102265906095,1,8,1.04526000335008,0,1,10,0,-7216.98175911563,-6823.03921554615,-393.942543569486
5646,1.90326978075999,1.58899948324965,0,0,0.025,0.175858442819533,0,0.0931755972357859,0.354685536903599,1,8,1.04526000335008,0,1,10,0,-7216.80634073621,-6822.86379716673,-393.942543569486
5651,1.90326978075999,1.58899948324965,0,0,0.025,0.175858442819533,0,0.0931755972357859,0.368018470008369,1,8,1.04526000335008,0,1,10,0,-7212.33966765604,-6822.00306548907,-390.336602166974
5656,1.90326978075999,1.63959502389784,0,0,0.025,0.175858442819533,0,0.0931755972357859,0.368018470008369,1,8,1.04526000335008,0,1,10,0,-7212.00187745592,-6821.66527528895,-390.336602166974
5661,1.90326978075999,1.63959502389784,0,0,0.025,0.176699847154219,0,0.0931755972357859,0.345691252356162,1,8,1.04526000335008,0,1,10,0,-7211.95348994336,-6821.61688777639,-390.336602166974
5666,1.90326978075999,1.63959502389784,0,0,0.025,0.189214104309052,0,0.0931755972357859,0.345691252356162,1,8,1.04526000335008,0,1,10,0,-7211.31767573444,-6820.98107356746,-390.336602166974
5671,1.90326978075999,1.63959502389784,0,0,0.025,0.189214104309052,0,0.0931755972357859,0.34784296245003,1,8,1.01944106609397,0,1,10,0,-7216.78554663083,-6823.7939793512,-392.991567279624
5676,1.90326978075999,1.63959502389784,0,0,0.025,0.203777147808082,0,0.0931755972357859,0.34784296245003,1,8,1.01944106609397,0,1,10,0,-7217.17646155769,-6824.5103166785,-392.66614487919
5681,1.90326978075999,1.63959502389784,0,0,0.025,0.203777147808082,0,0.0931755972357859,0.339698923330674,1,8,1.01944106609397,0,1,10,0,-7213.68856777353,-6820.08767009963,-393.600897673904
5686,1.90326978075999,1.60561982726888,0,0,0.025,0.199005637557162,0,0.0931755972357859,0.339698923330674,1,8,1.01944106609397,0,1,10,0,-7210.52789014333,-6818.66996177448,-391.857928368845
5691,1.90326978075999,1.60356281177785,0,0,0.025,0.199005637557162,0,0.0931755972357859,0.339698923330674,1,8,1.02016627505461,0,1,10,0,-7210.32434142118,-6817.79388515898,-392.530456262202
5696,1.90326978075999,1.60356281177785,0,0,0.025,0.184549852961528,0,0.0931755972357859,0.339698923330674,1,8,1.02016627505461,0,1,10,0,-7210.65087555159,-6816.98678037861,-393.664095172981
5701,1.90326978075999,1.70615944989747,0,0,0.025,0.184549852961528,0,0.0931755972357859,0.339698923330674,1,8,1.02016627505461,0,1,10,0,-7208.20827736593,-6814.54418219295,-393.664095172981
5706,1.90326978075999,1.70615944989747,0,0,0.025,0.193202013177334,0,0.0931755972357859,0.339698923330674,1,8,1.02016627505461,0,1,10,0,-7209.58247232207,-6814.46890388635,-395.113568435723
5711,1.90568793090317,1.5947690886521,0,0,0.025,0.190622568352781,0,0.0931755972357859,0.339698923330674,1,8,1.02016627505461,0,1,10,0,-7209.98834988169,-6814.87478144597,-395.113568435723
5716,1.90568793090317,1.5947690886521,0,0,0.025,0.190622568352781,0,0.0931755972357859,0.322472942690048,1,8,1.02016627505461,0,1,10,0,-7210.16176186136,-6815.04819342564,-395.113568435723
5721,1.90568793090317,1.5947690886521,0,0,0.025,0.190622568352781,0,0.0931755972357859,0.322472942690048,1,8,1.02016627505461,0,1,10,0,-7211.89571391335,-6815.43407232933,-396.461641584023
5726,1.90568793090317,1.5947690886521,0,0,0.025,0.190622568352781,0,0.0931755972357859,0.343806947204722,1,8,1.02016627505461,0,1,10,0,-7215.98204701349,-6816.91767821987,-399.064368793623
5731,1.90568793090317,1.5947690886521,0,0,0.025,0.192710574132356,0,0.0931755972357859,0.343806947204722,1,8,1.02016627505461,0,1,10,0,-7215.8598088365,-6817.28428675992,-398.575522076576
5736,1.90568793090317,1.61819442727718,0,0,0.025,0.192710574132356,0,0.0931755972357859,0.358008318921325,1,8,1.02016627505461,0,1,10,0,-7215.86541492007,-6817.28989284349,-398.575522076576
5741,1.90568793090317,1.61819442727718,0,0,0.025,0.192710574132356,0,0.0931755972357859,0.358008318921325,1,8,1.02016627505461,0,1,10,0,-7211.85430127242,-6817.01376535705,-394.840535915368
5746,1.90568793090317,1.73122349586149,0,0,0.025,0.192710574132356,0,0.0931755972357859,0.358008318921325,1,8,1.02016627505461,0,1,10,0,-7210.65705938386,-6815.8165234685,-394.840535915368
5751,1.90568793090317,1.73122349586149,0,0,0.025,0.192710574132356,0,0.0931755972357859,0.361432834916474,1,8,1.02016627505461,0,1,10,0,-7210.75903895564,-6815.91850304027,-394.840535915368
5756,1.90568793090317,1.87381837970543,0,0,0.025,0.192710574132356,0,0.0931755972357859,0.361432834916474,1,8,1.02016627505461,0,1,10,0,-7210.32275931939,-6816.23990910572,-394.08285021367
5761,1.90568793090317,1.87381837970543,0,0,0.025,0.192710574132356,0,0.0931755972357859,0.358536968988949,1,8,1.02016627505461,0,1,10,0,-7209.51172802055,-6815.27472712705,-394.237000893498
5766,1.90568793090317,1.73856254903316,0,0,0.025,0.178554741258349,0,0.0931755972357859,0.358536968988949,1,8,1.02016627505461,0,1,10,0,-7209.71861456517,-6815.48161367168,-394.237000893498
5771,1.90568793090317,1.73856254903316,0,0,0.025,0.178554741258349,0,0.0931755972357859,0.369391382971544,1,8,1.02016627505461,0,1,10,0,-7212.209596444,-6819.41662237829,-392.792974065709
5776,1.90568793090317,1.80376168903593,0,0,0.025,0.196333715261103,0,0.0931755972357859,0.369391382971544,1,8,1.02016627505461,0,1,10,0,-7212.12667193261,-6818.8592398873,-393.267432045304
5781,1.90568793090317,1.80376168903593,0,0,0.025,0.196333715261103,0,0.0931755972357859,0.371269807200776,1,8,1.02016627505461,0,1,10,0,-7211.82091413936,-6816.37873037257,-395.442183766788
5786,1.90568793090317,1.80376168903593,0,0,0.025,0.211941662191842,0,0.0931755972357859,0.356478714894206,1,8,1.02016627505461,0,1,10,0,-7211.79749024977,-6816.35530648298,-395.442183766788
5791,1.90568793090317,1.80376168903593,0,0,0.025,0.211941662191842,0,0.0931755972357859,0.356478714894206,1,8,1.02016627505461,0,1,10,0,-7212.47277135241,-6816.45658306023,-396.016188292176
5796,1.90568793090317,1.80376168903593,0,0,0.025,0.215947168016519,0,0.0931755972357859,0.338328685335557,1,8,1.02016627505461,0,1,10,0,-7212.44901847535,-6816.43283018317,-396.016188292176
5801,1.90568793090317,1.97590603515024,0,0,0.025,0.215947168016519,0,0.0931755972357859,0.338328685335557,1,8,1.02016627505461,0,1,10,0,-7210.01494257093,-6813.5265664477,-396.488376123236
5806,1.90568793090317,1.97590603515024,0,0,0.025,0.215947168016519,0,0.0931755972357859,0.354463545489623,1,8,1.02016627505461,0,1,10,0,-7206.02630505392,-6809.12298507862,-396.903319975299
5811,1.90568793090317,1.97590603515024,0,0,0.025,0.234115322214246,0,0.0932639761751319,0.354463545489623,1,8,1.02016627505461,0,1,10,0,-7206.44258924684,-6809.53926927154,-396.903319975299
5816,1.90568793090317,1.97590603515024,0,0,0.025,0.234115322214246,0,0.0932639761751319,0.354463545489623,1,8,1.02016627505461,0,1,10,0,-7205.43673437239,-6809.90396040124,-395.532773971147
5821,1.90568793090317,1.92795345528778,0,0,0.025,0.222313950088975,0,0.0932639761751319,0.354463545489623,1,8,1.02016627505461,0,1,10,0,-7204.75589170137,-6809.22311773023,-395.532773971147
5826,1.8912337907692,1.80970808169044,0,0,0.025,0.222313950088975,0,0.0932639761751319,0.35063352719389,1,8,1.02016627505461,0,1,10,0,-7206.4473776851,-6810.62692164151,-395.820456043599
5831,1.8912337907692,1.80970808169044,0,0,0.025,0.222313950088975,0,0.0932639761751319,0.355152036980396,1,8,1.02016627505461,0,1,10,0,-7206.58776052419,-6810.76730448059,-395.820456043599
5836,1.8912337907692,1.80970808169044,0,0,0.025,0.222313950088975,0,0.0932639761751319,0.355152036980396,1,8,1.02016627505461,0,1,10,0,-7206.58776052419,-6810.76730448059,-395.820456043599
5841,1.8912337907692,1.80970808169044,0,0,0.025,0.226357871303035,0,0.0932639761751319,0.348981141807638,1,8,1.02016627505461,0,1,10,0,-7206.81170076652,-6811.32771695954,-395.483983806978
5846,1.8912337907692,1.71850504606848,0,0,0.025,0.226357871303035,0,0.0932639761751319,0.348981141807638,1,8,1.02016627505461,0,1,10,0,-7207.85451469822,-6812.37053089124,-395.483983806978
5851,1.8912337907692,1.71850504606848,0,0,0.025,0.226357871303035,0,0.0932639761751319,0.349469089244362,1,8,1.02016627505461,0,1,10,0,-7206.8086316595,-6811.21701718833,-395.59161447117
5856,1.92691813036495,1.71850504606848,0,0,0.025,0.227647209579538,0,0.0932639761751319,0.349469089244362,1,8,1.02016627505461,0,1,10,0,-7202.98194389295,-6807.72011546551,-395.261828427448
5861,1.92691813036495,1.71850504606848,0,0,0.025,0.227647209579538,0,0.0932639761751319,0.361738477571487,1,8,1.02016627505461,0,1,10,0,-7202.16999198681,-6808.04816232331,-394.121829663497
5866,1.92691813036495,1.7921885541416,0,0,0.025,0.237178840871032,0,0.0932639761751319,0.361738477571487,1,8,1.02016627505461,0,1,10,0,-7203.60199379947,-6807.46467819498,-396.137315604487
5871,1.92691813036495,1.7921885541416,0,0,0.025,0.237178840871032,0,0.0932639761751319,0.372227943014191,1,8,1.02016627505461,0,1,10,0,-7204.04482139889,-6807.9075057944,-396.137315604487
5876,1.92691813036495,1.7921885541416,0,0,0.025,0.237178840871032,0,0.0932639761751319,0.374970800352537,1,8,1.02016627505461,0,1,10,0,-7205.01786668475,-6805.99259770323,-399.025268981519
5881,1.92691813036495,1.75900740883241,0,0,0.025,0.237178840871032,0,0.0932639761751319,0.374970800352537,1,8,1.02016627505461,0,1,10,0,-7206.2512957236,-6807.24437588075,-399.006919842851
5886,1.92691813036495,1.75900740883241,0,0,0.025,0.224600146335132,0,0.0932639761751319,0.358531051474057,1,8,1.02016627505461,0,1,10,0,-7201.62560909903,-6803.48467924957,-398.140929849452
5891,1.92691813036495,1.75900740883241,0,0,0.025,0.243201765809072,0,0.0932639761751319,0.358531051474057,1,8,1.02016627505461,0,1,10,0,-7203.21017858715,-6805.31344569821,-397.89673288894
5896,1.92691813036495,1.75900740883241,0,0,0.025,0.243201765809072,0,0.0932639761751319,0.342038058128228,1,8,1.02016627505461,0,1,10,0,-7202.9016857244,-6805.00495283547,-397.89673288894
5901,1.92691813036495,1.93664921981715,0,0,0.025,0.225870262321902,0,0.0932639761751319,0.342038058128228,1,8,1.02016627505461,0,1,10,0,-7200.99004406518,-6804.9315906611,-396.058453404077
5906,1.92691813036495,1.93664921981715,0,0,0.025,0.225870262321902,0,0.0932639761751319,0.342038058128228,1,8,1.02016627505461,0,1,10,0,-7201.30487252046,-6805.2699496138,-396.034922906666
5911,1.92691813036495,1.93664921981715,0,0,0.025,0.230058228521459,0,0.0932639761751319,0.342038058128228,1,8,1.02016627505461,0,1,10,0,-7201.36040065222,-6805.32547774556,-396.034922906666
5916,1.92691813036495,1.93664921981715,0,0,0.025,0.230058228521459,0,0.0932639761751319,0.35400922612268,1,8,1.03684753805912,0,1,10,0,-7200.13830179793,-6804.5104686951,-395.627833102831
5921,1.92691813036495,1.93664921981715,0,0,0.025,0.21890198496879,0,0.0932639761751319,0.345724372437083,1,8,1.03684753805912,0,1,10,0,-7199.84442075253,-6804.35378877121,-395.490631981318
5926,1.92691813036495,1.83928880125413,0,0,0.025,0.21890198496879,0,0.0932639761751319,0.345724372437083,1,8,1.03684753805912,0,1,10,0,-7202.25051968629,-6805.98090908856,-396.269610597727
5931,1.92691813036495,1.83928880125413,0,0,0.025,0.211924075569491,0,0.0932639761751319,0.355035292085908,1,8,1.03684753805912,0,1,10,0,-7202.15027950346,-6805.88066890574,-396.269610597727
5936,1.92691813036495,1.80829569950321,0,0,0.025,0.195798290660677,0,0.0932639761751319,0.355035292085908,1,8,1.03684753805912,0,1,10,0,-7203.02592619675,-6806.39574581082,-396.630180385928
5941,1.92691813036495,1.80829569950321,0,0,0.025,0.195798290660677,0,0.0932639761751319,0.349557315156515,1,8,1.03684753805912,0,1,10,0,-7203.94139433392,-6807.08237237556,-396.859021958357
5946,1.92691813036495,1.80284643949006,0,0,0.025,0.195798290660677,0,0.0932639761751319,0.349557315156515,1,8,1.03684753805912,0,1,10,0,-7203.90896825512,-6807.04994629676,-396.859021958357
5951,1.92691813036495,1.80284643949006,0,0,0.025,0.195798290660677,0,0.0932639761751319,0.360231406490731,1,8,1.03684753805912,0,1,10,0,-7204.51216075735,-6808.48793649662,-396.024224260734
5956,1.92691813036495,1.80284643949006,0,0,0.025,0.208162029744837,0,0.0932639761751319,0.360231406490731,1,8,1.03684753805912,0,1,10,0,-7203.89683039475,-6807.87260613402,-396.024224260734
5961,1.92691813036495,1.80284643949006,0,0,0.025,0.208162029744837,0,0.0932639761751319,0.360231406490731,1,8,1.03684753805912,0,1,10,0,-7203.89683039475,-6807.87260613402,-396.024224260734
5966,1.92691813036495,1.80284643949006,0,0,0.025,0.199996074354063,0,0.0932639761751319,0.37671858174626,1,8,1.03684753805912,0,1,10,0,-7204.27533882125,-6808.25111456051,-396.024224260734
5971,1.92691813036495,1.65031610468245,0,0,0.025,0.199996074354063,0,0.0932639761751319,0.37671858174626,1,8,1.03684753805912,0,1,10,0,-7206.7823999064,-6810.51397868515,-396.268421221246
5976,1.92691813036495,1.65031610468245,0,0,0.025,0.21069224254026,0,0.0932639761751319,0.360694724238093,1,8,1.03684753805912,0,1,10,0,-7206.44416302263,-6810.17574180138,-396.268421221246
5981,1.92691813036495,1.65031610468245,0,0,0.025,0.191985861341479,0,0.0932639761751319,0.360694724238093,1,8,1.03684753805912,0,1,10,0,-7206.50213502365,-6810.2337138024,-396.268421221246
5986,1.92691813036495,1.65031610468245,0,0,0.025,0.191985861341479,0,0.0932639761751319,0.341326088514306,1,8,1.03684753805912,0,1,10,0,-7206.94093654727,-6810.87545617003,-396.065480377249
5991,1.93362825914054,1.65031610468245,0,0,0.025,0.191985861341479,0,0.0932639761751319,0.341326088514306,1,8,1.03684753805912,0,1,10,0,-7207.23339738887,-6811.16791701162,-396.065480377249
5996,1.93362825914054,1.65031610468245,0,0,0.025,0.191985861341479,0,0.0932639761751319,0.343735394264181,1,8,1.03684753805912,0,1,10,0,-7207.36953074461,-6811.81239890292,-395.557131841695
6001,1.93362825914054,1.7571149447114,0,0,0.025,0.201429465492184,0,0.0932639761751319,0.343735394264181,1,8,1.03684753805912,0,1,10,0,-7209.07442458759,-6811.4862247885,-397.588199799091
6006,1.93900473840135,1.7571149447114,0,0,0.025,0.201429465492184,0,0.0932639761751319,0.354790684008954,1,8,1.03684753805912,0,1,10,0,-7209.64580384892,-6813.1302408521,-396.515562996826
6011,1.93900473840135,1.7571149447114,0,0,0.025,0.197192730626936,0,0.0932639761751319,0.354424851377693,1,8,1.03684753805912,0,1,10,0,-7208.79387121415,-6814.40653992317,-394.387331290977
6016,1.93900473840135,1.71052431813822,0,0,0.025,0.197192730626936,0,0.0932639761751319,0.354424851377693,1,8,1.03684753805912,0,1,10,0,-7214.49617052339,-6818.56839419147,-395.927776331924
6021,1.93900473840135,1.71052431813822,0,0,0.025,0.207907998314337,0,0.0932639761751319,0.35456117221805,1,8,1.03684753805912,0,1,10,0,-7210.18025617205,-6814.70209473284,-395.478161439203
6026,1.93900473840135,1.71052431813822,0,0,0.025,0.207907998314337,0,0.0932639761751319,0.35456117221805,1,8,1.03684753805912,0,1,10,0,-7210.25624105037,-6815.58122768694,-394.675013363429
6031,1.93900473840135,1.71052431813822,0,0,0.025,0.207907998314337,0,0.0932639761751319,0.35456117221805,1,8,1.03684753805912,0,1,10,0,-7204.97557117158,-6813.51943363302,-391.45613753856
6036,1.93381651728078,1.71052431813822,0,0,0.025,0.218091341825315,0,0.0932639761751319,0.35456117221805,1,8,1.03684753805912,0,1,10,0,-7205.70539026726,-6812.82128567118,-392.884104596081
6041,1.93381651728078,1.71052431813822,0,0,0.025,0.218091341825315,0,0.0932639761751319,0.350471594999283,1,8,1.03684753805912,0,1,10,0,-7207.36479948986,-6812.71303297613,-394.65176651373
6046,1.93381651728078,1.70112615855617,0,0,0.025,0.203649267572049,0,0.0932639761751319,0.350471594999283,1,8,1.03684753805912,0,1,10,0,-7208.93001541233,-6814.70569291343,-394.224322498903
6051,1.93381651728078,1.70112615855617,0,0,0.025,0.203649267572049,0,0.0932639761751319,0.330736823810756,1,8,1.03684753805912,0,1,10,0,-7209.39898846712,-6815.17466596822,-394.224322498903
6056,1.93381651728078,1.70112615855617,0,0,0.025,0.212608117287905,0,0.0932639761751319,0.312399973134229,1,8,1.03684753805912,0,1,10,0,-7209.21822086944,-6816.09251065921,-393.125710210235
6061,1.93381651728078,1.55250724773404,0,0,0.025,0.212608117287905,0,0.0932639761751319,0.312399973134229,1,8,1.03684753805912,0,1,10,0,-7209.22466146095,-6816.67040149629,-392.554259964652
6066,1.93381651728078,1.55250724773404,0,0,0.025,0.212608117287905,0,0.0932639761751319,0.31387766584317,1,8,1.03684753805912,0,1,10,0,-7206.63621681832,-6813.92937726607,-392.706839552248
6071,1.93381651728078,1.49344881626113,0,0,0.025,0.221986024273053,0,0.0932639761751319,0.31387766584317,1,8,1.03684753805912,0,1,10,0,-7205.71656029236,-6814.97916138658,-390.737398905782
6076,1.93381651728078,1.49344881626113,0,0,0.025,0.221986024273053,0,0.0932639761751319,0.297183298901059,1,8,1.03684753805912,0,1,10,0,-7205.95006624844,-6814.85209755446,-391.097968693982
6081,1.92329893494842,1.70169275359945,0,0,0.025,0.225690010131178,0,0.0932639761751319,0.297183298901059,1,8,1.03684753805912,0,1,10,0,-7205.0504297938,-6813.95246109982,-391.097968693982
6086,1.92329893494842,1.70169275359945,0,0,0.025,0.225690010131178,0,0.0932639761751319,0.305652188038117,1,8,1.03684753805912,0,1,10,0,-7204.6608787293,-6813.56291003532,-391.097968693982
6091,1.92329893494842,1.70169275359945,0,0,0.025,0.229098761453538,0,0.0932639761751319,0.305652188038117,1,8,1.03684753805912,0,1,10,0,-7204.68730035405,-6813.56580116266,-391.121499191393
6096,1.92329893494842,1.83322997605703,0,0,0.025,0.229098761453538,0,0.0932639761751319,0.319678190055241,1,8,1.03684753805912,0,1,10,0,-7203.62309237814,-6812.50159318675,-391.121499191393
6101,1.92329893494842,1.83322997605703,0,0,0.025,0.226805273624696,0,0.0932639761751319,0.318395641934953,1,8,1.03684753805912,0,1,10,0,-7202.35326111047,-6810.80431790425,-391.54894320622
6106,1.92329893494842,1.83322997605703,0,0,0.025,0.226805273624696,0,0.0932639761751319,0.318395641934953,1,8,1.03684753805912,0,1,10,0,-7202.35326111047,-6810.80431790425,-391.54894320622
6111,1.92329893494842,1.83322997605703,0,0,0.025,0.226805273624696,0,0.0932639761751319,0.318395641934953,1,8,1.03684753805912,0,1,10,0,-7203.5919581024,-6810.1212022987,-393.470755803696
6116,1.92329893494842,1.81826742226771,0,0,0.025,0.220257340828993,0,0.0932639761751319,0.318395641934953,1,8,1.03684753805912,0,1,10,0,-7205.8426613234,-6811.72848477035,-394.114176553048
6121,1.92329893494842,1.81826742226771,0,0,0.025,0.220257340828993,0,0.0929389082638632,0.314989040573648,1,8,1.03684753805912,0,1,10,0,-7207.7947293337,-6814.54075404587,-393.253975287825
6126,1.92329893494842,1.68461642494329,0,0,0.025,0.23910874813741,0,0.0929389082638632,0.314989040573648,1,8,1.03684753805912,0,1,10,0,-7208.93970247071,-6815.68572718288,-393.253975287825
6131,1.92329893494842,1.68461642494329,0,0,0.025,0.23910874813741,0,0.0929389082638632,0.304354118711135,1,8,1.03684753805912,0,1,10,0,-7207.41018297793,-6815.33997778712,-392.070205190817
6136,1.92329893494842,1.80607045341266,0,0,0.025,0.224420830057105,0,0.0929389082638632,0.304354118711135,1,8,1.03684753805912,0,1,10,0,-7206.64694104883,-6814.57673585802,-392.070205190817
6141,1.92329893494842,1.7905930197755,0,0,0.025,0.224420830057105,0,0.0929389082638632,0.304354118711135,1,8,1.03684753805912,0,1,10,0,-7206.55436585682,-6814.484160666,-392.070205190817
6146,1.92329893494842,1.7905930197755,0,0,0.025,0.228447406350609,0,0.0929389082638632,0.313429509232167,1,8,1.03684753805912,0,1,10,0,-7207.95769911434,-6814.59423959367,-393.363459520667
6151,1.92329893494842,1.82418428790126,0,0,0.025,0.228447406350609,0,0.0929389082638632,0.313429509232167,1,8,1.03684753805912,0,1,10,0,-7208.73866757845,-6815.60167939919,-393.13698817926
6156,1.92329893494842,1.82418428790126,0,0,0.025,0.234744504397876,0,0.0929389082638632,0.323092815358582,1,8,1.03684753805912,0,1,10,0,-7208.61813181701,-6815.48114363775,-393.13698817926
6161,1.92329893494842,1.82418428790126,0,0,0.025,0.235593873266008,0,0.0929389082638632,0.323092815358582,1,8,1.03684753805912,0,1,10,0,-7208.6910287146,-6815.55404053535,-393.13698817926
6166,1.92329893494842,1.82418428790126,0,0,0.025,0.235593873266008,0,0.0929389082638632,0.323092815358582,1,8,1.03684753805912,0,1,10,0,-7207.71828689396,-6813.60891851617,-394.109368377785
6171,1.92329893494842,1.74202646699061,0,0,0.025,0.228561139675788,0,0.0929389082638632,0.323092815358582,1,8,1.03684753805912,0,1,10,0,-7207.32091576534,-6813.38675147658,-393.93416428876
6176,1.92329893494842,1.74202646699061,0,0,0.025,0.228561139675788,0,0.0929389082638632,0.321525482151556,1,8,1.03684753805912,0,1,10,0,-7203.33553750383,-6811.23488233267,-392.100655171154
6181,1.92329893494842,1.6370172211224,0,0,0.025,0.217791326915318,0,0.0929389082638632,0.321525482151556,1,8,1.03684753805912,0,1,10,0,-7206.93964791104,-6814.24812440845,-392.691523502594
6186,1.92329893494842,1.68947633165422,0,0,0.025,0.217791326915318,0,0.0929389082638632,0.321525482151556,1,8,1.03684753805912,0,1,10,0,-7206.86064209294,-6813.81956111417,-393.041080978763
6191,1.92329893494842,1.68947633165422,0,0,0.025,0.213690860910036,0,0.0929389082638632,0.339248895368362,1,8,1.03684753805912,0,1,10,0,-7207.05350180659,-6814.19900678341,-392.854495023183
6196,1.92329893494842,1.7384095859252,0,0,0.025,0.213690860910036,0,0.0929389082638632,0.339248895368362,1,8,1.03684753805912,0,1,10,0,-7206.74274521977,-6813.88825019659,-392.854495023183
6201,1.92329893494842,1.7384095859252,0,0,0.025,0.2116854245507,0,0.0929389082638632,0.34537691815964,1,8,1.03684753805912,0,1,10,0,-7206.7151644592,-6813.86066943602,-392.854495023183
6206,1.92329893494842,1.82301552891477,0,0,0.025,0.200500378000418,0,0.0929389082638632,0.34537691815964,1,8,1.03684753805912,0,1,10,0,-7209.17193289272,-6813.08474489912,-396.087187993604
6211,1.92329893494842,1.82301552891477,0,0,0.025,0.200500378000418,0,0.0929389082638632,0.342384143740994,1,8,1.03684753805912,0,1,10,0,-7209.23427349038,-6813.14708549678,-396.087187993604
6216,1.92329893494842,1.617743287037,0,0,0.025,0.183579851466541,0,0.0929389082638632,0.342384143740994,1,8,1.03684753805912,0,1,10,0,-7209.28147204024,-6814.54421076359,-394.737261276655
6221,1.92329893494842,1.617743287037,0,0,0.025,0.183579851466541,0,0.0929389082638632,0.340389654504944,1,8,1.03684753805912,0,1,10,0,-7209.2916204936,-6814.55435921695,-394.737261276655
6226,1.92329893494842,1.47910297870971,0,0,0.025,0.199695951160872,0,0.0929389082638632,0.340389654504944,1,8,1.03684753805912,0,1,10,0,-7211.55565836898,-6820.25731493567,-391.29834343331
6231,1.92329893494842,1.69369449663942,0,0,0.025,0.199695951160872,0,0.0929389082638632,0.340389654504944,1,8,1.03684753805912,0,1,10,0,-7208.13554925423,-6818.58017512598,-389.555374128251
6236,1.92329893494842,1.69369449663942,0,0,0.025,0.199526061602712,0,0.0929389082638632,0.341816265668014,1,8,1.03684753805912,0,1,10,0,-7207.67333298375,-6817.98109967278,-389.692233310969
6241,1.92329893494842,1.69369449663942,0,0,0.025,0.199526061602712,0,0.0929389082638632,0.341816265668014,1,8,1.03684753805912,0,1,10,0,-7205.34670234816,-6815.65446903719,-389.692233310969
6246,1.92329893494842,1.69369449663942,0,0,0.025,0.188678679385687,0,0.0929389082638632,0.334963716910603,1,8,1.03684753805912,0,1,10,0,-7205.26560495119,-6815.6221618044,-389.643443146799
6251,1.92329893494842,1.69369449663942,0,0,0.025,0.188678679385687,0,0.0929389082638632,0.334963716910603,1,8,1.03684753805912,0,1,10,0,-7204.90504441773,-6814.93309720396,-389.971947213771
6256,1.92329893494842,1.69369449663942,0,0,0.025,0.188678679385687,0,0.0929389082638632,0.337349584058264,1,8,1.03684753805912,0,1,10,0,-7202.47319394961,-6812.22931302036,-390.243880929255
6261,1.92329893494842,1.66681398978618,0,0,0.025,0.185467376219058,0,0.0929389082638632,0.337349584058264,1,8,1.03684753805912,0,1,10,0,-7202.85947625365,-6812.6155953244,-390.243880929255
6266,1.92329893494842,1.66681398978618,0,0,0.025,0.185467376219058,0,0.0929389082638632,0.344312245043089,1,8,1.03684753805912,0,1,10,0,-7205.53604342449,-6813.54919319018,-391.986850234314
6271,1.92329893494842,1.66681398978618,0,0,0.025,0.185467376219058,0,0.0929389082638632,0.344312245043089,1,8,1.03684753805912,0,1,10,0,-7205.53604342449,-6813.54919319018,-391.986850234314
6276,1.92329893494842,1.64184365036087,0,0,0.025,0.185467376219058,0,0.0929389082638632,0.338874429896572,1,8,1.03684753805912,0,1,10,0,-7205.6576626871,-6813.67081245278,-391.986850234314
6281,1.92329893494842,1.64184365036087,0,0,0.025,0.183743407179997,0,0.0956769672975754,0.320142773371916,1,8,1.03684753805912,0,1,10,0,-7203.89064793157,-6812.47780222265,-391.412845708926
6286,1.92329893494842,1.57295583391417,0,0,0.025,0.183743407179997,0,0.0956769672975754,0.320142773371916,1,8,1.03684753805912,0,1,10,0,-7204.23847762915,-6812.82563192023,-391.412845708926
6291,1.92329893494842,1.57295583391417,0,0,0.025,0.195509895386873,0,0.0956769672975754,0.320142773371916,1,8,1.03684753805912,0,1,10,0,-7203.85398565536,-6812.44113994644,-391.412845708926
6296,1.92329893494842,1.71864140325668,0,0,0.025,0.195509895386873,0,0.0956769672975754,0.320142773371916,1,8,1.03684753805912,0,1,10,0,-7202.8613352641,-6811.44848955518,-391.412845708926
6301,1.92329893494842,1.71864140325668,0,0,0.025,0.195509895386873,0,0.0956769672975754,0.320142773371916,1,8,1.02511076540327,0,1,10,0,-7202.38946669348,-6810.97662098456,-391.412845708926
6306,1.92329893494842,1.65941294435124,0,0,0.025,0.194982885640191,0,0.0956769672975754,0.320142773371916,1,8,1.02511076540327,0,1,10,0,-7202.67568938151,-6811.26284367259,-391.412845708926
6311,1.92082357597301,1.65941294435124,0,0,0.025,0.194982885640191,0,0.0956769672975754,0.329691944700676,1,8,1.02511076540327,0,1,10,0,-7204.6104279787,-6815.5456767669,-389.064751211803
6316,1.92082357597301,1.86551914549253,0,0,0.025,0.194982885640191,0,0.0956769672975754,0.329691944700676,1,8,1.02511076540327,0,1,10,0,-7205.12212150588,-6812.09771923966,-393.024402266221
6321,1.92082357597301,1.88989076576834,0,0,0.025,0.194982885640191,0,0.0956769672975754,0.349624319957989,1,8,1.02511076540327,0,1,10,0,-7205.33541880894,-6812.15156081066,-393.183857998277
6326,1.92082357597301,1.88989076576834,0,0,0.025,0.203578645256975,0,0.0924991347482127,0.345873495791009,1,8,1.02511076540327,0,1,10,0,-7207.63258071738,-6814.4487227191,-393.183857998277
6331,1.92082357597301,1.88618192550862,0,0,0.025,0.203578645256975,0,0.0924991347482127,0.345873495791009,1,8,1.02511076540327,0,1,10,0,-7207.84291105286,-6811.69776127101,-396.145149781851
6336,1.92082357597301,1.88618192550862,0,0,0.025,0.207761449296805,0,0.0924991347482127,0.353034415256504,1,8,1.02511076540327,0,1,10,0,-7206.85741995503,-6810.23047117246,-396.626948782578
6341,1.89114209017082,2.00381269482262,0,0,0.025,0.207761449296805,0,0.0924991347482127,0.353034415256504,1,8,1.02511076540327,0,1,10,0,-7205.4682978868,-6808.70516166754,-396.763136219261
6346,1.89114209017082,2.00381269482262,0,0,0.025,0.207761449296805,0,0.0924991347482127,0.353343469742651,1,8,1.02511076540327,0,1,10,0,-7207.88368102295,-6809.49157502034,-398.392106002612
6351,1.89114209017082,2.00381269482262,0,0,0.025,0.225973466180714,0,0.0924991347482127,0.353343469742651,1,8,1.02511076540327,0,1,10,0,-7206.36497101826,-6808.50229206537,-397.862678952896
6356,1.89114209017082,2.00381269482262,0,0,0.025,0.225973466180714,0,0.0924991347482127,0.353343469742651,1,8,1.02511076540327,0,1,10,0,-7206.36497101826,-6808.50229206537,-397.862678952896
6361,1.89114209017082,2.06024137937628,0,0,0.025,0.225973466180714,0,0.0924991347482127,0.353343469742651,1,8,1.02511076540327,0,1,10,0,-7206.50780220935,-6808.64512325646,-397.862678952896
6366,1.89114209017082,1.99339151168712,0,0,0.025,0.225973466180714,0,0.0924991347482127,0.371985881208649,1,8,1.02511076540327,0,1,10,0,-7206.93248246021,-6809.06980350732,-397.862678952896
6371,1.89114209017082,1.99339151168712,0,0,0.025,0.211109556065298,0,0.0924991347482127,0.371985881208649,1,8,1.02511076540327,0,1,10,0,-7206.83829293365,-6809.43545315273,-397.402839780925
6376,1.89114209017082,1.99339151168712,0,0,0.025,0.211109556065298,0,0.0924991347482127,0.371985881208649,1,8,1.02511076540327,0,1,10,0,-7204.65386255994,-6809.00829777612,-395.645564783821
6381,1.89114209017082,1.99339151168712,0,0,0.025,0.211109556065298,0,0.0924991347482127,0.354862874095155,1,8,1.02511076540327,0,1,10,0,-7204.30757080338,-6808.66200601956,-395.645564783821
6386,1.92365943279369,1.97096089624148,0,0,0.025,0.210857998642488,0,0.0924991347482127,0.354862874095155,1,8,1.02511076540327,0,1,10,0,-7204.20569300252,-6808.56012821869,-395.645564783821
6391,1.92365943279369,1.97096089624148,0,0,0.025,0.210857998642488,0,0.0924991347482127,0.344483312911271,1,8,1.02511076540327,0,1,10,0,-7203.20022506644,-6807.5787578342,-395.621467232242
6396,1.92365943279369,1.93207636820587,0,0,0.025,0.228115638737398,0,0.0924991347482127,0.344483312911271,1,8,1.02511076540327,0,1,10,0,-7202.8320848973,-6807.21061766506,-395.621467232242
6401,1.90687449428536,1.93207636820587,0,0,0.025,0.228115638737398,0,0.0924991347482127,0.338528911245557,1,8,1.02511076540327,0,1,10,0,-7203.72873710845,-6808.12788916341,-395.600847945039
6406,1.90687449428536,1.93207636820587,0,0,0.025,0.228115638737398,0,0.0924991347482127,0.338528911245557,1,8,1.02511076540327,0,1,10,0,-7203.65881161007,-6807.77655120559,-395.882260404477
6411,1.90687449428536,2.08442942280604,0,0,0.025,0.228115638737398,0,0.0924991347482127,0.349084565835781,1,8,1.02511076540327,0,1,10,0,-7203.39229951279,-6808.34483680594,-395.047462706854
6416,1.90687449428536,2.08442942280604,0,0,0.025,0.2197796319333,0,0.0924991347482127,0.352772480894149,1,8,1.02511076540327,0,1,10,0,-7203.22339564114,-6808.17593293429,-395.047462706854
6421,1.90687449428536,2.08442942280604,0,0,0.025,0.2197796319333,0,0.0924991347482127,0.352772480894149,1,8,1.02511076540327,0,1,10,0,-7203.75893757371,-6807.52770476985,-396.231232803863
6426,1.90687449428536,2.08442942280604,0,0,0.025,0.221522725734559,0,0.0942726694857666,0.339577627274744,1,8,1.02511076540327,0,1,10,0,-7206.71652203439,-6806.46563556091,-400.250886473483
6431,1.90687449428536,1.97658436948903,0,0,0.025,0.225861079071024,0,0.0942726694857666,0.339577627274744,1,8,1.02511076540327,0,1,10,0,-7206.0986423467,-6805.84775587322,-400.250886473483
6436,1.90687449428536,1.97658436948903,0,0,0.025,0.225861079071024,0,0.0942726694857666,0.332256616104273,1,8,1.02511076540327,0,1,10,0,-7209.28655280347,-6807.23207240311,-402.054480400358
6441,1.91537140157336,2.02223877675764,0,0,0.025,0.224463283644428,0,0.0942726694857666,0.332256616104273,1,8,1.02511076540327,0,1,10,0,-7209.06382921383,-6807.00934881348,-402.054480400358
6446,1.91537140157336,2.02223877675764,0,0,0.025,0.224463283644428,0,0.0942726694857666,0.349477022452439,1,8,1.02511076540327,0,1,10,0,-7203.84168083269,-6803.84074124558,-400.00093958711
6451,1.91537140157336,2.18651587507797,0,0,0.025,0.225171838942994,0,0.0942726694857666,0.349477022452439,1,8,1.02511076540327,0,1,10,0,-7203.87770869738,-6804.4674007273,-399.410307970076
6456,1.91537140157336,2.18651587507797,0,0,0.025,0.225171838942994,0,0.0942726694857666,0.331101742210574,1,8,1.02511076540327,0,1,10,0,-7208.08698367042,-6805.9279812983,-402.159002372116
6461,1.91537140157336,2.18651587507797,0,0,0.025,0.21789689191469,0,0.0942726694857666,0.322606029444127,1,8,1.02511076540327,0,1,10,0,-7207.69294298704,-6806.84227343457,-400.850669552466
6466,1.91537140157336,2.18651587507797,0,0,0.025,0.21789689191469,0,0.0942726694857666,0.322606029444127,1,8,1.02511076540327,0,1,10,0,-7208.03399660214,-6807.04979565705,-400.984200945091
6471,1.91537140157336,2.18651587507797,0,0,0.025,0.22379858121829,0,0.0942726694857666,0.341971186907306,1,8,1.02511076540327,0,1,10,0,-7206.40991441039,-6806.28948616289,-400.1204282475
6476,1.91537140157336,2.03612870639473,0,0,0.025,0.22379858121829,0,0.0942726694857666,0.341971186907306,1,8,1.02511076540327,0,1,10,0,-7201.10972388465,-6802.87636528618,-398.233358598468
6481,1.91537140157336,2.03612870639473,0,0,0.025,0.22379858121829,0,0.0942726694857666,0.355767635719685,1,8,1.02511076540327,0,1,10,0,-7201.43912537672,-6805.40072120705,-396.038404169666
6486,1.93372003793674,1.85906579096522,0,0,0.025,0.216297419618438,0,0.0945684337214611,0.355767635719685,1,8,1.02511076540327,0,1,10,0,-7200.26774401708,-6803.6999127977,-396.567831219383
6491,1.93372003793674,1.85906579096522,0,0,0.025,0.216297419618438,0,0.0945684337214611,0.33992948294403,1,8,1.02511076540327,0,1,10,0,-7199.24985877015,-6804.12238913316,-395.127469636992
6496,1.93372003793674,1.85906579096522,0,0,0.025,0.216626587412362,0,0.0945684337214611,0.33992948294403,1,8,1.02511076540327,0,1,10,0,-7199.25360245845,-6804.12613282146,-395.127469636992
6501,1.94502689218843,1.79647868004322,0,0,0.025,0.216626587412362,0,0.0945684337214611,0.338802194997668,1,8,1.02511076540327,0,1,10,0,-7200.9957205626,-6805.66531008161,-395.330410480989
6506,1.94502689218843,1.79647868004322,0,0,0.025,0.216626587412362,0,0.0945684337214611,0.341220396680996,1,8,1.02511076540327,0,1,10,0,-7204.18385505228,-6806.90753442224,-397.276320630044
6511,1.94502689218843,1.86305067058586,0,0,0.025,0.216626587412362,0,0.0945684337214611,0.341220396680996,1,8,1.02511076540327,0,1,10,0,-7199.49264654444,-6802.2163259144,-397.276320630044
6516,1.94502689218843,1.86305067058586,0,0,0.025,0.216626587412362,0,0.0945684337214611,0.342847515347264,1,8,1.02511076540327,0,1,10,0,-7199.43978613311,-6802.16346550307,-397.276320630044
6521,1.94502689218843,1.86305067058586,0,0,0.025,0.216626587412362,0,0.0945684337214611,0.342847515347264,1,8,1.02511076540327,0,1,10,0,-7195.62063320799,-6799.82963209766,-395.791001110339
6526,1.94502689218843,1.86305067058586,0,0,0.025,0.216626587412362,0,0.0945684337214611,0.342847515347264,1,8,1.02511076540327,0,1,10,0,-7194.56932825913,-6798.09376371192,-396.475564547207
6531,1.95734098934832,1.86305067058586,0,0,0.025,0.213486051587266,0,0.0945684337214611,0.342847515347264,1,8,1.02511076540327,0,1,10,0,-7195.50673868354,-6799.03117413634,-396.475564547207
6536,1.95734098934832,1.86305067058586,0,0,0.025,0.213486051587266,0,0.0945684337214611,0.361719386303506,1,8,1.02511076540327,0,1,10,0,-7196.87245274209,-6799.45863763425,-397.413815107838
6541,1.95734098934832,1.65598297070547,0,0,0.025,0.211411445680227,0,0.0945684337214611,0.361719386303506,1,8,1.02511076540327,0,1,10,0,-7197.45181744969,-6800.03800234185,-397.413815107838
6546,1.95734098934832,1.64429825422883,0,0,0.025,0.211411445680227,0,0.0945684337214611,0.358049033453475,1,8,1.02511076540327,0,1,10,0,-7198.86824561086,-6800.74577913592,-398.122466474934
6551,1.95734098934832,1.64429825422883,0,0,0.025,0.211411445680227,0,0.0945684337214611,0.344361378057311,1,8,1.02511076540327,0,1,10,0,-7199.5098415988,-6800.88881959269,-398.621022006108
6556,1.95734098934832,1.65942284451296,0,0,0.025,0.211411445680227,0,0.0945684337214611,0.344361378057311,1,8,1.02511076540327,0,1,10,0,-7199.40133018876,-6800.78030818265,-398.621022006108
6561,1.95734098934832,1.65942284451296,0,0,0.025,0.196518697393773,0,0.0945684337214611,0.328802669311152,1,8,1.02511076540327,0,1,10,0,-7199.24677421117,-6801.98614583775,-397.26062837342
6566,1.90807286020948,1.65942284451296,0,0,0.025,0.196518697393773,0,0.0945684337214611,0.328802669311152,1,8,1.02511076540327,0,1,10,0,-7199.39197281854,-6802.41636340015,-396.975609418388
6571,1.90807286020948,1.65942284451296,0,0,0.025,0.196518697393773,0,0.0945684337214611,0.326926927747096,1,8,1.02511076540327,0,1,10,0,-7200.0357017743,-6802.77507340088,-397.26062837342
6576,1.90807286020948,1.67582619985977,0,0,0.025,0.18635724606955,0,0.0945684337214611,0.326926927747096,1,8,1.02511076540327,0,1,10,0,-7200.37145660916,-6803.11082823574,-397.26062837342
6581,1.89845317377638,1.67582619985977,0,0,0.025,0.18635724606955,0,0.0945684337214611,0.310463372373454,1,8,1.02511076540327,0,1,10,0,-7199.67448523717,-6803.60777933222,-396.066705904948
6586,1.89845317377638,1.67582619985977,0,0,0.025,0.170141231971629,0,0.0945684337214611,0.310463372373454,1,8,1.02511076540327,0,1,10,0,-7202.29266173204,-6806.22595582709,-396.066705904948
6591,1.89845317377638,1.61855752635797,0,0,0.025,0.170141231971629,0,0.0945684337214611,0.310463372373454,1,8,1.02511076540327,0,1,10,0,-7202.0300613071,-6805.96335540215,-396.066705904948
6596,1.89845317377638,1.61855752635797,0,0,0.025,0.173308132928888,0,0.0945684337214611,0.315767631137124,1,8,1.02511076540327,0,1,10,0,-7201.20409857129,-6805.13739266635,-396.066705904948
6601,1.89845317377638,1.50833871090762,0,0,0.025,0.173308132928888,0,0.0945684337214611,0.315767631137124,1,8,1.02511076540327,0,1,10,0,-7202.94441630364,-6806.37239995562,-396.572016348026
6606,1.89845317377638,1.50833871090762,0,0,0.025,0.173308132928888,0,0.0945684337214611,0.329127146635664,1,8,1.0207066893259,0,1,10,0,-7203.24924539626,-6806.67722904823,-396.572016348026
6611,1.89845317377638,1.50833871090762,0,0,0.025,0.173308132928888,0,0.0945684337214611,0.329127146635664,1,8,1.0207066893259,0,1,10,0,-7204.88692286796,-6806.18667481409,-398.700248053875
6616,1.89845317377638,1.50833871090762,0,0,0.025,0.173308132928888,0,0.0945684337214611,0.322596290603067,1,8,1.0207066893259,0,1,10,0,-7204.78751127507,-6807.17263028311,-397.614880991957
6621,1.89845317377638,1.67515828942874,0,0,0.025,0.1845075806057,0,0.0945684337214611,0.322596290603067,1,8,1.0207066893259,0,1,10,0,-7202.52604885048,-6805.24431230505,-397.281736545428
6626,1.89845317377638,1.67515828942874,0,0,0.025,0.1845075806057,0,0.0945684337214611,0.312471933363158,1,8,1.0207066893259,0,1,10,0,-7203.71759257399,-6806.47586136318,-397.241731210815
6631,1.89845317377638,1.67515828942874,0,0,0.025,0.1845075806057,0,0.0945684337214611,0.312471933363158,1,8,1.0207066893259,0,1,10,0,-7202.07991510229,-6806.96641559732,-395.113499504966
6636,1.89845317377638,1.75053378517719,0,0,0.025,0.1845075806057,0,0.0945684337214611,0.330200904369635,1,8,1.0207066893259,0,1,10,0,-7201.35202171701,-6806.23852221205,-395.113499504966
6641,1.89845317377638,1.75053378517719,0,0,0.025,0.199550811170437,0,0.0945684337214611,0.32405931531409,1,8,1.0207066893259,0,1,10,0,-7199.3535149459,-6805.20941599812,-394.144098947777
6646,1.89845317377638,1.92419769921201,0,0,0.025,0.199550811170437,0,0.0945684337214611,0.32405931531409,1,8,1.0207066893259,0,1,10,0,-7199.57964297579,-6805.43554402801,-394.144098947777
6651,1.89845317377638,1.92419769921201,0,0,0.025,0.206667935807238,0,0.0945684337214611,0.325923892658456,1,8,1.0207066893259,0,1,10,0,-7198.54084781235,-6804.33612424276,-394.204723569594
6656,1.89845317377638,1.89409964467744,0,0,0.025,0.206000437690424,0,0.0945684337214611,0.325923892658456,1,8,1.0207066893259,0,1,10,0,-7202.45133296832,-6807.93872461895,-394.512608349363
6661,1.89845317377638,1.89409964467744,0,0,0.025,0.206000437690424,0,0.0945684337214611,0.336809158467109,1,8,1.0207066893259,0,1,10,0,-7202.14371460607,-6807.63110625671,-394.512608349363
6666,1.95998158477015,1.78804635204531,0,0,0.025,0.206000437690424,0,0.0945684337214611,0.336809158467109,1,8,1.0207066893259,0,1,10,0,-7202.79417047046,-6807.83609167838,-394.958078792085
6671,1.95998158477015,1.78804635204531,0,0,0.025,0.206000437690424,0,0.0945684337214611,0.336809158467109,1,8,1.0207066893259,0,1,10,0,-7203.50386175808,-6808.56598567331,-394.937876084768
6676,1.95998158477015,1.78804635204531,0,0,0.025,0.2070531050029,0,0.0945684337214611,0.336809158467109,1,8,1.0207066893259,0,1,10,0,-7207.62150252415,-6810.55539473353,-397.066107790617
6681,1.95998158477015,1.70143183712578,0,0,0.025,0.2070531050029,0,0.0945684337214611,0.336809158467109,1,8,1.0207066893259,0,1,10,0,-7203.20698133275,-6808.7351949779,-394.471786354843
6686,1.95998158477015,1.70143183712578,0,0,0.025,0.205349636427638,0,0.0958984661663285,0.335499484595098,1,8,1.0207066893259,0,1,10,0,-7202.43226533173,-6807.96047897688,-394.471786354843
6691,1.95998158477015,1.89784694348438,0,0,0.025,0.205349636427638,0,0.0958984661663285,0.335499484595098,1,8,1.0207066893259,0,1,10,0,-7203.7555720876,-6809.13120614517,-394.624365942438
6696,1.95998158477015,1.89784694348438,0,0,0.025,0.210183905486226,0,0.0958984661663285,0.34342102932102,1,8,1.0207066893259,0,1,10,0,-7203.35479357318,-6808.73042763074,-394.624365942438
6701,1.95998158477015,1.82480237833738,0,0,0.025,0.192071086126491,0,0.0958984661663285,0.34342102932102,1,8,1.0207066893259,0,1,10,0,-7204.67647625572,-6810.05211031328,-394.624365942438
6706,1.95998158477015,1.82480237833738,0,0,0.025,0.192071086126491,0,0.0958984661663285,0.34342102932102,1,8,1.0207066893259,0,1,10,0,-7204.52901709538,-6808.82624157159,-395.702775523789
6711,1.95998158477015,1.73718605025768,0,0,0.025,0.192071086126491,0,0.0958984661663285,0.34342102932102,1,8,1.0207066893259,0,1,10,0,-7204.6590322664,-6808.95625674261,-395.702775523789
6716,1.95998158477015,1.73718605025768,0,0,0.025,0.192071086126491,0,0.0958984661663285,0.321393225588106,1,8,1.0207066893259,0,1,10,0,-7205.21546968824,-6809.51269416445,-395.702775523789
6721,1.95998158477015,1.74999354358315,0,0,0.025,0.207399492076222,0,0.0958984661663285,0.321393225588106,1,8,1.0207066893259,0,1,10,0,-7204.18240353172,-6808.47962800793,-395.702775523789
6726,1.95998158477015,1.80455461888476,0,0,0.025,0.207399492076222,0,0.0958984661663285,0.319531009177759,1,8,1.00674837157871,0,1,10,0,-7206.0404390879,-6810.33766356411,-395.702775523789
6731,1.95998158477015,1.80455461888476,0,0,0.025,0.196958142950463,0,0.0958984661663285,0.319531009177759,1,8,1.00674837157871,0,1,10,0,-7206.74341037607,-6811.04063485228,-395.702775523789
6736,1.95998158477015,1.80455461888476,0,0,0.025,0.196958142950463,0,0.0958984661663285,0.319531009177759,1,8,1.00674837157871,0,1,10,0,-7206.74341037607,-6811.04063485228,-395.702775523789
6741,1.95998158477015,1.80455461888476,0,0,0.025,0.214231804266454,0,0.0958984661663285,0.312383920596329,1,8,1.00674837157871,0,1,10,0,-7206.28221286543,-6810.57943734165,-395.702775523789
6746,1.95998158477015,1.80455461888476,0,0,0.025,0.225323931564871,0,0.0958984661663285,0.312383920596329,1,8,1.00674837157871,0,1,10,0,-7206.45419878561,-6810.75142326182,-395.702775523789
6751,1.95998158477015,1.80455461888476,0,0,0.025,0.225323931564871,0,0.0958984661663285,0.312383920596329,1,8,1.00674837157871,0,1,10,0,-7206.45419878561,-6810.75142326182,-395.702775523789
6756,1.95998158477015,1.90549016445107,0,0,0.025,0.225272524013261,0,0.0958984661663285,0.312383920596329,1,8,1.00674837157871,0,1,10,0,-7206.41207641835,-6810.70930089456,-395.702775523789
6761,1.95998158477015,1.90549016445107,0,0,0.025,0.225272524013261,0,0.0958984661663285,0.331249980197248,1,8,1.00674837157871,0,1,10,0,-7211.33840526317,-6813.32399481086,-398.014410452303
6766,1.95998158477015,1.76447236059783,0,0,0.025,0.221113009005311,0,0.0959583977823453,0.331249980197248,1,8,1.00674837157871,0,1,10,0,-7211.74668967107,-6814.92186328564,-396.824826385429
6771,1.95998158477015,1.8507269244002,0,0,0.025,0.221113009005311,0,0.0959583977823453,0.310169618397972,1,8,1.00674837157871,0,1,10,0,-7214.25849451735,-6815.74872266698,-398.509771850371
6776,1.95998158477015,1.8507269244002,0,0,0.025,0.213586956040664,0,0.0959583977823453,0.310169618397972,1,8,1.00674837157871,0,1,10,0,-7212.55586655551,-6815.14470699381,-397.411159561703
6781,1.95998158477015,1.8507269244002,0,0,0.025,0.213586956040664,0,0.0959583977823453,0.310169618397972,1,8,1.00674837157871,0,1,10,0,-7209.40108750057,-6813.00442419447,-396.396663306096
6786,1.95998158477015,1.8507269244002,0,0,0.025,0.213586956040664,0,0.0959583977823453,0.316880693335186,1,8,1.00674837157871,0,1,10,0,-7208.90248555088,-6812.50582224479,-396.396663306096
6791,1.95998158477015,1.68750353176123,0,0,0.025,0.225297739034558,0,0.0959583977823453,0.316880693335186,1,8,1.00674837157871,0,1,10,0,-7210.03174665025,-6813.63508334416,-396.396663306096
6796,1.95998158477015,1.68750353176123,0,0,0.025,0.225297739034558,0,0.0959583977823453,0.330114203239789,1,8,1.00674837157871,0,1,10,0,-7208.76650739351,-6812.27186367905,-396.494643714456
6801,1.95998158477015,1.86450073240813,0,0,0.025,0.217156954610837,0,0.0959583977823453,0.330114203239789,1,8,1.00674837157871,0,1,10,0,-7206.96984502939,-6810.47520131493,-396.494643714456
6806,1.95998158477015,1.86450073240813,0,0,0.025,0.217156954610837,0,0.0959583977823453,0.332933137635625,1,8,1.00674837157871,0,1,10,0,-7206.87143987897,-6810.37679616452,-396.494643714456
6811,1.95998158477015,1.91420726101205,0,0,0.025,0.210882470034268,0,0.0959583977823453,0.332933137635625,1,8,1.00674837157871,0,1,10,0,-7206.95111413226,-6809.72558290926,-397.225531222999
6816,1.94878628356503,1.7763957420648,0,0,0.025,0.210882470034268,0,0.0959583977823453,0.346287065424038,1,8,1.00674837157871,0,1,10,0,-7208.63133126618,-6811.3860408932,-397.24529037298
6821,1.94878628356503,1.7763957420648,0,0,0.025,0.210882470034268,0,0.0959583977823453,0.335408857475014,1,8,1.00674837157871,0,1,10,0,-7212.05343736729,-6813.70953470564,-398.343902661648
6826,1.94878628356503,1.7763957420648,0,0,0.025,0.210882470034268,0,0.0959583977823453,0.335408857475014,1,8,1.00674837157871,0,1,10,0,-7212.05343736729,-6813.70953470564,-398.343902661648
6831,1.94878628356503,1.7763957420648,0,0,0.025,0.218711443470565,0,0.0959583977823453,0.335408857475014,1,8,1.00674837157871,0,1,10,0,-7213.86895846804,-6813.39682410055,-400.472134367497
6836,1.94878628356503,1.7763957420648,0,0,0.025,0.218711443470565,0,0.0959583977823453,0.335408857475014,1,8,1.00674837157871,0,1,10,0,-7213.67380474255,-6813.20167037505,-400.472134367497
6841,1.94878628356503,1.7763957420648,0,0,0.025,0.218711443470565,0,0.0959583977823453,0.327091642512541,1,8,1.00674837157871,0,1,10,0,-7212.44945797233,-6813.57856475006,-398.870893222267
6846,1.94878628356503,1.78647121715023,0,0,0.025,0.218711443470565,0,0.0959583977823453,0.327091642512541,1,8,1.00674837157871,0,1,10,0,-7211.37348067766,-6813.5730288671,-397.800451810566
6851,1.94878628356503,1.78647121715023,0,0,0.025,0.218711443470565,0,0.0959583977823453,0.315080034216678,1,8,1.00674837157871,0,1,10,0,-7210.23755484885,-6814.56533474413,-395.672220104716
6856,1.94878628356503,1.93804716199904,0,0,0.025,0.2051014273336,0,0.0959583977823453,0.315080034216678,1,8,1.00674837157871,0,1,10,0,-7211.66792252894,-6815.52124444463,-396.146678084311
6861,1.94878628356503,1.84899952360739,0,0,0.025,0.2051014273336,0,0.0959583977823453,0.317805166483622,1,8,1.00674837157871,0,1,10,0,-7210.6460249364,-6814.49934685209,-396.146678084311
6866,1.94878628356503,1.84899952360739,0,0,0.025,0.2051014273336,0,0.0959583977823453,0.317805166483622,1,8,1.00674837157871,0,1,10,0,-7210.73840854198,-6814.02028021208,-396.718128329894
6871,1.94878628356503,1.84899952360739,0,0,0.025,0.2051014273336,0,0.0959583977823453,0.317805166483622,1,8,1.00674837157871,0,1,10,0,-7211.79284938514,-6814.30746590253,-397.485383482608
6876,1.94878628356503,1.84899952360739,0,0,0.025,0.216633600837043,0,0.0959583977823453,0.330074672170877,1,8,1.00674837157871,0,1,10,0,-7210.67552543218,-6813.19014194957,-397.485383482608
6881,1.93166051868753,1.71349593921342,0,0,0.025,0.216633600837043,0,0.0959583977823453,0.330074672170877,1,8,1.00674837157871,0,1,10,0,-7209.99388258385,-6813.60711138991,-396.386771193939
6886,1.93166051868753,1.71349593921342,0,0,0.025,0.216633600837043,0,0.0959583977823453,0.347472306120792,1,8,1.00674837157871,0,1,10,0,-7210.368622146,-6813.98185095206,-396.386771193939
6891,1.93166051868753,1.71349593921342,0,0,0.025,0.207046998327743,0,0.0959583977823453,0.347472306120792,1,8,1.00674837157871,0,1,10,0,-7213.34760359593,-6814.57477158684,-398.772832009091
6896,1.93166051868753,1.71349593921342,0,0,0.025,0.207046998327743,0,0.0959583977823453,0.347472306120792,1,8,1.00674837157871,0,1,10,0,-7212.71800517016,-6814.7117821102,-398.006223059954
6901,1.93166051868753,1.69847992715226,0,0,0.025,0.214494237776673,0,0.092273165782144,0.347472306120792,1,8,1.00674837157871,0,1,10,0,-7210.01255719438,-6815.23317812894,-394.779379065436
6906,1.93166051868753,1.69847992715226,0,0,0.025,0.214494237776673,0,0.092273165782144,0.365696245433533,1,8,1.00674837157871,0,1,10,0,-7209.46615535024,-6814.48895054147,-394.977204808766
6911,1.93166051868753,1.69847992715226,0,0,0.025,0.215492682605089,0,0.092273165782144,0.379648239129534,1,8,1.00674837157871,0,1,10,0,-7206.28865067302,-6811.91028236534,-394.378368307678
6916,1.93166051868753,1.55442703363491,0,0,0.025,0.215492682605089,0,0.092273165782144,0.379648239129534,1,8,1.00674837157871,0,1,10,0,-7208.3883078006,-6814.00993949293,-394.378368307678
6921,1.93166051868753,1.55442703363491,0,0,0.025,0.210797064268936,0,0.092273165782144,0.395763204241999,1,8,1.00674837157871,0,1,10,0,-7208.70381062092,-6814.32544231324,-394.378368307678
6926,1.93166051868753,1.55442703363491,0,0,0.025,0.210797064268936,0,0.092273165782144,0.395763204241999,1,8,1.00674837157871,0,1,10,0,-7210.02368317097,-6815.9210572537,-394.102625917264
6931,1.93166051868753,1.55442703363491,0,0,0.025,0.210797064268936,0,0.092273165782144,0.405691275147142,1,8,1.00674837157871,0,1,10,0,-7206.44883712534,-6813.55923384792,-392.889603277418
6936,1.93166051868753,1.55442703363491,0,0,0.025,0.210797064268936,0,0.092273165782144,0.405691275147142,1,8,1.00674837157871,0,1,10,0,-7206.44883712534,-6813.55923384792,-392.889603277418
6941,1.93166051868753,1.55442703363491,0,0,0.025,0.210797064268936,0,0.092273165782144,0.384779055349139,1,8,1.00674837157871,0,1,10,0,-7212.26893796138,-6814.37188409201,-397.897053869366
6946,1.93166051868753,1.65992494613638,0,0,0.025,0.194752685339298,0,0.092273165782144,0.384779055349139,1,8,1.00674837157871,0,1,10,0,-7210.03564653717,-6812.85078804334,-397.184858493835
6951,1.93166051868753,1.77030995461704,0,0,0.025,0.194752685339298,0,0.092273165782144,0.40313922912928,1,8,1.00674837157871,0,1,10,0,-7209.80607003519,-6812.62121154135,-397.184858493835
6956,1.93166051868753,1.77030995461704,0,0,0.025,0.210054454394846,0,0.092273165782144,0.40313922912928,1,8,1.00674837157871,0,1,10,0,-7215.53286124632,-6816.5371671362,-398.995694110124
6961,1.93166051868753,1.77030995461704,0,0,0.025,0.210054454394846,0,0.092273165782144,0.40313922912928,1,8,1.00674837157871,0,1,10,0,-7212.82947752818,-6815.80322406452,-397.026253463659
6966,1.93166051868753,1.77030995461704,0,0,0.025,0.210054454394846,0,0.092273165782144,0.415675367631374,1,8,1.00674837157871,0,1,10,0,-7213.18488115639,-6815.51021640601,-397.674664750377
6971,1.93166051868753,1.87851709011019,0,0,0.025,0.210054454394846,0,0.092273165782144,0.415675367631374,1,8,1.00674837157871,0,1,10,0,-7213.58224181466,-6817.12059970413,-396.461642110531
6976,1.93166051868753,1.87851709011019,0,0,0.025,0.210054454394846,0,0.092273165782144,0.414729178821982,1,8,1.00674837157871,0,1,10,0,-7213.55024833743,-6817.0886062269,-396.461642110531
6981,1.93166051868753,1.87851709011019,0,0,0.025,0.216201460031768,0,0.092273165782144,0.414729178821982,1,8,1.00674837157871,0,1,10,0,-7213.4449674701,-6817.40618221039,-396.038785259711
6986,1.93166051868753,1.87851709011019,0,0,0.025,0.216201460031768,0,0.092273165782144,0.416080057854655,1,8,1.00674837157871,0,1,10,0,-7214.61553212324,-6819.22559684296,-395.38993528029
6991,1.93166051868753,2.02879245761175,0,0,0.025,0.213410706013285,0,0.092273165782144,0.416080057854655,1,8,1.00674837157871,0,1,10,0,-7210.42310817509,-6815.0331728948,-395.38993528029
6996,1.93166051868753,2.02879245761175,0,0,0.025,0.213410706013285,0,0.092273165782144,0.404458881153692,1,8,1.00674837157871,0,1,10,0,-7210.2683502571,-6814.87841497681,-395.38993528029
7001,1.93166051868753,2.02879245761175,0,0,0.025,0.213410706013285,0,0.092273165782144,0.391781271508659,1,8,1.00674837157871,0,1,10,0,-7213.67234863575,-6817.52984275443,-396.142505881321
