samp_no,boost_long,boost_short,boost_delay,antigenic_seniority,wane_long,wane_short,wane_maternal,cr_long,cr_short,min_measurement,max_measurement,obs_sd,fp_rate,infection_model_prior_shape1,infection_model_prior_shape2,antibody_dependent_boosting,posterior_prob,likelihood,prior_prob
1,2.16589302953932,2.57044576007238,0,0,0.025,0.0910278452452719,0,0.128259464534458,0.0735008149543241,1,8,1.78056043895347,0,1,10,0,-11668.5354450303,-11319.7627111095,-348.772733920752
6,2.16589302953932,2.57044576007238,0,0,0.025,0.0910278452452719,0,0.169549829644702,0.0735008149543241,1,8,1.78056043895347,0,1,10,0,-10982.7602452903,-10642.5316230085,-340.228622281863
11,2.13554205386731,2.57044576007238,0,0,0.025,0.0910278452452719,0,0.169549829644702,0.115337842088256,1,8,1.78056043895347,0,1,10,0,-10443.3397154625,-10097.5808156251,-345.758899837342
16,2.13554205386731,2.54843566507907,0,0,0.025,0.0910278452452719,0,0.169549829644702,0.115337842088256,1,8,1.78056043895347,0,1,10,0,-9765.81367497144,-9429.9090596935,-335.904615277941
21,1.76143075329661,2.54843566507907,0,0,0.025,0.0910278452452719,0,0.169549829644702,0.115337842088256,1,8,1.78056043895347,0,1,10,0,-9505.35882795528,-9177.97574125058,-327.383086704703
26,1.76143075329661,2.54843566507907,0,0,0.025,0.0910278452452719,0,0.123692281480877,0.160675088779633,1,8,1.78056043895347,0,1,10,0,-9194.4998161277,-8866.11810473141,-328.381711396287
31,1.76143075329661,2.34420519410509,0,0,0.025,0.0910278452452719,0,0.123692281480877,0.160675088779633,1,8,1.78056043895347,0,1,10,0,-9051.79826597293,-8719.59934750228,-332.198918470649
36,1.76143075329661,2.34420519410509,0,0,0.025,0.113326891696079,0,0.119939610186834,0.160675088779633,1,8,1.78056043895347,0,1,10,0,-8949.90171766418,-8622.89526209528,-327.006455568892
41,1.76143075329661,2.04734753939516,0,0,0.025,0.113326891696079,0,0.119939610186834,0.160675088779633,1,8,1.78056043895347,0,1,10,0,-8749.23123771208,-8427.88033447744,-321.350903234633
46,1.76143075329661,2.04734753939516,0,0,0.025,0.113326891696079,0,0.119939610186834,0.128926099391335,1,8,1.78056043895347,0,1,10,0,-8613.01974378224,-8280.69116278496,-332.328580997284
51,1.76143075329661,1.72518779557176,0,0,0.025,0.113326891696079,0,0.0912201663651026,0.128926099391335,1,8,1.78056043895347,0,1,10,0,-8558.23648840531,-8226.31301452396,-331.923473881355
56,1.73182275123408,1.72518779557176,0,0,0.025,0.113326891696079,0,0.0912201663651026,0.154822596458974,1,8,1.78056043895347,0,1,10,0,-8445.55144590085,-8126.90023001956,-318.651215881287
61,1.73182275123408,1.72518779557176,0,0,0.025,0.113326891696079,0,0.0912201663651026,0.154822596458974,1,8,1.78056043895347,0,1,10,0,-8418.28240019704,-8100.83346513165,-317.448935065389
66,1.73182275123408,1.51379274927752,0,0,0.025,0.113326891696079,0,0.0912201663651026,0.196969031784581,1,8,1.78056043895347,0,1,10,0,-8409.65821010543,-8096.24646118842,-313.411748917007
71,1.73182275123408,1.51379274927752,0,0,0.025,0.113326891696079,0,0.0912201663651026,0.148559979226085,1,8,1.78056043895347,0,1,10,0,-8383.59096251363,-8067.57425890454,-316.016703609082
76,1.73182275123408,1.51379274927752,0,0,0.025,0.113326891696079,0,0.0912201663651026,0.148559979226085,1,8,1.78056043895347,0,1,10,0,-8320.82562727175,-8010.92645004005,-309.899177231707
81,1.73182275123408,1.51379274927752,0,0,0.025,0.113326891696079,0,0.0912201663651026,0.148559979226085,1,8,1.78056043895347,0,1,10,0,-8320.14218929717,-8011.28794420467,-308.854245092502
86,1.73182275123408,1.33719336165493,0,0,0.025,0.113326891696079,0,0.0912201663651026,0.148559979226085,1,8,1.78056043895347,0,1,10,0,-8303.23144030401,-7990.31831266223,-312.913127641775
91,1.73182275123408,1.33719336165493,0,0,0.025,0.113326891696079,0,0.0912201663651026,0.138489043800095,1,8,1.78056043895347,0,1,10,0,-8248.70927740217,-7932.71550203114,-315.993775371029
96,1.73182275123408,1.33719336165493,0,0,0.025,0.113326891696079,0,0.0912201663651026,0.138489043800095,1,8,1.78056043895347,0,1,10,0,-8246.97382306349,-7932.66180626647,-314.312016797016
101,1.73182275123408,1.33719336165493,0,0,0.025,0.113326891696079,0,0.0912201663651026,0.134878631430854,1,8,1.78056043895347,0,1,10,0,-8234.03299220956,-7919.79833804665,-314.234654162909
106,1.73182275123408,1.33719336165493,0,0,0.025,0.0889529790781019,0,0.0912201663651026,0.134878631430854,1,8,1.78056043895347,0,1,10,0,-8210.2140651635,-7889.82156168657,-320.392503476931
111,1.73182275123408,1.33719336165493,0,0,0.025,0.0889529790781019,0,0.0912201663651026,0.139339769760303,1,8,1.31972596410266,0,1,10,0,-7887.98145221797,-7564.51247470351,-323.468977514461
116,1.73182275123408,1.33719336165493,0,0,0.025,0.0889529790781019,0,0.0912201663651026,0.152880820578246,1,8,1.31972596410266,0,1,10,0,-7870.68289495826,-7544.816022171,-325.866872787259
121,1.73182275123408,1.33719336165493,0,0,0.025,0.0889529790781019,0,0.0912201663651026,0.152880820578246,1,8,1.31972596410266,0,1,10,0,-7811.79551956515,-7486.70332034389,-325.092199221263
126,1.73182275123408,1.33719336165493,0,0,0.025,0.0889529790781019,0,0.0912201663651026,0.152880820578246,1,8,1.31972596410266,0,1,10,0,-7810.72289829683,-7484.43444831733,-326.288449979495
131,1.73182275123408,1.33719336165493,0,0,0.025,0.0889529790781019,0,0.0912201663651026,0.152880820578246,1,8,1.31972596410266,0,1,10,0,-7809.64867403536,-7479.91366952452,-329.735004510843
136,1.73182275123408,1.33719336165493,0,0,0.025,0.0889529790781019,0,0.0912201663651026,0.152880820578246,1,8,1.31972596410266,0,1,10,0,-7792.15174631024,-7456.57414078286,-335.577605527379
141,1.73182275123408,1.33719336165493,0,0,0.025,0.0889529790781019,0,0.0912201663651026,0.152880820578246,1,8,1.31972596410266,0,1,10,0,-7773.46160595738,-7435.96544761016,-337.496158347223
146,1.73182275123408,1.33719336165493,0,0,0.025,0.0889529790781019,0,0.0912201663651026,0.150895265549472,1,8,1.20619960231462,0,1,10,0,-7744.71237192462,-7405.51886928771,-339.19350263691
151,1.73182275123408,1.01276738635628,0,0,0.025,0.0889529790781019,0,0.0912201663651026,0.150895265549472,1,8,1.20619960231462,0,1,10,0,-7733.78715932779,-7394.59365669088,-339.19350263691
156,1.73182275123408,1.01276738635628,0,0,0.025,0.0889529790781019,0,0.0912201663651026,0.150895265549472,1,8,1.20619960231462,0,1,10,0,-7723.22820748664,-7382.42526693729,-340.802940549344
161,1.73182275123408,1.01276738635628,0,0,0.025,0.0889529790781019,0,0.0912201663651026,0.150895265549472,1,8,1.20619960231462,0,1,10,0,-7720.34390513725,-7380.22803001717,-340.115875120082
166,1.73182275123408,1.01276738635628,0,0,0.025,0.0889529790781019,0,0.0912201663651026,0.150895265549472,1,8,1.20619960231462,0,1,10,0,-7711.43171184583,-7365.93009140233,-345.501620443505
171,1.73182275123408,1.01276738635628,0,0,0.025,0.0889529790781019,0,0.0912201663651026,0.150895265549472,1,8,1.20619960231462,0,1,10,0,-7711.43171184583,-7365.93009140233,-345.501620443505
176,1.73182275123408,1.01276738635628,0,0,0.025,0.0889529790781019,0,0.0912201663651026,0.150895265549472,1,8,1.20619960231462,0,1,10,0,-7705.39600192957,-7361.54200439518,-343.853997534388
181,1.73182275123408,1.01276738635628,0,0,0.025,0.0889529790781019,0,0.0912201663651026,0.144357456103049,1,8,1.20619960231462,0,1,10,0,-7700.16648209427,-7353.9360954923,-346.230386601966
186,1.73182275123408,1.01276738635628,0,0,0.025,0.0889529790781019,0,0.0912201663651026,0.144357456103049,1,8,1.20619960231462,0,1,10,0,-7691.57085850711,-7340.0996634519,-351.471195055209
191,1.73182275123408,1.01276738635628,0,0,0.025,0.0889529790781019,0,0.0912201663651026,0.144357456103049,1,8,1.20619960231462,0,1,10,0,-7689.63959390748,-7339.79981567143,-349.839778236056
196,1.73182275123408,0.932406364879693,0,0,0.025,0.0889529790781019,0,0.0912201663651026,0.144357456103049,1,8,1.20619960231462,0,1,10,0,-7680.86066466364,-7328.33012315288,-352.530541510756
201,1.73182275123408,0.932406364879693,0,0,0.025,0.0889529790781019,0,0.0912201663651026,0.144357456103049,1,8,1.20619960231462,0,1,10,0,-7668.54952225356,-7312.09433927342,-356.455182980143
206,1.73182275123408,0.932406364879693,0,0,0.025,0.0889529790781019,0,0.0912201663651026,0.144357456103049,1,8,1.20619960231462,0,1,10,0,-7657.93336813314,-7299.74291839249,-358.190449740648
211,1.73182275123408,0.932406364879693,0,0,0.025,0.0889529790781019,0,0.0912201663651026,0.144357456103049,1,8,1.20619960231462,0,1,10,0,-7657.52323012905,-7297.34955786963,-360.173672259418
216,1.73182275123408,0.932406364879693,0,0,0.025,0.0889529790781019,0,0.0912201663651026,0.144357456103049,1,8,1.20619960231462,0,1,10,0,-7651.50707881665,-7287.09930005264,-364.407778764016
221,1.73182275123408,0.918380222102414,0,0,0.025,0.083080591401263,0,0.0912201663651026,0.144357456103049,1,8,1.20619960231462,0,1,10,0,-7648.45674829841,-7281.00444709668,-367.452301201739
226,1.73182275123408,0.918380222102414,0,0,0.025,0.083080591401263,0,0.0912201663651026,0.172622562007861,1,8,1.20619960231462,0,1,10,0,-7644.48991912302,-7272.24805792543,-372.241861197585
231,1.73182275123408,0.918380222102414,0,0,0.025,0.0819197347758582,0,0.0912201663651026,0.172622562007861,1,8,1.20619960231462,0,1,10,0,-7623.27540830675,-7247.10959553287,-376.165812773879
236,1.73182275123408,0.918380222102414,0,0,0.025,0.0819197347758582,0,0.0912201663651026,0.157374111424157,1,8,1.20619960231462,0,1,10,0,-7617.83958672574,-7243.39017785582,-374.449408869925
241,1.73182275123408,0.829673877165691,0,0,0.025,0.0819197347758582,0,0.0912201663651026,0.157374111424157,1,8,1.20619960231462,0,1,10,0,-7616.56209857665,-7241.86849274622,-374.693605830437
246,1.73182275123408,0.829673877165691,0,0,0.025,0.0819197347758582,0,0.0912201663651026,0.157374111424157,1,8,1.20619960231462,0,1,10,0,-7616.56209857665,-7241.86849274622,-374.693605830437
251,1.73182275123408,0.829673877165691,0,0,0.025,0.0819197347758582,0,0.0912201663651026,0.142607930356741,1,8,1.20619960231462,0,1,10,0,-7604.02737471277,-7229.06714021908,-374.960234493691
256,1.73182275123408,0.86773060147836,0,0,0.025,0.0819197347758582,0,0.0912201663651026,0.142607930356741,1,8,1.20619960231462,0,1,10,0,-7590.1003455102,-7219.72934087436,-370.371004635847
261,1.73182275123408,0.86773060147836,0,0,0.025,0.079572453692339,0,0.0912201663651026,0.142607930356741,1,8,1.20619960231462,0,1,10,0,-7585.42044018137,-7215.42825410606,-369.992186075316
266,1.73182275123408,0.86773060147836,0,0,0.025,0.079572453692339,0,0.0912201663651026,0.142607930356741,1,8,1.20619960231462,0,1,10,0,-7578.62234309304,-7201.5778595732,-377.044483519846
271,1.73182275123408,0.86773060147836,0,0,0.025,0.079572453692339,0,0.0912201663651026,0.142607930356741,1,8,1.20619960231462,0,1,10,0,-7571.36903885811,-7195.69325595711,-375.675782901004
276,1.73182275123408,0.86773060147836,0,0,0.025,0.079572453692339,0,0.0912201663651026,0.142607930356741,1,8,1.20619960231462,0,1,10,0,-7564.99498839418,-7188.5672178126,-376.427770581587
281,1.73182275123408,0.86773060147836,0,0,0.025,0.079572453692339,0,0.0912201663651026,0.142607930356741,1,8,1.20619960231462,0,1,10,0,-7555.1059024398,-7180.74466999506,-374.361232444743
286,1.73182275123408,0.86773060147836,0,0,0.025,0.079572453692339,0,0.0912201663651026,0.142607930356741,1,8,1.20619960231462,0,1,10,0,-7554.88062863003,-7182.01488983837,-372.865738791658
291,1.7194201535637,0.86773060147836,0,0,0.025,0.079572453692339,0,0.0912201663651026,0.142607930356741,1,8,1.20619960231462,0,1,10,0,-7554.31353390411,-7180.68890820941,-373.624625694701
296,1.7194201535637,0.86773060147836,0,0,0.025,0.079572453692339,0,0.0912201663651026,0.142607930356741,1,8,1.20619960231462,0,1,10,0,-7561.55740532146,-7185.16019090452,-376.397214416941
301,1.7194201535637,0.86773060147836,0,0,0.025,0.079572453692339,0,0.0912201663651026,0.142607930356741,1,8,1.20619960231462,0,1,10,0,-7557.44694860536,-7178.18524410389,-379.261704501465
306,1.7194201535637,0.86773060147836,0,0,0.025,0.079572453692339,0,0.0912201663651026,0.129373065726738,1,8,1.20619960231462,0,1,10,0,-7550.35108690383,-7173.86197112461,-376.489115779225
311,1.65826870550399,0.842608887018321,0,0,0.025,0.079572453692339,0,0.0912201663651026,0.129373065726738,1,8,1.20619960231462,0,1,10,0,-7549.6184401218,-7173.45665481924,-376.161785302562
316,1.65826870550399,0.842608887018321,0,0,0.025,0.079572453692339,0,0.0912201663651026,0.110233647632086,1,8,1.20619960231462,0,1,10,0,-7537.20044684479,-7162.43003810448,-374.770408740311
321,1.64153782228005,0.882897579819592,0,0,0.025,0.079572453692339,0,0.0912201663651026,0.110233647632086,1,8,1.20619960231462,0,1,10,0,-7533.77833939284,-7161.20051485031,-372.577824542531
326,1.64153782228005,0.882897579819592,0,0,0.025,0.079572453692339,0,0.0912201663651026,0.110233647632086,1,8,1.20619960231462,0,1,10,0,-7534.28988086961,-7162.26636706278,-372.023513806825
331,1.64153782228005,0.882897579819592,0,0,0.025,0.079572453692339,0,0.0912201663651026,0.110233647632086,1,8,1.20619960231462,0,1,10,0,-7535.36200082865,-7159.94544580825,-375.416555020399
336,1.64153782228005,0.894631374227657,0,0,0.025,0.079572453692339,0,0.0912201663651026,0.110233647632086,1,8,1.20619960231462,0,1,10,0,-7526.32550737634,-7145.68628260773,-380.639224768607
341,1.64153782228005,0.894631374227657,0,0,0.025,0.079572453692339,0,0.0912201663651026,0.110233647632086,1,8,1.20619960231462,0,1,10,0,-7522.96025202595,-7144.61746139648,-378.342790629475
346,1.64153782228005,0.894631374227657,0,0,0.025,0.079572453692339,0,0.0912201663651026,0.110233647632086,1,8,1.20619960231462,0,1,10,0,-7522.96025202595,-7144.61746139648,-378.342790629475
351,1.64153782228005,0.894631374227657,0,0,0.025,0.079572453692339,0,0.0912201663651026,0.121842426623503,1,8,1.20619960231462,0,1,10,0,-7520.33406702554,-7138.83427597491,-381.499791050625
356,1.64153782228005,0.894631374227657,0,0,0.025,0.079572453692339,0,0.0912201663651026,0.121842426623503,1,8,1.20619960231462,0,1,10,0,-7502.16665777882,-7124.12309481516,-378.04356296366
361,1.64153782228005,0.894631374227657,0,0,0.025,0.079572453692339,0,0.0912201663651026,0.121842426623503,1,8,1.20619960231462,0,1,10,0,-7502.14791431114,-7122.41487072738,-379.733043583768
366,1.64153782228005,0.894631374227657,0,0,0.025,0.0836245920541499,0,0.0912201663651026,0.121842426623503,1,8,1.20619960231462,0,1,10,0,-7501.8692330183,-7120.97158619165,-380.897646826654
371,1.64153782228005,0.894631374227657,0,0,0.025,0.0836245920541499,0,0.0912201663651026,0.121842426623503,1,8,1.20619960231462,0,1,10,0,-7501.65603442412,-7119.31958773897,-382.336446685152
376,1.64153782228005,0.894631374227657,0,0,0.025,0.0836245920541499,0,0.0912201663651026,0.121842426623503,1,8,1.20619960231462,0,1,10,0,-7495.47303297356,-7109.75645793791,-385.716575035644
381,1.64153782228005,0.894631374227657,0,0,0.025,0.0836245920541499,0,0.0912201663651026,0.121842426623503,1,8,1.20619960231462,0,1,10,0,-7495.47303297356,-7109.75645793791,-385.716575035644
386,1.64153782228005,0.894631374227657,0,0,0.025,0.0836245920541499,0,0.0912201663651026,0.121842426623503,1,8,1.20619960231462,0,1,10,0,-7495.90812905946,-7111.55919726831,-384.348931791151
391,1.64153782228005,0.894631374227657,0,0,0.025,0.0836245920541499,0,0.0912201663651026,0.121842426623503,1,8,1.20619960231462,0,1,10,0,-7496.34605852969,-7111.50807491432,-384.837983615367
396,1.64153782228005,0.894631374227657,0,0,0.025,0.081769448921095,0,0.0912201663651026,0.121842426623503,1,8,1.20619960231462,0,1,10,0,-7496.63727124535,-7110.67297296997,-385.964298275378
401,1.64153782228005,0.894631374227657,0,0,0.025,0.081769448921095,0,0.0912201663651026,0.121842426623503,1,8,1.20619960231462,0,1,10,0,-7480.31192538041,-7093.16542810026,-387.146497280154
406,1.64153782228005,0.894631374227657,0,0,0.025,0.081769448921095,0,0.0912201663651026,0.121842426623503,1,8,1.20619960231462,0,1,10,0,-7480.31192538041,-7093.16542810026,-387.146497280154
411,1.64153782228005,0.894631374227657,0,0,0.025,0.081769448921095,0,0.0912201663651026,0.121842426623503,1,8,1.20619960231462,0,1,10,0,-7475.27484351244,-7087.88404445546,-387.390799056975
416,1.64153782228005,0.894631374227657,0,0,0.025,0.081769448921095,0,0.0912201663651026,0.118987436201281,1,8,1.20619960231462,0,1,10,0,-7478.6898196223,-7086.13235712789,-392.557462494414
421,1.64153782228005,0.894631374227657,0,0,0.025,0.0795269553227366,0,0.0912201663651026,0.118987436201281,1,8,1.20619960231462,0,1,10,0,-7481.12628803158,-7090.91663638658,-390.209651645002
426,1.64153782228005,0.894631374227657,0,0,0.025,0.0795269553227366,0,0.0912201663651026,0.123128021736776,1,8,1.20619960231462,0,1,10,0,-7480.47507900739,-7087.60283953536,-392.872239472028
431,1.64153782228005,0.894631374227657,0,0,0.025,0.0795269553227366,0,0.0912201663651026,0.123128021736776,1,8,1.20619960231462,0,1,10,0,-7469.91818513906,-7081.68343364092,-388.234751498144
436,1.64153782228005,0.894631374227657,0,0,0.025,0.0795269553227366,0,0.0912201663651026,0.123128021736776,1,8,1.20619960231462,0,1,10,0,-7472.7281378027,-7078.63838601816,-394.089751784543
441,1.64153782228005,0.894631374227657,0,0,0.025,0.0795269553227366,0,0.0912201663651026,0.126832992129788,1,8,1.20619960231462,0,1,10,0,-7471.80220542928,-7077.71245364474,-394.089751784543
446,1.64153782228005,0.894631374227657,0,0,0.025,0.0795269553227366,0,0.0912201663651026,0.126832992129788,1,8,1.20619960231462,0,1,10,0,-7466.58784499017,-7076.60785381582,-389.979991174349
451,1.64153782228005,0.894631374227657,0,0,0.025,0.0795269553227366,0,0.0912201663651026,0.126832992129788,1,8,1.20619960231462,0,1,10,0,-7466.63142457518,-7076.45806200786,-390.17336256733
456,1.64153782228005,0.894631374227657,0,0,0.025,0.0795269553227366,0,0.0912201663651026,0.126832992129788,1,8,1.20619960231462,0,1,10,0,-7466.63142457518,-7076.45806200786,-390.17336256733
461,1.64153782228005,0.894631374227657,0,0,0.025,0.0795269553227366,0,0.0912201663651026,0.126832992129788,1,8,1.07476240595583,0,1,10,0,-7447.28687088329,-7055.57306327501,-391.713807608277
466,1.64153782228005,0.894631374227657,0,0,0.025,0.0795269553227366,0,0.0912201663651026,0.126832992129788,1,8,1.07476240595583,0,1,10,0,-7443.98752853383,-7053.69128069782,-390.296247836013
471,1.62888637148039,0.894631374227657,0,0,0.025,0.0795269553227366,0,0.0912201663651026,0.126832992129788,1,8,1.07476240595583,0,1,10,0,-7443.96273307166,-7053.66648523565,-390.296247836013
476,1.62888637148039,0.894631374227657,0,0,0.025,0.0772875747168008,0,0.0912201663651026,0.126832992129788,1,8,1.07476240595583,0,1,10,0,-7445.03230602799,-7052.92713091913,-392.105175108863
481,1.62888637148039,0.894631374227657,0,0,0.025,0.0772875747168008,0,0.0912201663651026,0.126832992129788,1,8,1.07476240595583,0,1,10,0,-7445.13907499143,-7053.86057845575,-391.278496535679
486,1.62888637148039,0.894631374227657,0,0,0.025,0.0772875747168008,0,0.0912201663651026,0.126832992129788,1,8,1.07476240595583,0,1,10,0,-7448.55848025986,-7055.53701441912,-393.021465840737
491,1.62888637148039,0.894631374227657,0,0,0.025,0.0772875747168008,0,0.0912201663651026,0.126832992129788,1,8,1.07476240595583,0,1,10,0,-7448.55848025986,-7055.53701441912,-393.021465840737
496,1.62888637148039,0.894631374227657,0,0,0.025,0.0772875747168008,0,0.0912201663651026,0.126832992129788,1,8,1.09187186768031,0,1,10,0,-7450.1045299137,-7055.57201800687,-394.53251190683
501,1.62888637148039,0.894631374227657,0,0,0.025,0.0772875747168008,0,0.0912201663651026,0.126832992129788,1,8,1.09187186768031,0,1,10,0,-7451.6819632045,-7055.53289591747,-396.149067287033
506,1.62888637148039,0.894631374227657,0,0,0.025,0.0772875747168008,0,0.0912201663651026,0.121698651552042,1,8,1.09187186768031,0,1,10,0,-7456.59747319625,-7056.94793794654,-399.649535249715
511,1.62888637148039,0.894631374227657,0,0,0.025,0.0772875747168008,0,0.0912201663651026,0.121698651552042,1,8,1.09187186768031,0,1,10,0,-7459.55724068943,-7059.81239525991,-399.74484542952
516,1.62888637148039,0.862741986767001,0,0,0.025,0.0772875747168008,0,0.0912201663651026,0.121698651552042,1,8,1.09187186768031,0,1,10,0,-7459.28768291415,-7059.54283748463,-399.74484542952
521,1.62888637148039,0.862741986767001,0,0,0.025,0.0772875747168008,0,0.0912201663651026,0.121698651552042,1,8,1.09187186768031,0,1,10,0,-7462.39604824245,-7060.62191105493,-401.774137187514
526,1.62888637148039,0.862741986767001,0,0,0.025,0.0772875747168008,0,0.0912201663651026,0.121698651552042,1,8,1.09187186768031,0,1,10,0,-7461.41565957582,-7061.05250936202,-400.363150213804
531,1.62888637148039,0.862741986767001,0,0,0.025,0.0772875747168008,0,0.0912201663651026,0.121698651552042,1,8,1.09187186768031,0,1,10,0,-7463.37147940826,-7061.32657062044,-402.044908787817
536,1.62888637148039,0.751177146575611,0,0,0.025,0.0772875747168008,0,0.0912201663651026,0.121698651552042,1,8,1.09187186768031,0,1,10,0,-7460.42786211538,-7056.42563434334,-404.00222777204
541,1.62888637148039,0.751177146575611,0,0,0.025,0.0772875747168008,0,0.0912201663651026,0.121698651552042,1,8,1.09187186768031,0,1,10,0,-7460.05914550096,-7056.2940161629,-403.765129338059
546,1.62888637148039,0.751177146575611,0,0,0.025,0.0772875747168008,0,0.0912201663651026,0.121698651552042,1,8,1.09187186768031,0,1,10,0,-7460.05914550096,-7056.2940161629,-403.765129338059
551,1.62888637148039,0.751177146575611,0,0,0.025,0.0772875747168008,0,0.0912201663651026,0.121698651552042,1,8,1.09187186768031,0,1,10,0,-7456.53552482575,-7054.72645800821,-401.80906681754
556,1.62888637148039,0.751177146575611,0,0,0.025,0.0772875747168008,0,0.0912201663651026,0.121698651552042,1,8,1.09187186768031,0,1,10,0,-7456.33438702722,-7056.54022323022,-399.794163796998
561,1.62888637148039,0.751177146575611,0,0,0.025,0.0772875747168008,0,0.0912201663651026,0.116374672687597,1,8,1.09187186768031,0,1,10,0,-7456.90212098458,-7057.10795718758,-399.794163796998
566,1.62888637148039,0.751177146575611,0,0,0.025,0.0772875747168008,0,0.0912201663651026,0.116374672687597,1,8,1.09187186768031,0,1,10,0,-7456.49224776274,-7056.60044549618,-399.891802266562
571,1.62888637148039,0.751177146575611,0,0,0.025,0.0772875747168008,0,0.0912201663651026,0.116374672687597,1,8,1.09187186768031,0,1,10,0,-7462.83383768182,-7060.16944669302,-402.664390988801
576,1.62888637148039,0.751177146575611,0,0,0.025,0.0772875747168008,0,0.0912201663651026,0.116374672687597,1,8,1.09187186768031,0,1,10,0,-7462.83383768182,-7060.16944669302,-402.664390988801
581,1.62888637148039,0.751177146575611,0,0,0.025,0.0772875747168008,0,0.0912201663651026,0.116374672687597,1,8,1.09187186768031,0,1,10,0,-7463.93996977117,-7059.36452570318,-404.575444067991
586,1.62888637148039,0.751177146575611,0,0,0.025,0.0772875747168008,0,0.0912201663651026,0.121558066889196,1,8,1.09187186768031,0,1,10,0,-7457.33040935652,-7052.71129022502,-404.619119131494
591,1.62888637148039,0.751177146575611,0,0,0.025,0.0772875747168008,0,0.0912201663651026,0.121558066889196,1,8,1.09187186768031,0,1,10,0,-7457.33040935652,-7052.71129022502,-404.619119131494
596,1.62888637148039,0.751177146575611,0,0,0.025,0.0772875747168008,0,0.0912201663651026,0.119169566025322,1,8,1.09187186768031,0,1,10,0,-7455.4215431413,-7051.24425676208,-404.177286379215
601,1.62888637148039,0.751177146575611,0,0,0.025,0.0772875747168008,0,0.0912201663651026,0.119169566025322,1,8,1.09187186768031,0,1,10,0,-7455.4215431413,-7051.24425676208,-404.177286379215
606,1.62888637148039,0.751177146575611,0,0,0.025,0.0772875747168008,0,0.0912201663651026,0.119169566025322,1,8,1.09187186768031,0,1,10,0,-7455.4215431413,-7051.24425676208,-404.177286379215
611,1.62888637148039,0.751177146575611,0,0,0.025,0.0772875747168008,0,0.0912201663651026,0.128632862080269,1,8,1.09187186768031,0,1,10,0,-7449.80795155911,-7043.77351933477,-406.034432224336
616,1.62888637148039,0.759374231786896,0,0,0.025,0.0772875747168008,0,0.0912201663651026,0.128632862080269,1,8,1.09187186768031,0,1,10,0,-7448.22993381962,-7038.68914718672,-409.540786632895
621,1.62888637148039,0.759374231786896,0,0,0.025,0.0772875747168008,0,0.0912201663651026,0.146943677504148,1,8,1.09187186768031,0,1,10,0,-7448.01930043792,-7038.47851380503,-409.540786632895
626,1.62888637148039,0.776048509035746,0,0,0.025,0.0772875747168008,0,0.0912201663651026,0.146943677504148,1,8,1.09187186768031,0,1,10,0,-7435.77483332105,-7030.31158413206,-405.46324918899
631,1.62888637148039,0.776048509035746,0,0,0.025,0.0772875747168008,0,0.0912201663651026,0.146943677504148,1,8,1.09187186768031,0,1,10,0,-7436.12897767387,-7028.97062269014,-407.158354983736
636,1.62888637148039,0.776048509035746,0,0,0.025,0.0772875747168008,0,0.0912201663651026,0.146943677504148,1,8,1.09187186768031,0,1,10,0,-7423.17585825018,-7011.39130571327,-411.784552536916
641,1.62888637148039,0.776048509035746,0,0,0.025,0.0772875747168008,0,0.0912201663651026,0.146943677504148,1,8,1.09187186768031,0,1,10,0,-7421.52107606692,-7008.40579902004,-413.115277046881
646,1.62888637148039,0.776048509035746,0,0,0.025,0.0772875747168008,0,0.0912201663651026,0.146943677504148,1,8,1.09187186768031,0,1,10,0,-7418.22940072133,-7004.06585314064,-414.163547580688
651,1.62888637148039,0.903818775386155,0,0,0.025,0.0772875747168008,0,0.0912201663651026,0.146943677504148,1,8,1.09187186768031,0,1,10,0,-7412.84235164406,-6996.33586767485,-416.506483969206
656,1.62888637148039,0.903818775386155,0,0,0.025,0.0772875747168008,0,0.0912201663651026,0.146943677504148,1,8,1.09187186768031,0,1,10,0,-7395.43604093359,-6984.3503493469,-411.085691586685
661,1.62888637148039,0.903818775386155,0,0,0.025,0.0772875747168008,0,0.0912201663651026,0.146943677504148,1,8,1.09187186768031,0,1,10,0,-7392.79689567308,-6982.58097480263,-410.215920870446
666,1.62888637148039,0.903818775386155,0,0,0.025,0.0772875747168008,0,0.0912201663651026,0.146943677504148,1,8,1.09187186768031,0,1,10,0,-7392.79689567308,-6982.58097480263,-410.215920870446
671,1.62888637148039,0.903818775386155,0,0,0.025,0.0772875747168008,0,0.0912201663651026,0.146943677504148,1,8,1.09187186768031,0,1,10,0,-7377.28678220647,-6964.2829432677,-413.003838938763
676,1.62888637148039,0.903818775386155,0,0,0.025,0.0772875747168008,0,0.0912201663651026,0.146943677504148,1,8,1.09187186768031,0,1,10,0,-7372.91617554363,-6962.1967283519,-410.71944719173
681,1.62888637148039,0.903818775386155,0,0,0.025,0.0772875747168008,0,0.0912201663651026,0.146943677504148,1,8,1.09187186768031,0,1,10,0,-7371.6243123293,-6961.30321277791,-410.321099551391
686,1.62888637148039,0.903818775386155,0,0,0.025,0.0772875747168008,0,0.0912201663651026,0.155701583683474,1,8,1.09187186768031,0,1,10,0,-7373.77080928656,-6962.96086301812,-410.809946268438
691,1.62888637148039,0.903818775386155,0,0,0.025,0.0772875747168008,0,0.0912201663651026,0.155701583683474,1,8,1.09187186768031,0,1,10,0,-7371.68935420228,-6962.21217094395,-409.477183258329
696,1.62888637148039,0.932241140051316,0,0,0.025,0.0772875747168008,0,0.0912201663651026,0.155701583683474,1,8,1.09187186768031,0,1,10,0,-7367.78732505263,-6958.04447052701,-409.742854525627
701,1.62888637148039,0.932241140051316,0,0,0.025,0.0772875747168008,0,0.0912201663651026,0.155701583683474,1,8,1.09187186768031,0,1,10,0,-7361.4160818955,-6947.83497051468,-413.581111380815
706,1.62888637148039,0.932241140051316,0,0,0.025,0.0772875747168008,0,0.0912201663651026,0.155701583683474,1,8,1.09187186768031,0,1,10,0,-7358.28451355345,-6947.84305395545,-410.441459598
711,1.62888637148039,0.932241140051316,0,0,0.025,0.0772875747168008,0,0.0912201663651026,0.159453098577504,1,8,1.09187186768031,0,1,10,0,-7356.01104852331,-6950.9751141626,-405.035934360706
716,1.65953123922984,0.91639059847436,0,0,0.025,0.0772875747168008,0,0.0912201663651026,0.159453098577504,1,8,1.09187186768031,0,1,10,0,-7351.42283190627,-6947.75710576894,-403.665726137337
721,1.65953123922984,0.91639059847436,0,0,0.025,0.0772875747168008,0,0.0912201663651026,0.169272109721461,1,8,1.09187186768031,0,1,10,0,-7359.77306773877,-6949.40351842809,-410.369549310675
726,1.65953123922984,0.914831197281575,0,0,0.025,0.0772875747168008,0,0.0912201663651026,0.169272109721461,1,8,1.09187186768031,0,1,10,0,-7359.74860816611,-6949.37905885543,-410.369549310675
731,1.65953123922984,0.914831197281575,0,0,0.025,0.0772875747168008,0,0.0912201663651026,0.169272109721461,1,8,1.09187186768031,0,1,10,0,-7360.9290138812,-6947.28497282882,-413.644041052378
736,1.65953123922984,0.914831197281575,0,0,0.025,0.0772875747168008,0,0.0912201663651026,0.169272109721461,1,8,1.09187186768031,0,1,10,0,-7358.87034222575,-6947.57277871951,-411.297563506245
741,1.62860428130946,0.914831197281575,0,0,0.025,0.0772875747168008,0,0.0912201663651026,0.169272109721461,1,8,1.09187186768031,0,1,10,0,-7357.15693581663,-6945.93406320299,-411.222872613644
746,1.62860428130946,0.914831197281575,0,0,0.025,0.0772875747168008,0,0.0912201663651026,0.160003627289728,1,8,1.09187186768031,0,1,10,0,-7355.30803166047,-6945.27078271248,-410.037248947986
751,1.62459840753965,0.914831197281575,0,0,0.025,0.0772875747168008,0,0.0912201663651026,0.160003627289728,1,8,1.09187186768031,0,1,10,0,-7357.17679029215,-6947.17091806612,-410.005872226034
756,1.62459840753965,0.914831197281575,0,0,0.025,0.0772875747168008,0,0.0912201663651026,0.160003627289728,1,8,1.09187186768031,0,1,10,0,-7354.28594709349,-6947.65387327493,-406.63207381856
761,1.62459840753965,0.914831197281575,0,0,0.025,0.0772875747168008,0,0.0912201663651026,0.160003627289728,1,8,1.09187186768031,0,1,10,0,-7351.64050932435,-6942.08412883007,-409.556380494275
766,1.62459840753965,0.914831197281575,0,0,0.025,0.0772875747168008,0,0.0912201663651026,0.160003627289728,1,8,1.09187186768031,0,1,10,0,-7350.60588887954,-6937.59429274314,-413.011596136401
771,1.5909571964571,0.914831197281575,0,0,0.025,0.0772875747168008,0,0.0912201663651026,0.160003627289728,1,8,1.09187186768031,0,1,10,0,-7354.08048402474,-6941.06888788834,-413.011596136401
776,1.5909571964571,0.914831197281575,0,0,0.025,0.0772875747168008,0,0.0912201663651026,0.160003627289728,1,8,1.09187186768031,0,1,10,0,-7355.11215093997,-6941.94255055443,-413.169600385544
781,1.5909571964571,0.966953171725911,0,0,0.025,0.0724689526468381,0,0.0912201663651026,0.160003627289728,1,8,1.09187186768031,0,1,10,0,-7355.0861159746,-6940.86884963357,-414.217266341026
786,1.5909571964571,0.966953171725911,0,0,0.025,0.0724689526468381,0,0.0912201663651026,0.160003627289728,1,8,1.09187186768031,0,1,10,0,-7355.2814611412,-6941.4735922767,-413.8078688645
791,1.5909571964571,0.966953171725911,0,0,0.025,0.0724689526468381,0,0.0912201663651026,0.160003627289728,1,8,1.09187186768031,0,1,10,0,-7353.9130040725,-6941.59621849288,-412.316785579621
796,1.5909571964571,0.966953171725911,0,0,0.025,0.0724689526468381,0,0.0912201663651026,0.160003627289728,1,8,1.09187186768031,0,1,10,0,-7353.9130040725,-6941.59621849288,-412.316785579621
801,1.5909571964571,0.966953171725911,0,0,0.025,0.0724689526468381,0,0.0912201663651026,0.160003627289728,1,8,1.09187186768031,0,1,10,0,-7358.00363765631,-6944.37851925704,-413.625118399272
806,1.5909571964571,0.966953171725911,0,0,0.025,0.0724689526468381,0,0.0912201663651026,0.160003627289728,1,8,1.09187186768031,0,1,10,0,-7352.37998243594,-6943.29048440817,-409.089498027767
811,1.5909571964571,0.966953171725911,0,0,0.025,0.0724689526468381,0,0.0912201663651026,0.160003627289728,1,8,1.09187186768031,0,1,10,0,-7351.91871509567,-6945.04842055196,-406.870294543712
816,1.5909571964571,0.983779450512055,0,0,0.025,0.0733811970062762,0,0.0912201663651026,0.160003627289728,1,8,1.09187186768031,0,1,10,0,-7351.47946131364,-6943.36597325244,-408.113488061191
821,1.5909571964571,0.983779450512055,0,0,0.025,0.0733811970062762,0,0.0912201663651026,0.160003627289728,1,8,1.09187186768031,0,1,10,0,-7345.19849893003,-6936.33779646701,-408.860702463021
826,1.5909571964571,0.983779450512055,0,0,0.025,0.0733811970062762,0,0.0912201663651026,0.160003627289728,1,8,1.09187186768031,0,1,10,0,-7345.67246944454,-6933.03253030473,-412.639939139811
831,1.5909571964571,0.983779450512055,0,0,0.025,0.0733811970062762,0,0.0912201663651026,0.160003627289728,1,8,1.09187186768031,0,1,10,0,-7344.24680888627,-6934.52247317598,-409.724335710284
836,1.5909571964571,0.983779450512055,0,0,0.025,0.0733811970062762,0,0.0912201663651026,0.160003627289728,1,8,1.09187186768031,0,1,10,0,-7348.71890838617,-6934.47537544519,-414.243532940975
841,1.5909571964571,0.983779450512055,0,0,0.025,0.0733811970062762,0,0.0912201663651026,0.160003627289728,1,8,1.09187186768031,0,1,10,0,-7344.44130347406,-6932.8368278627,-411.60447561136
846,1.5909571964571,0.983779450512055,0,0,0.025,0.0733811970062762,0,0.0912201663651026,0.160003627289728,1,8,1.09187186768031,0,1,10,0,-7340.08410168643,-6928.47962607507,-411.60447561136
851,1.5909571964571,0.983779450512055,0,0,0.025,0.0733811970062762,0,0.0912201663651026,0.160003627289728,1,8,1.09187186768031,0,1,10,0,-7339.19027621232,-6925.83012602597,-413.360150186352
856,1.5909571964571,0.983779450512055,0,0,0.025,0.0733811970062762,0,0.0912201663651026,0.160003627289728,1,8,1.09187186768031,0,1,10,0,-7339.54105779056,-6928.60263535237,-410.938422438186
861,1.5909571964571,0.983779450512055,0,0,0.025,0.0733811970062762,0,0.0912201663651026,0.160003627289728,1,8,1.09187186768031,0,1,10,0,-7340.13154959824,-6931.11493975753,-409.016609840709
866,1.5909571964571,0.983779450512055,0,0,0.025,0.0733811970062762,0,0.0912201663651026,0.160003627289728,1,8,1.09187186768031,0,1,10,0,-7340.75926406392,-6929.98479630566,-410.774467758262
871,1.5909571964571,0.983779450512055,0,0,0.025,0.0733811970062762,0,0.0912201663651026,0.160003627289728,1,8,1.09187186768031,0,1,10,0,-7341.89113136706,-6930.39496452631,-411.49616684075
876,1.5909571964571,0.983779450512055,0,0,0.025,0.0733811970062762,0,0.0912201663651026,0.160003627289728,1,8,1.09187186768031,0,1,10,0,-7337.87822499968,-6928.39696117947,-409.481263820208
881,1.5909571964571,0.983779450512055,0,0,0.025,0.0733811970062762,0,0.0912201663651026,0.160003627289728,1,8,1.09187186768031,0,1,10,0,-7338.41337780763,-6928.72781352391,-409.685564283721
886,1.5909571964571,0.983779450512055,0,0,0.025,0.0733811970062762,0,0.0912201663651026,0.160003627289728,1,8,1.09187186768031,0,1,10,0,-7341.70144863191,-6929.45946107261,-412.241987559304
891,1.5909571964571,0.983779450512055,0,0,0.025,0.0733811970062762,0,0.0912201663651026,0.160003627289728,1,8,1.09187186768031,0,1,10,0,-7343.3656962248,-6928.7876476433,-414.578048581495
896,1.5909571964571,0.983779450512055,0,0,0.025,0.0733811970062762,0,0.0912201663651026,0.160003627289728,1,8,1.09187186768031,0,1,10,0,-7346.78430935085,-6933.61124726348,-413.173062087362
901,1.5909571964571,0.983779450512055,0,0,0.025,0.0733811970062762,0,0.0912201663651026,0.160003627289728,1,8,1.09187186768031,0,1,10,0,-7348.5569439917,-6932.96351377569,-415.593430216013
906,1.5909571964571,0.983779450512055,0,0,0.025,0.0733811970062762,0,0.0912201663651026,0.160003627289728,1,8,1.09187186768031,0,1,10,0,-7346.6098501257,-6932.55686495063,-414.052985175066
911,1.5909571964571,0.983779450512055,0,0,0.025,0.0733811970062762,0,0.0912201663651026,0.160003627289728,1,8,1.09187186768031,0,1,10,0,-7348.07060493256,-6935.49215269643,-412.578452236131
916,1.5909571964571,0.983779450512055,0,0,0.025,0.0733811970062762,0,0.0912201663651026,0.160003627289728,1,8,1.09187186768031,0,1,10,0,-7348.07060493256,-6935.49215269643,-412.578452236131
921,1.5909571964571,0.983779450512055,0,0,0.025,0.0733811970062762,0,0.0912201663651026,0.160003627289728,1,8,1.09187186768031,0,1,10,0,-7348.07060493256,-6935.49215269643,-412.578452236131
926,1.5909571964571,0.983779450512055,0,0,0.025,0.0733811970062762,0,0.0912201663651026,0.160003627289728,1,8,1.09187186768031,0,1,10,0,-7347.98140282988,-6937.72978474199,-410.251618087883
931,1.5909571964571,0.983779450512055,0,0,0.025,0.0733811970062762,0,0.0912201663651026,0.160003627289728,1,8,1.09187186768031,0,1,10,0,-7347.0577289503,-6936.80611086242,-410.251618087883
936,1.5909571964571,0.983779450512055,0,0,0.025,0.0733811970062762,0,0.0912201663651026,0.160003627289728,1,8,1.09187186768031,0,1,10,0,-7347.0577289503,-6936.80611086242,-410.251618087883
941,1.5909571964571,0.983779450512055,0,0,0.025,0.0733811970062762,0,0.0912201663651026,0.160003627289728,1,8,1.09187186768031,0,1,10,0,-7346.3783178994,-6935.74577581232,-410.632542087075
946,1.5909571964571,0.983779450512055,0,0,0.025,0.0733811970062762,0,0.0912201663651026,0.154561423235288,1,8,1.09187186768031,0,1,10,0,-7346.07376670635,-6936.02901128417,-410.044755422173
951,1.5909571964571,0.983779450512055,0,0,0.025,0.0733811970062762,0,0.0912201663651026,0.154561423235288,1,8,1.09187186768031,0,1,10,0,-7346.07376670635,-6936.02901128417,-410.044755422173
956,1.5909571964571,0.983779450512055,0,0,0.025,0.0733811970062762,0,0.0912201663651026,0.154561423235288,1,8,1.09187186768031,0,1,10,0,-7342.93155060226,-6935.03855738335,-407.892993218914
961,1.5909571964571,0.983779450512055,0,0,0.025,0.0733811970062762,0,0.0912201663651026,0.154561423235288,1,8,1.09187186768031,0,1,10,0,-7346.02291405988,-6934.99616726951,-411.026746790365
966,1.5909571964571,0.947506339215049,0,0,0.025,0.0733811970062762,0,0.0912201663651026,0.154561423235288,1,8,1.09187186768031,0,1,10,0,-7349.92082643779,-6939.22958523341,-410.691241204375
971,1.5909571964571,0.947506339215049,0,0,0.025,0.0736550661828961,0,0.0912201663651026,0.154561423235288,1,8,1.09187186768031,0,1,10,0,-7351.36081525361,-6939.37858986792,-411.982225385691
976,1.5909571964571,0.947506339215049,0,0,0.025,0.0736550661828961,0,0.0912201663651026,0.154561423235288,1,8,1.09187186768031,0,1,10,0,-7350.01419181309,-6933.9459014411,-416.068290371985
981,1.5909571964571,0.947506339215049,0,0,0.025,0.0736550661828961,0,0.0909655580345626,0.154561423235288,1,8,1.09187186768031,0,1,10,0,-7352.59015589764,-6935.9745702221,-416.615585675533
986,1.5909571964571,1.01393532564364,0,0,0.025,0.0736550661828961,0,0.0909655580345626,0.154561423235288,1,8,1.09187186768031,0,1,10,0,-7350.6339143089,-6935.39359752448,-415.240316784425
991,1.5909571964571,1.01393532564364,0,0,0.025,0.0736550661828961,0,0.0909655580345626,0.183874805647871,1,8,1.09187186768031,0,1,10,0,-7351.85908410518,-6936.05897324835,-415.80011085683
996,1.5909571964571,1.01393532564364,0,0,0.025,0.0736550661828961,0,0.0909655580345626,0.183874805647871,1,8,1.09187186768031,0,1,10,0,-7351.85908410518,-6936.05897324835,-415.80011085683
1001,1.5909571964571,1.01393532564364,0,0,0.025,0.0736550661828961,0,0.0909655580345626,0.183874805647871,1,8,1.09187186768031,0,1,10,0,-7351.312690477,-6934.22927506318,-417.08341541382
1006,1.5909571964571,1.01393532564364,0,0,0.025,0.0736550661828961,0,0.0909655580345626,0.183874805647871,1,8,1.09187186768031,0,1,10,0,-7351.312690477,-6934.22927506318,-417.08341541382
1011,1.5909571964571,1.01393532564364,0,0,0.025,0.0736550661828961,0,0.0909655580345626,0.158412541430399,1,8,1.09187186768031,0,1,10,0,-7349.1528386136,-6932.06942319977,-417.08341541382
1016,1.5909571964571,1.01393532564364,0,0,0.025,0.073536932239235,0,0.0909655580345626,0.16049600219195,1,8,1.09187186768031,0,1,10,0,-7343.41493735876,-6928.03019099111,-415.384746367658
1021,1.5909571964571,1.01393532564364,0,0,0.025,0.073536932239235,0,0.0909655580345626,0.16049600219195,1,8,1.09187186768031,0,1,10,0,-7345.7059466399,-6930.23022849403,-415.475718145864
1026,1.5909571964571,1.01393532564364,0,0,0.025,0.073536932239235,0,0.0909655580345626,0.16049600219195,1,8,1.09187186768031,0,1,10,0,-7345.7059466399,-6930.23022849403,-415.475718145864
1031,1.58081936622281,1.01393532564364,0,0,0.025,0.073536932239235,0,0.0909655580345626,0.16049600219195,1,8,1.09187186768031,0,1,10,0,-7342.81825319362,-6928.63351922907,-414.184733964548
1036,1.58081936622281,1.01393532564364,0,0,0.025,0.073536932239235,0,0.0909655580345626,0.164972513561203,1,8,1.09187186768031,0,1,10,0,-7341.83234770845,-6930.0455090167,-411.78683869175
1041,1.58081936622281,1.01393532564364,0,0,0.025,0.073536932239235,0,0.0909655580345626,0.164972513561203,1,8,1.09187186768031,0,1,10,0,-7341.12237482921,-6929.91535463271,-411.207020196497
1046,1.58081936622281,1.01393532564364,0,0,0.025,0.073536932239235,0,0.0909655580345626,0.168834527113378,1,8,1.09187186768031,0,1,10,0,-7341.57423834039,-6930.36721814389,-411.207020196497
1051,1.58081936622281,1.08506673171508,0,0,0.025,0.073536932239235,0,0.0909655580345626,0.168834527113378,1,8,1.09187186768031,0,1,10,0,-7337.84596148424,-6923.45387882724,-414.392082656999
1056,1.58081936622281,1.08506673171508,0,0,0.025,0.073536932239235,0,0.0909655580345626,0.171415867219796,1,8,1.09187186768031,0,1,10,0,-7337.92399378615,-6923.53191112915,-414.392082656999
1061,1.58081936622281,1.08506673171508,0,0,0.025,0.073536932239235,0,0.0909655580345626,0.171415867219796,1,8,1.09187186768031,0,1,10,0,-7337.29276711503,-6920.97887186056,-416.313895254475
1066,1.58081936622281,1.08506673171508,0,0,0.025,0.073536932239235,0,0.0909655580345626,0.171415867219796,1,8,1.09187186768031,0,1,10,0,-7335.66326672262,-6925.01678629863,-410.64648042399
1071,1.58081936622281,1.08506673171508,0,0,0.025,0.073536932239235,0,0.0909655580345626,0.171415867219796,1,8,1.09187186768031,0,1,10,0,-7335.66326672262,-6925.01678629863,-410.64648042399
1076,1.58081936622281,1.08506673171508,0,0,0.025,0.073536932239235,0,0.0909655580345626,0.171415867219796,1,8,1.09187186768031,0,1,10,0,-7329.55577382026,-6918.90929339627,-410.64648042399
1081,1.58081936622281,1.08506673171508,0,0,0.025,0.073536932239235,0,0.0909655580345626,0.171415867219796,1,8,1.09187186768031,0,1,10,0,-7328.22146554928,-6921.64639425111,-406.575071298167
1086,1.58081936622281,1.08506673171508,0,0,0.025,0.073536932239235,0,0.0909655580345626,0.171415867219796,1,8,1.09187186768031,0,1,10,0,-7326.53209070769,-6919.75587035959,-406.776220348099
1091,1.58081936622281,1.08506673171508,0,0,0.025,0.073536932239235,0,0.0909655580345626,0.171415867219796,1,8,1.09187186768031,0,1,10,0,-7328.82775750893,-6919.83233367678,-408.995423832154
1096,1.58081936622281,1.08506673171508,0,0,0.025,0.073536932239235,0,0.0909655580345626,0.171415867219796,1,8,1.09187186768031,0,1,10,0,-7331.1265139357,-6919.42303990245,-411.703474033256
1101,1.58081936622281,1.08506673171508,0,0,0.025,0.073536932239235,0,0.0909655580345626,0.162246681451171,1,8,1.09187186768031,0,1,10,0,-7331.03873378251,-6919.33525974926,-411.703474033256
1106,1.58081936622281,1.08506673171508,0,0,0.025,0.073536932239235,0,0.0909655580345626,0.183164146721397,1,8,1.09187186768031,0,1,10,0,-7332.89454481998,-6921.19107078672,-411.703474033256
1111,1.58081936622281,1.08506673171508,0,0,0.025,0.073536932239235,0,0.0909655580345626,0.183164146721397,1,8,1.09187186768031,0,1,10,0,-7331.17904160513,-6919.72749608437,-411.451545520754
1116,1.58081936622281,1.08506673171508,0,0,0.025,0.073536932239235,0,0.0909655580345626,0.183164146721397,1,8,1.09187186768031,0,1,10,0,-7334.12572995031,-6923.74493725455,-410.380792695753
1121,1.58081936622281,1.14137805346554,0,0,0.025,0.073536932239235,0,0.0909655580345626,0.183164146721397,1,8,1.09187186768031,0,1,10,0,-7336.94863333304,-6929.07293683641,-407.875696496629
1126,1.58081936622281,1.14137805346554,0,0,0.025,0.073536932239235,0,0.0909655580345626,0.163189179523231,1,8,1.09187186768031,0,1,10,0,-7331.7583903532,-6921.48479858377,-410.273591769427
1131,1.58081936622281,1.14137805346554,0,0,0.025,0.073536932239235,0,0.0909655580345626,0.163189179523231,1,8,1.09187186768031,0,1,10,0,-7331.8936180397,-6919.69821367279,-412.195404366903
1136,1.58081936622281,1.14137805346554,0,0,0.025,0.073536932239235,0,0.0909655580345626,0.176627933515378,1,8,1.09187186768031,0,1,10,0,-7331.5522527913,-6919.3568484244,-412.195404366903
1141,1.58081936622281,1.14137805346554,0,0,0.025,0.073536932239235,0,0.0909655580345626,0.176627933515378,1,8,1.09187186768031,0,1,10,0,-7330.38167155775,-6919.17917596951,-411.202495588237
1146,1.58081936622281,1.14137805346554,0,0,0.025,0.073536932239235,0,0.0909655580345626,0.176627933515378,1,8,1.09187186768031,0,1,10,0,-7325.44831446393,-6917.0374021894,-408.410912274521
1151,1.58081936622281,1.14137805346554,0,0,0.025,0.073536932239235,0,0.0909655580345626,0.16664344208125,1,8,1.09187186768031,0,1,10,0,-7326.15464076782,-6915.59877234451,-410.555868423312
1156,1.58081936622281,1.14137805346554,0,0,0.025,0.073536932239235,0,0.0909655580345626,0.16664344208125,1,8,1.09187186768031,0,1,10,0,-7329.39971579217,-6919.422071577,-409.977644215172
1161,1.58081936622281,1.14137805346554,0,0,0.025,0.073536932239235,0,0.0909655580345626,0.16664344208125,1,8,1.09187186768031,0,1,10,0,-7325.23014588639,-6917.44594552571,-407.784200360675
1166,1.58081936622281,1.14137805346554,0,0,0.025,0.073536932239235,0,0.0909655580345626,0.16664344208125,1,8,1.09187186768031,0,1,10,0,-7323.85480968813,-6914.67795227255,-409.176857415583
1171,1.58081936622281,1.14137805346554,0,0,0.025,0.073536932239235,0,0.0909655580345626,0.17550210749601,1,8,1.09187186768031,0,1,10,0,-7321.25197960413,-6912.45299934013,-408.798980263994
1176,1.58081936622281,1.14137805346554,0,0,0.025,0.073536932239235,0,0.0909655580345626,0.17550210749601,1,8,1.09187186768031,0,1,10,0,-7319.38159837426,-6914.63266241359,-404.748935960668
1181,1.58081936622281,1.14137805346554,0,0,0.025,0.073536932239235,0,0.0909655580345626,0.17550210749601,1,8,1.09187186768031,0,1,10,0,-7319.38159837426,-6914.63266241359,-404.748935960668
1186,1.58081936622281,1.14137805346554,0,0,0.025,0.073536932239235,0,0.0909655580345626,0.17550210749601,1,8,1.09187186768031,0,1,10,0,-7318.1628511113,-6916.54940936656,-401.613441744739
1191,1.58081936622281,1.14137805346554,0,0,0.025,0.073536932239235,0,0.0909655580345626,0.153343988201942,1,8,1.09187186768031,0,1,10,0,-7318.00306412636,-6916.10194030917,-401.901123817191
1196,1.58081936622281,1.14137805346554,0,0,0.025,0.073536932239235,0,0.0909655580345626,0.153343988201942,1,8,1.09187186768031,0,1,10,0,-7316.7179308807,-6915.49489187911,-401.223039001592
1201,1.58081936622281,1.14137805346554,0,0,0.025,0.073536932239235,0,0.0909655580345626,0.153343988201942,1,8,1.09187186768031,0,1,10,0,-7315.31958802415,-6916.07755049142,-399.242037532726
1206,1.58081936622281,1.14137805346554,0,0,0.025,0.073536932239235,0,0.0909655580345626,0.163782714269312,1,8,1.09187186768031,0,1,10,0,-7313.17972745425,-6913.93768992152,-399.242037532726
1211,1.58081936622281,1.14137805346554,0,0,0.025,0.073536932239235,0,0.0909655580345626,0.163782714269312,1,8,1.09187186768031,0,1,10,0,-7314.6069567005,-6912.47265526173,-402.134301438774
1216,1.58081936622281,1.14137805346554,0,0,0.025,0.073536932239235,0,0.0909655580345626,0.163782714269312,1,8,1.09187186768031,0,1,10,0,-7314.6069567005,-6912.47265526173,-402.134301438774
1221,1.58081936622281,1.14137805346554,0,0,0.025,0.073536932239235,0,0.0909655580345626,0.163782714269312,1,8,1.09187186768031,0,1,10,0,-7315.83621807078,-6916.90562702036,-398.930591050426
1226,1.58081936622281,1.14137805346554,0,0,0.025,0.073536932239235,0,0.0909655580345626,0.163782714269312,1,8,1.09187186768031,0,1,10,0,-7314.44354147551,-6915.26348956545,-399.180051910058
1231,1.58081936622281,1.05050926346004,0,0,0.025,0.073536932239235,0,0.0909655580345626,0.163782714269312,1,8,1.09187186768031,0,1,10,0,-7323.37453381009,-6921.31502013471,-402.059513675384
1236,1.58081936622281,1.05050926346004,0,0,0.025,0.073536932239235,0,0.0909655580345626,0.163782714269312,1,8,1.09187186768031,0,1,10,0,-7330.11835791192,-6923.51121105267,-406.607146859252
1241,1.58081936622281,1.05050926346004,0,0,0.025,0.073536932239235,0,0.0909655580345626,0.163782714269312,1,8,1.09187186768031,0,1,10,0,-7330.45210079466,-6922.22536365151,-408.22673714315
1246,1.58081936622281,1.05050926346004,0,0,0.025,0.073536932239235,0,0.0909655580345626,0.163782714269312,1,8,1.09187186768031,0,1,10,0,-7326.33091403998,-6919.44347035748,-406.887443682503
1251,1.58081936622281,1.05050926346004,0,0,0.025,0.073536932239235,0,0.0909655580345626,0.163782714269312,1,8,1.09187186768031,0,1,10,0,-7329.03890025961,-6922.59774367974,-406.441156579874
1256,1.58081936622281,1.05050926346004,0,0,0.025,0.0725197482165201,0,0.0909655580345626,0.163782714269312,1,8,1.09187186768031,0,1,10,0,-7328.47457101823,-6922.03341443835,-406.441156579874
1261,1.58081936622281,1.05050926346004,0,0,0.025,0.0725197482165201,0,0.0909655580345626,0.163782714269312,1,8,1.09187186768031,0,1,10,0,-7327.01391700185,-6922.45620030295,-404.557716698893
1266,1.58081936622281,1.05050926346004,0,0,0.025,0.069546572069099,0,0.0909655580345626,0.163782714269312,1,8,1.09187186768031,0,1,10,0,-7323.58751386569,-6920.46415011299,-403.123363752704
1271,1.58081936622281,1.05050926346004,0,0,0.025,0.069546572069099,0,0.0909655580345626,0.163782714269312,1,8,1.09187186768031,0,1,10,0,-7324.46922720276,-6918.80033217845,-405.668895024308
1276,1.58081936622281,1.05050926346004,0,0,0.025,0.069546572069099,0,0.0909655580345626,0.163782714269312,1,8,1.09187186768031,0,1,10,0,-7323.10448019956,-6915.14483453991,-407.959645659655
1281,1.58081936622281,1.05050926346004,0,0,0.025,0.069546572069099,0,0.0909655580345626,0.163782714269312,1,8,1.09187186768031,0,1,10,0,-7324.65113454317,-6917.83281229027,-406.818322252894
1286,1.58081936622281,1.05050926346004,0,0,0.025,0.069546572069099,0,0.0909655580345626,0.163782714269312,1,8,1.09187186768031,0,1,10,0,-7324.09781406537,-6920.31371037506,-403.784103690309
1291,1.58081936622281,1.05050926346004,0,0,0.025,0.069546572069099,0,0.0909655580345626,0.163782714269312,1,8,1.09187186768031,0,1,10,0,-7317.89957657547,-6918.88827391253,-399.011302662937
1296,1.58081936622281,1.05050926346004,0,0,0.025,0.069546572069099,0,0.0909655580345626,0.163782714269312,1,8,1.09187186768031,0,1,10,0,-7318.12901058459,-6916.8985044376,-401.230506146992
1301,1.58081936622281,1.05050926346004,0,0,0.025,0.069546572069099,0,0.0909655580345626,0.163782714269312,1,8,1.09187186768031,0,1,10,0,-7317.62644912105,-6917.31311244061,-400.313336680439
1306,1.58081936622281,1.05050926346004,0,0,0.025,0.069546572069099,0,0.0909655580345626,0.163782714269312,1,8,1.09187186768031,0,1,10,0,-7317.62644912105,-6917.31311244061,-400.313336680439
1311,1.58081936622281,1.05050926346004,0,0,0.025,0.069546572069099,0,0.0909655580345626,0.163782714269312,1,8,1.09187186768031,0,1,10,0,-7317.62644912105,-6917.31311244061,-400.313336680439
1316,1.58081936622281,1.05050926346004,0,0,0.025,0.069546572069099,0,0.0909655580345626,0.163782714269312,1,8,1.09187186768031,0,1,10,0,-7317.39531321757,-6912.99402388751,-404.401289330066
1321,1.58081936622281,1.05050926346004,0,0,0.025,0.069546572069099,0,0.0909655580345626,0.163782714269312,1,8,1.09187186768031,0,1,10,0,-7319.63411352536,-6914.85205169977,-404.782061825583
1326,1.58081936622281,1.05050926346004,0,0,0.025,0.069546572069099,0,0.0909655580345626,0.174088583742368,1,8,1.09187186768031,0,1,10,0,-7321.64729209477,-6918.39868227464,-403.248609820127
1331,1.58081936622281,1.05050926346004,0,0,0.025,0.069546572069099,0,0.0909655580345626,0.167873143611386,1,8,1.09187186768031,0,1,10,0,-7319.8842323908,-6919.26072679778,-400.623505593019
1336,1.58081936622281,1.05388333783665,0,0,0.025,0.069546572069099,0,0.0909655580345626,0.167873143611386,1,8,1.09187186768031,0,1,10,0,-7314.82305546159,-6916.57445562314,-398.248599838446
1341,1.58081936622281,1.05388333783665,0,0,0.025,0.069546572069099,0,0.0909655580345626,0.177853634595768,1,8,1.09187186768031,0,1,10,0,-7315.45357998887,-6915.79621293346,-399.657367055418
1346,1.63225817827268,1.05388333783665,0,0,0.025,0.069546572069099,0,0.0909655580345626,0.177853634595768,1,8,1.09187186768031,0,1,10,0,-7310.17884156853,-6914.81427001406,-395.364571554472
1351,1.63225817827268,1.05388333783665,0,0,0.025,0.069546572069099,0,0.0909655580345626,0.177853634595768,1,8,1.09187186768031,0,1,10,0,-7302.86261657107,-6913.76083870086,-389.101777870205
1356,1.63225817827268,1.05388333783665,0,0,0.025,0.069546572069099,0,0.0912797913621638,0.177853634595768,1,8,1.09187186768031,0,1,10,0,-7302.80954066676,-6911.84718529629,-390.962355370462
1361,1.63225817827268,1.05388333783665,0,0,0.025,0.069546572069099,0,0.0912797913621638,0.177853634595768,1,8,1.09187186768031,0,1,10,0,-7299.44375277299,-6908.52902545152,-390.914727321472
1366,1.63225817827268,1.09596782218695,0,0,0.025,0.069546572069099,0,0.0912797913621638,0.177853634595768,1,8,1.09187186768031,0,1,10,0,-7300.64118703233,-6911.61002672933,-389.031160302991
1371,1.63225817827268,0.904455686995477,0,0,0.025,0.069546572069099,0,0.0912797913621638,0.177853634595768,1,8,1.09187186768031,0,1,10,0,-7299.87006743204,-6911.48949469519,-388.38057273685
1376,1.63225817827268,0.904455686995477,0,0,0.025,0.069546572069099,0,0.0912797913621638,0.177853634595768,1,8,1.09187186768031,0,1,10,0,-7300.97045963872,-6909.14234434503,-391.828115293689
1381,1.63225817827268,0.967102437596142,0,0,0.025,0.069546572069099,0,0.0912797913621638,0.177853634595768,1,8,1.09187186768031,0,1,10,0,-7298.92760218701,-6907.09948689332,-391.828115293689
1386,1.63225817827268,0.967102437596142,0,0,0.025,0.069546572069099,0,0.0912797913621638,0.177853634595768,1,8,1.09187186768031,0,1,10,0,-7298.92760218701,-6907.09948689332,-391.828115293689
1391,1.65227514767862,0.92069722332643,0,0,0.025,0.069546572069099,0,0.0912797913621638,0.177853634595768,1,8,1.09187186768031,0,1,10,0,-7295.16454439954,-6904.20226508724,-390.962279312302
1396,1.65227514767862,0.92069722332643,0,0,0.025,0.069546572069099,0,0.0912797913621638,0.177853634595768,1,8,1.09187186768031,0,1,10,0,-7302.90491690883,-6910.7862664737,-392.118650435123
1401,1.64199432384568,0.92069722332643,0,0,0.025,0.0615508499375026,0,0.0912797913621638,0.177853634595768,1,8,1.09187186768031,0,1,10,0,-7302.48190343485,-6913.21588442964,-389.266019005209
1406,1.64199432384568,0.92069722332643,0,0,0.025,0.0615508499375026,0,0.0912797913621638,0.177225271317376,1,8,1.09187186768031,0,1,10,0,-7302.70370681101,-6908.63421099165,-394.069495819365
1411,1.64199432384568,0.92069722332643,0,0,0.025,0.0615508499375026,0,0.0912797913621638,0.177225271317376,1,8,1.09187186768031,0,1,10,0,-7303.49399548853,-6908.35186286691,-395.14213262163
1416,1.64199432384568,0.92069722332643,0,0,0.025,0.0615508499375026,0,0.0912797913621638,0.177225271317376,1,8,1.09187186768031,0,1,10,0,-7303.49399548853,-6908.35186286691,-395.14213262163
1421,1.64199432384568,0.92069722332643,0,0,0.025,0.0615508499375026,0,0.0912797913621638,0.177225271317376,1,8,1.09187186768031,0,1,10,0,-7307.24145033582,-6911.6572500271,-395.584200308715
1426,1.64199432384568,0.801968479112128,0,0,0.025,0.0615508499375026,0,0.0912797913621638,0.177225271317376,1,8,1.09187186768031,0,1,10,0,-7307.10325860895,-6911.58075186925,-395.52250673971
1431,1.64199432384568,0.801968479112128,0,0,0.025,0.0615508499375026,0,0.0912797913621638,0.177225271317376,1,8,1.09187186768031,0,1,10,0,-7307.03081842011,-6912.86928823353,-394.161530186574
1436,1.67844993898589,0.801968479112128,0,0,0.025,0.0615508499375026,0,0.0912797913621638,0.177225271317376,1,8,1.09187186768031,0,1,10,0,-7306.13993129888,-6913.7982523164,-392.341678982479
1441,1.67844993898589,0.801968479112128,0,0,0.025,0.0615508499375026,0,0.0912797913621638,0.177225271317376,1,8,1.09187186768031,0,1,10,0,-7297.9560528925,-6908.74015931183,-389.215893580677
1446,1.67844993898589,0.801968479112128,0,0,0.025,0.0615508499375026,0,0.0912797913621638,0.177225271317376,1,8,1.09187186768031,0,1,10,0,-7297.9560528925,-6908.74015931183,-389.215893580677
1451,1.67844993898589,0.801968479112128,0,0,0.025,0.0615508499375026,0,0.0912797913621638,0.199212347158736,1,8,1.09187186768031,0,1,10,0,-7294.82467377992,-6903.62978585954,-391.194887920381
1456,1.67844993898589,0.801968479112128,0,0,0.025,0.0615508499375026,0,0.0912797913621638,0.199212347158736,1,8,1.09187186768031,0,1,10,0,-7293.19644198435,-6903.49320894074,-389.703233043603
1461,1.67844993898589,0.801968479112128,0,0,0.025,0.0615508499375026,0,0.0912797913621638,0.199212347158736,1,8,1.09187186768031,0,1,10,0,-7293.19644198435,-6903.49320894074,-389.703233043603
1466,1.67844993898589,0.801968479112128,0,0,0.025,0.0615508499375026,0,0.0912797913621638,0.199212347158736,1,8,1.09187186768031,0,1,10,0,-7293.19644198435,-6903.49320894074,-389.703233043603
1471,1.67844993898589,0.801968479112128,0,0,0.025,0.0615508499375026,0,0.0912797913621638,0.199212347158736,1,8,1.09187186768031,0,1,10,0,-7289.81651166223,-6900.30338231586,-389.513129346367
1476,1.67844993898589,0.801968479112128,0,0,0.025,0.0615508499375026,0,0.0912797913621638,0.199212347158736,1,8,1.07105178613653,0,1,10,0,-7286.75797680078,-6897.24484745442,-389.513129346367
1481,1.67844993898589,0.801968479112128,0,0,0.025,0.0615508499375026,0,0.0912797913621638,0.199212347158736,1,8,1.07105178613653,0,1,10,0,-7286.75797680078,-6897.24484745442,-389.513129346367
1486,1.67844993898589,0.801968479112128,0,0,0.025,0.0615508499375026,0,0.0912797913621638,0.199007572318329,1,8,1.07105178613653,0,1,10,0,-7287.8673738836,-6896.99385090454,-390.873522979055
1491,1.67844993898589,0.801968479112128,0,0,0.025,0.0615508499375026,0,0.0912797913621638,0.199007572318329,1,8,1.07105178613653,0,1,10,0,-7287.53173486571,-6894.63679418509,-392.894940680618
1496,1.67844993898589,0.801968479112128,0,0,0.025,0.0615508499375026,0,0.0912797913621638,0.199007572318329,1,8,1.07105178613653,0,1,10,0,-7285.25613303551,-6895.04676970014,-390.209363335368
1501,1.67844993898589,0.801968479112128,0,0,0.025,0.0615508499375026,0,0.0912797913621638,0.199007572318329,1,8,1.07105178613653,0,1,10,0,-7282.96763662703,-6893.02348250826,-389.944154118768
1506,1.67844993898589,0.832026511724461,0,0,0.025,0.0615508499375026,0,0.0912797913621638,0.199007572318329,1,8,1.07105178613653,0,1,10,0,-7282.18973368731,-6892.24557956854,-389.944154118768
1511,1.67844993898589,0.832026511724461,0,0,0.025,0.0615508499375026,0,0.0912797913621638,0.199007572318329,1,8,1.07105178613653,0,1,10,0,-7282.59914682884,-6891.23792669028,-391.361220138555
1516,1.67844993898589,0.832026511724461,0,0,0.025,0.0615508499375026,0,0.0912797913621638,0.199007572318329,1,8,1.07105178613653,0,1,10,0,-7280.6762358493,-6889.33748856659,-391.338747282703
1521,1.67844993898589,0.832026511724461,0,0,0.025,0.0615508499375026,0,0.0912797913621638,0.19389189823985,1,8,1.07105178613653,0,1,10,0,-7280.54616556692,-6888.98036083358,-391.565804733338
1526,1.67844993898589,0.832026511724461,0,0,0.025,0.0615508499375026,0,0.0912797913621638,0.19389189823985,1,8,1.07105178613653,0,1,10,0,-7280.60255601191,-6888.15350040077,-392.449055611134
1531,1.67844993898589,0.832026511724461,0,0,0.025,0.0615508499375026,0,0.0912797913621638,0.19389189823985,1,8,1.07105178613653,0,1,10,0,-7280.60255601191,-6888.15350040077,-392.449055611134
1536,1.67844993898589,0.832026511724461,0,0,0.025,0.0615508499375026,0,0.0912797913621638,0.19389189823985,1,8,1.07105178613653,0,1,10,0,-7280.60255601191,-6888.15350040077,-392.449055611134
1541,1.67844993898589,0.832026511724461,0,0,0.025,0.0615508499375026,0,0.0912797913621638,0.177207366872843,1,8,1.07105178613653,0,1,10,0,-7282.25609292097,-6889.80703730984,-392.449055611134
1546,1.67844993898589,0.832026511724461,0,0,0.025,0.0615508499375026,0,0.0912797913621638,0.177207366872843,1,8,1.07105178613653,0,1,10,0,-7286.18210091866,-6889.72305607823,-396.459044840425
1551,1.67844993898589,0.832026511724461,0,0,0.025,0.0615508499375026,0,0.0912797913621638,0.208597885248801,1,8,1.07105178613653,0,1,10,0,-7288.27934841497,-6888.62026291508,-399.659085499884
1556,1.67844993898589,0.832026511724461,0,0,0.025,0.0615508499375026,0,0.0899009020997649,0.212475517989348,1,8,1.07105178613653,0,1,10,0,-7287.27976745378,-6887.84773940453,-399.432028049248
1561,1.67844993898589,0.832026511724461,0,0,0.025,0.0615508499375026,0,0.0899009020997649,0.212475517989348,1,8,1.07105178613653,0,1,10,0,-7289.70778483489,-6890.82837186582,-398.879412969075
1566,1.67844993898589,0.832026511724461,0,0,0.025,0.0615508499375026,0,0.0899009020997649,0.212475517989348,1,8,1.07105178613653,0,1,10,0,-7287.71957536184,-6890.47429291779,-397.245282444051
1571,1.67844993898589,0.835383195700056,0,0,0.025,0.0597527826085173,0,0.0899009020997649,0.212475517989348,1,8,1.07105178613653,0,1,10,0,-7287.54634156712,-6890.30105912307,-397.245282444051
1576,1.67844993898589,0.835383195700056,0,0,0.025,0.0597527826085173,0,0.0899009020997649,0.20209549949641,1,8,1.07105178613653,0,1,10,0,-7293.74554163377,-6892.8889386945,-400.856602939274
1581,1.67844993898589,0.85070190624008,0,0,0.025,0.0597527826085173,0,0.0899009020997649,0.20209549949641,1,8,1.07105178613653,0,1,10,0,-7294.00293457119,-6893.14633163192,-400.856602939274
1586,1.67844993898589,0.85070190624008,0,0,0.025,0.0597527826085173,0,0.0899009020997649,0.218925319776514,1,8,1.07105178613653,0,1,10,0,-7293.98048803742,-6893.12388509814,-400.856602939274
1591,1.67844993898589,0.85070190624008,0,0,0.025,0.0597527826085173,0,0.0899009020997649,0.218925319776514,1,8,1.07105178613653,0,1,10,0,-7296.1253867601,-6893.77712894405,-402.348257816052
1596,1.67844993898589,0.85070190624008,0,0,0.025,0.0597527826085173,0,0.0899009020997649,0.218925319776514,1,8,1.07105178613653,0,1,10,0,-7295.36823999172,-6892.56794666013,-402.800293331591
1601,1.67844993898589,0.85070190624008,0,0,0.025,0.0597527826085173,0,0.0899009020997649,0.218925319776514,1,8,1.07105178613653,0,1,10,0,-7292.12292368002,-6891.90114862139,-400.221775058634
1606,1.67844993898589,0.85070190624008,0,0,0.025,0.0597527826085173,0,0.0899009020997649,0.218925319776514,1,8,1.07105178613653,0,1,10,0,-7282.15165881954,-6883.62155977158,-398.530099047963
1611,1.67844993898589,0.85070190624008,0,0,0.025,0.0600198194859836,0,0.0899009020997649,0.218925319776514,1,8,1.07105178613653,0,1,10,0,-7282.15371093252,-6883.62361188455,-398.530099047963
1616,1.67844993898589,0.85070190624008,0,0,0.025,0.0600198194859836,0,0.0899009020997649,0.218925319776514,1,8,1.07105178613653,0,1,10,0,-7282.15371093252,-6883.62361188455,-398.530099047963
1621,1.67844993898589,0.85070190624008,0,0,0.025,0.0600198194859836,0,0.0899009020997649,0.218925319776514,1,8,1.07105178613653,0,1,10,0,-7288.07482159866,-6886.68638095911,-401.388440639555
1626,1.67844993898589,0.85070190624008,0,0,0.025,0.0600198194859836,0,0.0899009020997649,0.218925319776514,1,8,1.07105178613653,0,1,10,0,-7287.29614422944,-6886.39321140566,-400.902932823773
1631,1.67844993898589,0.85070190624008,0,0,0.025,0.0600198194859836,0,0.0899009020997649,0.218925319776514,1,8,1.07105178613653,0,1,10,0,-7287.29614422944,-6886.39321140566,-400.902932823773
1636,1.67844993898589,0.878478276106409,0,0,0.025,0.0600198194859836,0,0.0899009020997649,0.218925319776514,1,8,1.07105178613653,0,1,10,0,-7286.52054439763,-6885.61761157386,-400.902932823773
1641,1.67844993898589,0.878478276106409,0,0,0.025,0.0600198194859836,0,0.0899009020997649,0.218925319776514,1,8,1.07105178613653,0,1,10,0,-7285.19803577688,-6884.63824929681,-400.559786480064
1646,1.67844993898589,0.878478276106409,0,0,0.025,0.0600198194859836,0,0.0899009020997649,0.218925319776514,1,8,1.07105178613653,0,1,10,0,-7284.64030169103,-6884.39699260501,-400.243309086021
1651,1.67844993898589,0.878478276106409,0,0,0.025,0.0600198194859836,0,0.0899009020997649,0.218925319776514,1,8,1.07105178613653,0,1,10,0,-7280.29974961273,-6882.27898291203,-398.0207667007
1656,1.67844993898589,0.878478276106409,0,0,0.025,0.0600198194859836,0,0.0899009020997649,0.205420400760473,1,8,1.07105178613653,0,1,10,0,-7282.36114089851,-6883.04939001649,-399.311750882016
1661,1.67844993898589,0.878478276106409,0,0,0.025,0.0600198194859836,0,0.0899009020997649,0.205420400760473,1,8,1.07105178613653,0,1,10,0,-7282.3358382077,-6884.33627371465,-397.99956449305
1666,1.67844993898589,0.878478276106409,0,0,0.025,0.0600198194859836,0,0.0899009020997649,0.205420400760473,1,8,1.07105178613653,0,1,10,0,-7278.28492702008,-6883.42085674296,-394.86407027712
1671,1.67844993898589,0.878478276106409,0,0,0.025,0.0600198194859836,0,0.0899009020997649,0.205420400760473,1,8,1.07105178613653,0,1,10,0,-7278.28492702008,-6883.42085674296,-394.86407027712
1676,1.67844993898589,0.878478276106409,0,0,0.025,0.0600198194859836,0,0.0899009020997649,0.226455303321757,1,8,1.07105178613653,0,1,10,0,-7279.56220760029,-6884.69813732317,-394.86407027712
1681,1.67844993898589,0.878478276106409,0,0,0.025,0.0600198194859836,0,0.0899009020997649,0.226455303321757,1,8,1.07105178613653,0,1,10,0,-7276.02686455599,-6883.08460687634,-392.942257679644
1686,1.67844993898589,0.878478276106409,0,0,0.025,0.0600198194859836,0,0.0899009020997649,0.202190262643987,1,8,1.07105178613653,0,1,10,0,-7274.78838982906,-6881.84613214941,-392.942257679644
1691,1.67844993898589,0.878478276106409,0,0,0.025,0.0600198194859836,0,0.0899009020997649,0.214031968332979,1,8,1.07105178613653,0,1,10,0,-7272.55059749837,-6880.62690939972,-391.92368809865
1696,1.67844993898589,0.878478276106409,0,0,0.025,0.0600198194859836,0,0.0899009020997649,0.214031968332979,1,8,1.07105178613653,0,1,10,0,-7276.0538622876,-6882.27258265688,-393.781279630728
1701,1.67844993898589,0.878478276106409,0,0,0.025,0.0600198194859836,0,0.0899009020997649,0.214031968332979,1,8,1.07105178613653,0,1,10,0,-7276.15121166574,-6882.50160985899,-393.649601806752
1706,1.67844993898589,0.878478276106409,0,0,0.025,0.0600198194859836,0,0.0899009020997649,0.214031968332979,1,8,1.07105178613653,0,1,10,0,-7278.48626970513,-6881.89222891921,-396.594040785919
1711,1.67844993898589,0.878478276106409,0,0,0.025,0.0600198194859836,0,0.0899009020997649,0.214031968332979,1,8,1.07105178613653,0,1,10,0,-7278.48626970513,-6881.89222891921,-396.594040785919
1716,1.67844993898589,0.878478276106409,0,0,0.025,0.0600198194859836,0,0.0899009020997649,0.214031968332979,1,8,1.07105178613653,0,1,10,0,-7276.95454404235,-6881.4331400587,-395.521403983654
1721,1.67844993898589,0.878478276106409,0,0,0.025,0.0600198194859836,0,0.0899009020997649,0.214031968332979,1,8,1.07105178613653,0,1,10,0,-7276.95454404235,-6881.4331400587,-395.521403983654
1726,1.67844993898589,0.878478276106409,0,0,0.025,0.0600198194859836,0,0.0899009020997649,0.214031968332979,1,8,1.07105178613653,0,1,10,0,-7277.21115862808,-6882.91840792077,-394.292750707301
1731,1.67844993898589,0.878478276106409,0,0,0.025,0.0600198194859836,0,0.0899009020997649,0.214031968332979,1,8,1.0483406243275,0,1,10,0,-7276.10489229783,-6881.81214159053,-394.292750707301
1736,1.67844993898589,0.878478276106409,0,0,0.025,0.0600198194859836,0,0.0899009020997649,0.214031968332979,1,8,1.0483406243275,0,1,10,0,-7276.29237235577,-6880.17110699195,-396.121265363816
1741,1.67844993898589,0.879032299630047,0,0,0.025,0.0600198194859836,0,0.0899009020997649,0.214031968332979,1,8,1.0483406243275,0,1,10,0,-7269.10485377896,-6872.62691347121,-396.477940307755
1746,1.67844993898589,0.879032299630047,0,0,0.025,0.0667840111560828,0,0.0899009020997649,0.214031968332979,1,8,1.0483406243275,0,1,10,0,-7269.38136187514,-6872.90342156739,-396.477940307755
1751,1.7380142542317,0.879032299630047,0,0,0.025,0.0667840111560828,0,0.0899009020997649,0.214031968332979,1,8,1.0483406243275,0,1,10,0,-7267.76812943954,-6872.039425779,-395.728703660544
1756,1.7380142542317,0.879032299630047,0,0,0.025,0.0667840111560828,0,0.0899009020997649,0.214031968332979,1,8,1.0483406243275,0,1,10,0,-7265.63262655014,-6873.91026232491,-391.722364225229
1761,1.7380142542317,0.879032299630047,0,0,0.025,0.0667840111560828,0,0.0899009020997649,0.214031968332979,1,8,1.0483406243275,0,1,10,0,-7265.63262655014,-6873.91026232491,-391.722364225229
1766,1.7380142542317,0.879032299630047,0,0,0.025,0.0667840111560828,0,0.0899009020997649,0.214031968332979,1,8,1.0483406243275,0,1,10,0,-7257.87539519398,-6874.11327703042,-383.762118163564
1771,1.7380142542317,0.879032299630047,0,0,0.025,0.0662048864622174,0,0.0899009020997649,0.214031968332979,1,8,1.0483406243275,0,1,10,0,-7258.18088750232,-6874.41876933875,-383.762118163564
1776,1.7380142542317,0.819286776942121,0,0,0.025,0.0662048864622174,0,0.0899009020997649,0.214031968332979,1,8,1.0483406243275,0,1,10,0,-7257.79248609031,-6874.03036792675,-383.762118163564
1781,1.7380142542317,0.819286776942121,0,0,0.025,0.0662048864622174,0,0.0899009020997649,0.203417488113241,1,8,1.0483406243275,0,1,10,0,-7264.60355562664,-6879.25731735862,-385.346238268014
1786,1.7380142542317,0.856661102544869,0,0,0.025,0.0662048864622174,0,0.0899009020997649,0.203417488113241,1,8,1.0483406243275,0,1,10,0,-7268.05860510852,-6881.27200525811,-386.786599850404
1791,1.7380142542317,0.856661102544869,0,0,0.025,0.0662048864622174,0,0.0899009020997649,0.21061311487051,1,8,1.0483406243275,0,1,10,0,-7267.18760531549,-6880.40100546509,-386.786599850404
1796,1.7380142542317,0.856661102544869,0,0,0.025,0.0662048864622174,0,0.0899009020997649,0.21061311487051,1,8,1.0483406243275,0,1,10,0,-7267.80748406392,-6877.09643868809,-390.711045375831
1801,1.7380142542317,0.856661102544869,0,0,0.025,0.0662048864622174,0,0.0899009020997649,0.21061311487051,1,8,1.0483406243275,0,1,10,0,-7260.50003564441,-6874.3175493522,-386.182486292215
1806,1.7380142542317,0.856661102544869,0,0,0.025,0.0662048864622174,0,0.0899009020997649,0.21061311487051,1,8,1.0483406243275,0,1,10,0,-7260.45993988624,-6876.02042289908,-384.439516987156
1811,1.71843001698923,0.856661102544869,0,0,0.025,0.0662048864622174,0,0.0899009020997649,0.21061311487051,1,8,1.0483406243275,0,1,10,0,-7260.69921085691,-6876.25969386976,-384.439516987156
1816,1.71843001698923,0.856661102544869,0,0,0.025,0.0662048864622174,0,0.0899009020997649,0.21061311487051,1,8,1.0483406243275,0,1,10,0,-7265.22778021896,-6878.67756914663,-386.55021107234
1821,1.71843001698923,0.856661102544869,0,0,0.025,0.0662048864622174,0,0.0899009020997649,0.203014210471175,1,8,1.0483406243275,0,1,10,0,-7266.41954570546,-6879.22319030615,-387.196355399305
1826,1.71843001698923,0.856661102544869,0,0,0.025,0.0662048864622174,0,0.0899009020997649,0.217711518275085,1,8,1.0483406243275,0,1,10,0,-7267.19206652322,-6876.97122943708,-390.220837086145
1831,1.71843001698923,0.856661102544869,0,0,0.025,0.0662048864622174,0,0.0899009020997649,0.217711518275085,1,8,1.0483406243275,0,1,10,0,-7268.07247227276,-6879.63130276901,-388.44116950375
1836,1.71843001698923,0.856661102544869,0,0,0.025,0.0662048864622174,0,0.0899009020997649,0.217711518275085,1,8,1.0483406243275,0,1,10,0,-7268.07247227276,-6879.63130276901,-388.44116950375
1841,1.71843001698923,0.856661102544869,0,0,0.025,0.0662048864622174,0,0.0899009020997649,0.217711518275085,1,8,1.0483406243275,0,1,10,0,-7269.46677178315,-6883.41573052286,-386.051041260289
1846,1.71843001698923,0.856661102544869,0,0,0.025,0.0662048864622174,0,0.0899009020997649,0.217711518275085,1,8,1.0483406243275,0,1,10,0,-7267.75320861154,-6882.84378107591,-384.909427535628
1851,1.71843001698923,0.856661102544869,0,0,0.025,0.0662048864622174,0,0.0899009020997649,0.217711518275085,1,8,1.0483406243275,0,1,10,0,-7267.75320861154,-6882.84378107591,-384.909427535628
1856,1.71843001698923,0.856661102544869,0,0,0.025,0.0662048864622174,0,0.0899009020997649,0.217711518275085,1,8,1.0483406243275,0,1,10,0,-7269.52311970566,-6883.25983308467,-386.263286620995
1861,1.71843001698923,0.856661102544869,0,0,0.025,0.0662048864622174,0,0.0899009020997649,0.217711518275085,1,8,1.0483406243275,0,1,10,0,-7270.73269440448,-6882.63112829862,-388.101566105858
1866,1.71843001698923,0.878641147668791,0,0,0.025,0.0662048864622174,0,0.0899009020997649,0.235419626309835,1,8,1.0483406243275,0,1,10,0,-7270.90481705288,-6882.80325094702,-388.101566105858
1871,1.71843001698923,0.878641147668791,0,0,0.025,0.0662048864622174,0,0.0899009020997649,0.235419626309835,1,8,1.0483406243275,0,1,10,0,-7273.08155134542,-6883.61959160688,-389.461959738545
1876,1.71843001698923,0.878641147668791,0,0,0.025,0.0662048864622174,0,0.0899009020997649,0.235419626309835,1,8,1.0483406243275,0,1,10,0,-7270.39818685319,-6884.1349002322,-386.263286620995
1881,1.71843001698923,0.878641147668791,0,0,0.025,0.0662048864622174,0,0.0899009020997649,0.235419626309835,1,8,1.0483406243275,0,1,10,0,-7271.87453577344,-6887.35421845751,-384.520317315936
1886,1.71843001698923,0.925596168805847,0,0,0.025,0.0760012192950245,0,0.0899009020997649,0.235419626309835,1,8,1.0483406243275,0,1,10,0,-7270.56011353542,-6886.30216048395,-384.257953051468
1891,1.71843001698923,0.925596168805847,0,0,0.025,0.0760012192950245,0,0.0899009020997649,0.235419626309835,1,8,1.0483406243275,0,1,10,0,-7270.45498905177,-6883.61146735564,-386.843521696133
1896,1.71843001698923,0.925596168805847,0,0,0.025,0.0763217544869812,0,0.0899009020997649,0.235419626309835,1,8,1.0483406243275,0,1,10,0,-7269.07456661871,-6880.48807561752,-388.586491001191
1901,1.71843001698923,0.925596168805847,0,0,0.025,0.0763217544869812,0,0.0899009020997649,0.235419626309835,1,8,1.0483406243275,0,1,10,0,-7268.73261119255,-6879.38843448966,-389.344176702889
1906,1.71843001698923,0.925596168805847,0,0,0.025,0.0763217544869812,0,0.0899009020997649,0.235419626309835,1,8,1.0483406243275,0,1,10,0,-7268.73261119255,-6879.38843448966,-389.344176702889
1911,1.71843001698923,0.925596168805847,0,0,0.025,0.0763217544869812,0,0.0899009020997649,0.19704306403989,1,8,1.0483406243275,0,1,10,0,-7268.17178170454,-6876.65285328016,-391.518928424373
1916,1.71843001698923,0.925596168805847,0,0,0.025,0.0777128352746997,0,0.0899009020997649,0.209924625799601,1,8,1.0483406243275,0,1,10,0,-7263.85463675564,-6871.91504400343,-391.939592752215
1921,1.71843001698923,0.925596168805847,0,0,0.025,0.0777128352746997,0,0.0899009020997649,0.209924625799601,1,8,1.0483406243275,0,1,10,0,-7265.50363700548,-6874.18817439282,-391.315462612661
1926,1.71843001698923,0.925596168805847,0,0,0.025,0.0765950059173074,0,0.0899009020997649,0.209924625799601,1,8,1.0483406243275,0,1,10,0,-7265.48225850253,-6874.16679588987,-391.315462612661
1931,1.71843001698923,0.860029430847179,0,0,0.025,0.0765950059173074,0,0.0899009020997649,0.209924625799601,1,8,1.0483406243275,0,1,10,0,-7270.24691122615,-6875.12619613504,-395.120715091119
1936,1.71843001698923,0.860029430847179,0,0,0.025,0.0765950059173074,0,0.0899009020997649,0.209924625799601,1,8,1.0483406243275,0,1,10,0,-7270.24691122615,-6875.12619613504,-395.120715091119
1941,1.71843001698923,0.991816947073194,0,0,0.025,0.0765950059173074,0,0.0899009020997649,0.209924625799601,1,8,1.0483406243275,0,1,10,0,-7269.81515537526,-6874.69444028414,-395.120715091119
1946,1.71843001698923,0.991816947073194,0,0,0.025,0.0765950059173074,0,0.0899009020997649,0.209924625799601,1,8,1.0483406243275,0,1,10,0,-7269.81515537526,-6874.69444028414,-395.120715091119
1951,1.71843001698923,0.991816947073194,0,0,0.025,0.0765950059173074,0,0.0899009020997649,0.209924625799601,1,8,1.0483406243275,0,1,10,0,-7267.79147954634,-6873.51994025043,-394.271539295907
1956,1.71843001698923,0.994034753124983,0,0,0.025,0.0765950059173074,0,0.0899009020997649,0.211487200637194,1,8,1.0483406243275,0,1,10,0,-7267.6819481808,-6873.41040888489,-394.271539295907
1961,1.71843001698923,0.994034753124983,0,0,0.025,0.0765950059173074,0,0.0899009020997649,0.252694455494743,1,8,1.0483406243275,0,1,10,0,-7266.86443427655,-6872.65393087123,-394.210503405321
1966,1.71843001698923,1.01659646435922,0,0,0.025,0.0765950059173074,0,0.0899009020997649,0.252694455494743,1,8,1.0483406243275,0,1,10,0,-7264.61220983268,-6869.49033777269,-395.12187205999
1971,1.71843001698923,1.01659646435922,0,0,0.025,0.0765950059173074,0,0.0899009020997649,0.263070436122048,1,8,1.0483406243275,0,1,10,0,-7266.26023547839,-6873.26659512425,-392.99364035414
1976,1.71843001698923,1.01659646435922,0,0,0.025,0.0765950059173074,0,0.0899009020997649,0.263070436122048,1,8,1.0483406243275,0,1,10,0,-7266.26023547839,-6873.26659512425,-392.99364035414
1981,1.71843001698923,1.01659646435922,0,0,0.025,0.0765950059173074,0,0.0899009020997649,0.263070436122048,1,8,1.0483406243275,0,1,10,0,-7265.53693455279,-6873.88657117468,-391.650363378104
1986,1.71843001698923,1.01659646435922,0,0,0.025,0.0765950059173074,0,0.0899009020997649,0.263070436122048,1,8,1.0483406243275,0,1,10,0,-7265.53693455279,-6873.88657117468,-391.650363378104
1991,1.71843001698923,1.01659646435922,0,0,0.025,0.0765950059173074,0,0.0899009020997649,0.233483110073602,1,8,1.0483406243275,0,1,10,0,-7264.17762157724,-6871.5553976161,-392.622223961133
1996,1.71843001698923,1.01659646435922,0,0,0.025,0.0768016102013028,0,0.0899009020997649,0.233483110073602,1,8,1.0483406243275,0,1,10,0,-7263.78381394568,-6870.60820474637,-393.175609199318
2001,1.71843001698923,1.01659646435922,0,0,0.025,0.0768016102013028,0,0.0899009020997649,0.233483110073602,1,8,1.0483406243275,0,1,10,0,-7262.50349842338,-6868.67838332379,-393.825115099588
2006,1.71843001698923,1.01659646435922,0,0,0.025,0.0768016102013028,0,0.0899009020997649,0.233483110073602,1,8,1.0483406243275,0,1,10,0,-7266.34074955623,-6869.39148074923,-396.949268807004
2011,1.71843001698923,1.01659646435922,0,0,0.025,0.0768016102013028,0,0.0899009020997649,0.233483110073602,1,8,1.0483406243275,0,1,10,0,-7265.90486260945,-6866.55769852964,-399.347164079802
2016,1.71843001698923,1.01659646435922,0,0,0.025,0.0768016102013028,0,0.0899009020997649,0.231241053762502,1,8,1.0483406243275,0,1,10,0,-7265.97774026235,-6866.63057618255,-399.347164079802
2021,1.71843001698923,1.01659646435922,0,0,0.025,0.0768016102013028,0,0.0899009020997649,0.231241053762502,1,8,1.0483406243275,0,1,10,0,-7264.46612299711,-6866.17404494093,-398.292078056184
2026,1.71843001698923,1.01659646435922,0,0,0.025,0.0768016102013028,0,0.0899009020997649,0.267407099195477,1,8,1.0483406243275,0,1,10,0,-7258.49780563755,-6863.05703027169,-395.440775365863
2031,1.70832785303941,1.01659646435922,0,0,0.025,0.0768016102013028,0,0.0899009020997649,0.267407099195477,1,8,1.0483406243275,0,1,10,0,-7263.35366439762,-6869.6356556295,-393.718008768122
2036,1.70832785303941,1.01659646435922,0,0,0.025,0.0768016102013028,0,0.0899009020997649,0.244225707482573,1,8,1.0483406243275,0,1,10,0,-7261.90359371162,-6868.1855849435,-393.718008768122
2041,1.70832785303941,1.01659646435922,0,0,0.025,0.0768016102013028,0,0.0892698021006311,0.244225707482573,1,8,1.0483406243275,0,1,10,0,-7260.89488189624,-6868.09679362804,-392.798088268197
2046,1.70832785303941,1.01659646435922,0,0,0.025,0.0768016102013028,0,0.0892698021006311,0.252060046697245,1,8,1.0483406243275,0,1,10,0,-7264.14987296725,-6870.37992411602,-393.769948851226
2051,1.70832785303941,1.01659646435922,0,0,0.025,0.0768016102013028,0,0.0892698021006311,0.255239080892431,1,8,1.0483406243275,0,1,10,0,-7261.57177847832,-6867.15238474605,-394.419393732272
2056,1.74289254710964,0.893465188901452,0,0,0.025,0.0768016102013028,0,0.0892698021006311,0.255239080892431,1,8,1.0483406243275,0,1,10,0,-7263.32535329281,-6866.73120783905,-396.594145453756
2061,1.74289254710964,0.893465188901452,0,0,0.025,0.0768016102013028,0,0.0892698021006311,0.273652746140501,1,8,1.0483406243275,0,1,10,0,-7264.21538966209,-6867.62124420833,-396.594145453756
2066,1.79779764314855,0.893465188901452,0,0,0.025,0.0979149261892182,0,0.0892698021006311,0.273652746140501,1,8,1.0483406243275,0,1,10,0,-7259.75786123267,-6865.3384675004,-394.419393732272
2071,1.79779764314855,0.893465188901452,0,0,0.025,0.0979149261892182,0,0.0892698021006311,0.273652746140501,1,8,1.0483406243275,0,1,10,0,-7259.79469862186,-6866.27561232968,-393.519086292173
2076,1.79779764314855,0.893465188901452,0,0,0.025,0.0956585678454598,0,0.0892698021006311,0.273652746140501,1,8,1.0483406243275,0,1,10,0,-7259.33845599468,-6866.2618760823,-393.076579912384
2081,1.79779764314855,0.893465188901452,0,0,0.025,0.0956585678454598,0,0.0892698021006311,0.272617276530726,1,8,1.0483406243275,0,1,10,0,-7259.13291700369,-6865.28908193859,-393.843835065098
2086,1.79779764314855,0.893465188901452,0,0,0.025,0.0956585678454598,0,0.0892698021006311,0.272617276530726,1,8,1.0483406243275,0,1,10,0,-7259.13291700369,-6865.28908193859,-393.843835065098
2091,1.79779764314855,0.893927828857254,0,0,0.025,0.0956585678454598,0,0.0892698021006311,0.237435609080876,1,8,1.0483406243275,0,1,10,0,-7261.15882420187,-6867.72045424488,-393.43836995699
2096,1.79779764314855,0.893927828857254,0,0,0.025,0.100963166675909,0,0.0892698021006311,0.243423736467218,1,8,1.0483406243275,0,1,10,0,-7262.89713225184,-6871.25021978612,-391.64691246572
2101,1.79779764314855,1.04729912063383,0,0,0.025,0.100963166675909,0,0.0892698021006311,0.243423736467218,1,8,1.0483406243275,0,1,10,0,-7263.2291183924,-6871.58220592669,-391.64691246572
2106,1.79779764314855,1.04729912063383,0,0,0.025,0.115724418921757,0,0.0909223164240775,0.252749019487926,1,8,1.0483406243275,0,1,10,0,-7260.84978371124,-6868.96219521544,-391.887588495796
2111,1.79779764314855,1.04729912063383,0,0,0.025,0.113659893263358,0,0.0909223164240775,0.252749019487926,1,8,1.0483406243275,0,1,10,0,-7257.06441136896,-6864.76305896225,-392.301352406718
2116,1.79779764314855,1.04729912063383,0,0,0.025,0.113659893263358,0,0.0906395813762466,0.252749019487926,1,8,1.04168231310306,0,1,10,0,-7256.98081867094,-6864.67946626422,-392.301352406718
2121,1.79779764314855,1.04729912063383,0,0,0.025,0.110857567131649,0,0.0906395813762466,0.252749019487926,1,8,1.04168231310306,0,1,10,0,-7256.79349136678,-6864.49213896006,-392.301352406718
2126,1.79779764314855,1.04729912063383,0,0,0.025,0.110857567131649,0,0.0906395813762466,0.279679026744526,1,8,1.04548182744747,0,1,10,0,-7256.20130150044,-6861.5570127052,-394.644288795236
2131,1.79779764314855,1.04729912063383,0,0,0.025,0.110857567131649,0,0.0906395813762466,0.279679026744526,1,8,1.04548182744747,0,1,10,0,-7256.38248460948,-6862.99833889004,-393.384145719443
2136,1.79779764314855,1.10197162521343,0,0,0.025,0.110857567131649,0,0.0906395813762466,0.273329717000262,1,8,1.04548182744747,0,1,10,0,-7255.82270766474,-6862.43856194529,-393.384145719443
2141,1.79779764314855,1.10197162521343,0,0,0.025,0.120132000306205,0,0.0906395813762466,0.285148677352756,1,8,1.04548182744747,0,1,10,0,-7256.75375811911,-6863.36961239967,-393.384145719443
2146,1.79779764314855,1.26169683035039,0,0,0.025,0.120132000306205,0,0.0906395813762466,0.285148677352756,1,8,1.04548182744747,0,1,10,0,-7254.72448391903,-6863.4352839278,-391.289199991227
2151,1.79779764314855,1.26169683035039,0,0,0.025,0.135080349489416,0,0.0906395813762466,0.316646071638408,1,8,1.04548182744747,0,1,10,0,-7255.09124453823,-6863.802044547,-391.289199991227
2156,1.79779764314855,1.43076927729784,0,0,0.025,0.137283116831674,0,0.0906395813762466,0.316646071638408,1,8,1.04548182744747,0,1,10,0,-7255.74288734286,-6865.28567097704,-390.457216365813
2161,1.79779764314855,1.43076927729784,0,0,0.025,0.137283116831674,0,0.0906395813762466,0.288815620955122,1,8,1.04548182744747,0,1,10,0,-7256.92124811523,-6866.46403174942,-390.457216365813
2166,1.83111980804053,1.18186544280063,0,0,0.025,0.137283116831674,0,0.0906395813762466,0.288815620955122,1,8,1.04548182744747,0,1,10,0,-7250.63480480048,-6860.61566178402,-390.019143016458
2171,1.83111980804053,1.18186544280063,0,0,0.025,0.137283116831674,0,0.0906395813762466,0.301281024236529,1,8,1.04548182744747,0,1,10,0,-7249.5494351074,-6860.60643152376,-388.943003583642
2176,1.83111980804053,1.18186544280063,0,0,0.025,0.136174758180425,0,0.0906395813762466,0.301281024236529,1,8,1.04548182744747,0,1,10,0,-7249.54908918946,-6860.60608560582,-388.943003583642
2181,1.83111980804053,1.40062546341036,0,0,0.025,0.136174758180425,0,0.0906395813762466,0.314767162575712,1,8,1.04548182744747,0,1,10,0,-7249.57080069825,-6861.54785432927,-388.022946368972
2186,1.83111980804053,1.40062546341036,0,0,0.025,0.159706000541968,0,0.0906395813762466,0.325640000313429,1,8,1.04548182744747,0,1,10,0,-7247.3779064177,-6858.79650637598,-388.581400041727
2191,1.83111980804053,1.40062546341036,0,0,0.025,0.159706000541968,0,0.0906395813762466,0.325640000313429,1,8,1.04548182744747,0,1,10,0,-7247.3779064177,-6858.79650637598,-388.581400041727
2196,1.83111980804053,1.40062546341036,0,0,0.025,0.165831595499188,0,0.0905825073352193,0.325640000313429,1,8,1.04548182744747,0,1,10,0,-7247.70534615361,-6859.12394611188,-388.581400041727
2201,1.83111980804053,1.40062546341036,0,0,0.025,0.165831595499188,0,0.0905825073352193,0.325640000313429,1,8,1.04548182744747,0,1,10,0,-7247.70534615361,-6859.12394611188,-388.581400041727
2206,1.83111980804053,1.40062546341036,0,0,0.025,0.165831595499188,0,0.0905825073352193,0.34587326983009,1,8,1.04548182744747,0,1,10,0,-7247.75358578577,-6858.65682496511,-389.096760820659
2211,1.83111980804053,1.47696828540738,0,0,0.025,0.187358035711126,0,0.0905825073352193,0.34587326983009,1,8,1.04548182744747,0,1,10,0,-7246.95207601146,-6857.8553151908,-389.096760820659
2216,1.83111980804053,1.47696828540738,0,0,0.025,0.187358035711126,0,0.0905825073352193,0.34587326983009,1,8,1.04548182744747,0,1,10,0,-7246.95207601146,-6857.8553151908,-389.096760820659
2221,1.83111980804053,1.48956870446024,0,0,0.025,0.179955972579069,0,0.0905825073352193,0.34587326983009,1,8,1.04548182744747,0,1,10,0,-7251.20940785908,-6860.32088756919,-390.888520289887
2226,1.83111980804053,1.48956870446024,0,0,0.025,0.179955972579069,0,0.0905825073352193,0.335494007933859,1,8,1.04548182744747,0,1,10,0,-7251.16295104023,-6860.27443075035,-390.888520289887
2231,1.83111980804053,1.48956870446024,0,0,0.025,0.164678318044864,0,0.0905825073352193,0.335494007933859,1,8,1.04548182744747,0,1,10,0,-7253.53811750844,-6860.3186988086,-393.219418699845
2236,1.83111980804053,1.51610167162482,0,0,0.025,0.164678318044864,0,0.0905825073352193,0.335494007933859,1,8,1.04548182744747,0,1,10,0,-7253.5724632672,-6860.35304456735,-393.219418699845
2241,1.83111980804053,1.51610167162482,0,0,0.025,0.167148129147347,0,0.0905825073352193,0.323302613994347,1,8,1.04548182744747,0,1,10,0,-7254.14091026323,-6860.92149156338,-393.219418699845
2246,1.83111980804053,1.44846859570671,0,0,0.025,0.154554349704569,0,0.0905825073352193,0.323302613994347,1,8,1.04548182744747,0,1,10,0,-7250.98584753133,-6861.16762621315,-389.818221318183
2251,1.83111980804053,1.44846859570671,0,0,0.025,0.154554349704569,0,0.0905825073352193,0.323302613994347,1,8,1.04548182744747,0,1,10,0,-7249.83975583495,-6860.14669765972,-389.693058175229
2256,1.83111980804053,1.44846859570671,0,0,0.025,0.168825063874736,0,0.0905825073352193,0.323302613994347,1,8,1.04548182744747,0,1,10,0,-7248.75024142956,-6860.56126065111,-388.188980778453
2261,1.83111980804053,1.44846859570671,0,0,0.025,0.168825063874736,0,0.0905825073352193,0.355176796490157,1,8,1.04548182744747,0,1,10,0,-7248.70571044314,-6860.51672966469,-388.188980778453
2266,1.83111980804053,1.52179569978773,0,0,0.025,0.188735119679958,0,0.0905825073352193,0.355176796490157,1,8,1.04548182744747,0,1,10,0,-7247.92126530668,-6859.59508340672,-388.326181899966
2271,1.83111980804053,1.53842004110598,0,0,0.025,0.188735119679958,0,0.0905825073352193,0.365889927059825,1,8,1.04548182744747,0,1,10,0,-7248.06668290072,-6859.74050100075,-388.326181899966
2276,1.83111980804053,1.53842004110598,0,0,0.025,0.180212117068076,0,0.0905825073352193,0.369788370690288,1,8,1.04548182744747,0,1,10,0,-7247.7705679333,-6859.44438603334,-388.326181899966
2281,1.83111980804053,1.61361792654805,0,0,0.025,0.180212117068076,0,0.0905825073352193,0.369788370690288,1,8,1.04548182744747,0,1,10,0,-7245.10223310161,-6853.24969067703,-391.852542424582
2286,1.83111980804053,1.61361792654805,0,0,0.025,0.180212117068076,0,0.0905825073352193,0.370240809807681,1,8,1.02594675344704,0,1,10,0,-7243.50699671005,-6854.64246451292,-388.864532197122
2291,1.83111980804053,1.76231251712543,0,0,0.025,0.189239949299039,0,0.0905825073352193,0.370240809807681,1,8,1.02594675344704,0,1,10,0,-7243.93170958506,-6854.00257146725,-389.929138117805
2296,1.83111980804053,1.76231251712543,0,0,0.025,0.189239949299039,0,0.0905825073352193,0.368472239462028,1,8,1.02594675344704,0,1,10,0,-7245.22396881354,-6853.665590156,-391.558378657535
2301,1.83111980804053,1.64147685475561,0,0,0.025,0.198299715243557,0,0.0905825073352193,0.368472239462028,1,8,1.02594675344704,0,1,10,0,-7245.56611770273,-6854.56112428338,-391.004993419351
2306,1.83111980804053,1.64147685475561,0,0,0.025,0.198299715243557,0,0.0905825073352193,0.368472239462028,1,8,1.02594675344704,0,1,10,0,-7245.25521289058,-6850.6377129959,-394.61749989468
2311,1.83111980804053,1.64147685475561,0,0,0.025,0.191739073546825,0,0.0905825073352193,0.368472239462028,1,8,1.02594675344704,0,1,10,0,-7248.91699339911,-6852.6653629794,-396.251630419704
2316,1.83111980804053,1.78190289600009,0,0,0.025,0.191739073546825,0,0.0905825073352193,0.392375955457674,1,8,1.02594675344704,0,1,10,0,-7249.59223528451,-6853.34060486481,-396.251630419704
2321,1.83111980804053,1.78190289600009,0,0,0.025,0.191739073546825,0,0.0905825073352193,0.42638722016972,1,8,1.02594675344704,0,1,10,0,-7254.65460158792,-6857.48505574061,-397.169545847306
2326,1.89502099882503,1.78190289600009,0,0,0.025,0.191739073546825,0,0.0905825073352193,0.42638722016972,1,8,1.02594675344704,0,1,10,0,-7255.01608782569,-6857.84654197839,-397.169545847306
2331,1.89502099882503,1.78190289600009,0,0,0.025,0.187707867860864,0,0.0905825073352193,0.428783714383267,1,8,1.02594675344704,0,1,10,0,-7255.76607109041,-6856.82886332545,-398.937207764955
2336,1.89502099882503,1.85783928539751,0,0,0.025,0.205025397292217,0,0.0905825073352193,0.428783714383267,1,8,1.02594675344704,0,1,10,0,-7255.09405292124,-6856.15684515628,-398.937207764955
2341,1.89502099882503,1.85783928539751,0,0,0.025,0.205025397292217,0,0.0905825073352193,0.418169843473658,1,8,1.02594675344704,0,1,10,0,-7255.06439316178,-6856.12718539682,-398.937207764955
2346,1.89502099882503,1.85783928539751,0,0,0.025,0.224032052512332,0,0.0905825073352193,0.418169843473658,1,8,1.02594675344704,0,1,10,0,-7254.35426670199,-6855.41705893703,-398.937207764955
2351,1.89502099882503,1.85783928539751,0,0,0.025,0.224032052512332,0,0.0905825073352193,0.434572025478529,1,8,1.02594675344704,0,1,10,0,-7254.60205560984,-6855.66484784488,-398.937207764955
2356,1.89502099882503,1.83278525301026,0,0,0.025,0.224032052512332,0,0.0905825073352193,0.434572025478529,1,8,1.02594675344704,0,1,10,0,-7248.95044919479,-6851.64737195486,-397.30307723993
2361,1.89502099882503,1.96991522142383,0,0,0.025,0.224032052512332,0,0.0905825073352193,0.411830240380796,1,8,1.02594675344704,0,1,10,0,-7257.46714944273,-6858.05153071269,-399.415618730036
2366,1.89502099882503,1.96991522142383,0,0,0.025,0.231139192327448,0,0.0905825073352193,0.419317921577915,1,8,1.02594675344704,0,1,10,0,-7259.02155899737,-6859.26946803071,-399.752090966658
2371,1.89502099882503,1.78875564810901,0,0,0.025,0.231139192327448,0,0.0905825073352193,0.419317921577915,1,8,1.02594675344704,0,1,10,0,-7251.01762730132,-6853.23497698112,-397.782650320192
2376,1.89502099882503,1.78875564810901,0,0,0.025,0.220617547859535,0,0.0905825073352193,0.419317921577915,1,8,1.02594675344704,0,1,10,0,-7249.9006470988,-6852.61353370986,-397.287113388941
2381,1.89502099882503,1.78875564810901,0,0,0.025,0.237110571944777,0,0.0905825073352193,0.419317921577915,1,8,1.02594675344704,0,1,10,0,-7250.39682971975,-6851.52275127423,-398.874078445523
2386,1.89502099882503,1.78875564810901,0,0,0.025,0.237110571944777,0,0.0905825073352193,0.450974118055539,1,8,1.02594675344704,0,1,10,0,-7250.30836637032,-6850.32940602312,-399.978960347205
2391,1.87975437887015,1.78875564810901,0,0,0.025,0.237110571944777,0,0.0905825073352193,0.450974118055539,1,8,1.02594675344704,0,1,10,0,-7250.74948008571,-6850.64535659556,-400.104123490159
2396,1.87975437887015,1.78875564810901,0,0,0.025,0.237110571944777,0,0.0905825073352193,0.430007268405589,1,8,1.02594675344704,0,1,10,0,-7252.23529791148,-6852.39353868579,-399.841759225691
2401,1.87975437887015,1.56147120741007,0,0,0.025,0.216597608763125,0,0.0905825073352193,0.430007268405589,1,8,1.02594675344704,0,1,10,0,-7252.12261266739,-6852.2808534417,-399.841759225691
2406,1.87975437887015,1.4033248626449,0,0,0.025,0.216597608763125,0,0.0905825073352193,0.435748418594183,1,8,1.02594675344704,0,1,10,0,-7254.04469853957,-6854.22128845255,-399.823410087023
2411,1.87975437887015,1.4033248626449,0,0,0.025,0.207783519970303,0,0.0905825073352193,0.441545768402919,1,8,1.02594675344704,0,1,10,0,-7253.35122313828,-6853.76848908133,-399.582734056947
2416,1.87975437887015,1.57912747714421,0,0,0.025,0.207783519970303,0,0.0905825073352193,0.441545768402919,1,8,1.02594675344704,0,1,10,0,-7250.65722147248,-6850.97539651289,-399.681824959592
2421,1.87975437887015,1.57912747714421,0,0,0.025,0.207783519970303,0,0.0905825073352193,0.478526181224636,1,8,1.02594675344704,0,1,10,0,-7250.81729391166,-6852.87700700852,-397.940286903149
2426,1.87975437887015,1.73520727835098,0,0,0.025,0.202478094815254,0,0.0905825073352193,0.478526181224636,1,8,1.02594675344704,0,1,10,0,-7246.53525104854,-6847.1286270766,-399.406623971942
2431,1.87975437887015,1.73520727835098,0,0,0.025,0.202478094815254,0,0.0905825073352193,0.443541823397577,1,8,1.02594675344704,0,1,10,0,-7249.76125153766,-6849.01962649899,-400.741625038674
2436,1.87975437887015,1.54844028559329,0,0,0.025,0.205607898964604,0,0.0922755125179646,0.443541823397577,1,8,1.02594675344704,0,1,10,0,-7247.24137122479,-6846.49974618612,-400.741625038674
2441,1.87975437887015,1.54844028559329,0,0,0.025,0.205607898964604,0,0.0922755125179646,0.453419480553765,1,8,1.02594675344704,0,1,10,0,-7246.11975591401,-6844.74004347196,-401.379712442051
2446,1.87975437887015,1.54844028559329,0,0,0.025,0.213922752008784,0,0.0922755125179646,0.453419480553765,1,8,1.02594675344704,0,1,10,0,-7244.21421068145,-6842.20005865966,-402.014152021784
2451,1.87975437887015,1.54844028559329,0,0,0.025,0.213922752008784,0,0.0922755125179646,0.457744835817602,1,8,1.02594675344704,0,1,10,0,-7243.88905715109,-6842.16258720176,-401.726469949332
2456,1.87975437887015,1.54844028559329,0,0,0.025,0.216356983252741,0,0.0922755125179646,0.457744835817602,1,8,1.02594675344704,0,1,10,0,-7245.24457466812,-6843.84352711923,-401.401047548898
2461,1.87975437887015,1.58031502122101,0,0,0.025,0.216356983252741,0,0.0922755125179646,0.457744835817602,1,8,1.02594675344704,0,1,10,0,-7244.85588004104,-6843.45483249214,-401.401047548898
2466,1.87975437887015,1.58031502122101,0,0,0.025,0.209846080689793,0,0.0922755125179646,0.433212631805478,1,8,1.02594675344704,0,1,10,0,-7243.6847355969,-6842.28368804801,-401.401047548898
2471,1.89339098377736,1.72891084903231,0,0,0.025,0.197562497069642,0,0.0922755125179646,0.433212631805478,1,8,1.02594675344704,0,1,10,0,-7243.47119626358,-6842.07014871468,-401.401047548898
2476,1.89339098377736,1.72891084903231,0,0,0.025,0.197562497069642,0,0.0922755125179646,0.430184621474793,1,8,1.02594675344704,0,1,10,0,-7239.76556920702,-6839.83085872692,-399.934710480105
2481,1.89339098377736,1.93025310507185,0,0,0.025,0.208539292638196,0,0.0922755125179646,0.430184621474793,1,8,1.02594675344704,0,1,10,0,-7241.50034211704,-6841.56563163693,-399.934710480105
2486,1.89339098377736,1.93025310507185,0,0,0.025,0.208539292638196,0,0.0922755125179646,0.428600035374598,1,8,1.02594675344704,0,1,10,0,-7241.54198739149,-6841.60727691139,-399.934710480105
2491,1.89339098377736,1.93025310507185,0,0,0.025,0.208539292638196,0,0.0922755125179646,0.428600035374598,1,8,1.02594675344704,0,1,10,0,-7241.48192519126,-6842.18152139169,-399.300403799567
2496,1.89339098377736,1.73980820060511,0,0,0.025,0.208539292638196,0,0.0922755125179646,0.461547247089828,1,8,1.02594675344704,0,1,10,0,-7239.55150669778,-6840.25110289822,-399.300403799567
2501,1.89339098377736,1.73980820060511,0,0,0.025,0.212871934317314,0,0.0922755125179646,0.445448748163598,1,8,1.02594675344704,0,1,10,0,-7239.22625424354,-6839.92585044397,-399.300403799567
2506,1.89339098377736,1.73249510193181,0,0,0.025,0.212871934317314,0,0.0922755125179646,0.445448748163598,1,8,1.02594675344704,0,1,10,0,-7242.62345958945,-6844.03233235237,-398.591127237078
2511,1.89339098377736,1.73249510193181,0,0,0.025,0.234192390648416,0,0.0922755125179646,0.445448748163598,1,8,1.02594675344704,0,1,10,0,-7243.17553775195,-6844.58441051487,-398.591127237078
2516,1.89339098377736,1.73249510193181,0,0,0.025,0.217235138368566,0,0.0922755125179646,0.445448748163598,1,8,1.02594675344704,0,1,10,0,-7247.94432357808,-6845.61552672272,-402.328796855361
2521,1.89339098377736,1.73249510193181,0,0,0.025,0.217235138368566,0,0.0922755125179646,0.40641064380035,1,8,1.02594675344704,0,1,10,0,-7232.24971485994,-6831.02751968328,-401.22219517666
2526,1.89339098377736,1.73249510193181,0,0,0.025,0.217235138368566,0,0.0922755125179646,0.40641064380035,1,8,1.02594675344704,0,1,10,0,-7232.24971485994,-6831.02751968328,-401.22219517666
2531,1.89339098377736,1.73249510193181,0,0,0.025,0.217235138368566,0,0.0922755125179646,0.410380668514197,1,8,1.02594675344704,0,1,10,0,-7232.34124730404,-6830.80667744234,-401.534569861702
2536,1.89339098377736,1.73249510193181,0,0,0.025,0.2200887120031,0,0.0922755125179646,0.410380668514197,1,8,1.02594675344704,0,1,10,0,-7232.76924846747,-6832.38835067162,-400.38089779585
2541,1.89339098377736,1.73249510193181,0,0,0.025,0.2200887120031,0,0.0922755125179646,0.410380668514197,1,8,1.02594675344704,0,1,10,0,-7233.33074487776,-6832.9498470819,-400.38089779585
2546,1.89339098377736,1.73249510193181,0,0,0.025,0.205874570896324,0,0.0922755125179646,0.383278553094709,1,8,1.02594675344704,0,1,10,0,-7231.7023904683,-6832.10995003282,-399.592440435486
2551,1.89339098377736,1.65225691409703,0,0,0.025,0.205874570896324,0,0.0922755125179646,0.383278553094709,1,8,1.02594675344704,0,1,10,0,-7231.2660386657,-6831.67359823021,-399.592440435486
2556,1.89339098377736,1.65225691409703,0,0,0.025,0.224870851622932,0,0.0922755125179646,0.383278553094709,1,8,1.02594675344704,0,1,10,0,-7230.48926754339,-6830.8968271079,-399.592440435486
2561,1.89339098377736,1.65225691409703,0,0,0.025,0.214183314244706,0,0.0922755125179646,0.383278553094709,1,8,1.02594675344704,0,1,10,0,-7230.76412898588,-6831.17168855039,-399.592440435486
2566,1.89339098377736,1.65225691409703,0,0,0.025,0.214183314244706,0,0.0922755125179646,0.382519542638369,1,8,1.02594675344704,0,1,10,0,-7230.76992755957,-6831.17748712408,-399.592440435486
2571,1.89339098377736,1.65225691409703,0,0,0.025,0.234674048502513,0,0.0922755125179646,0.382519542638369,1,8,1.02594675344704,0,1,10,0,-7230.81760104853,-6830.06897847255,-400.748622575976
2576,1.89339098377736,1.65225691409703,0,0,0.025,0.234674048502513,0,0.0922755125179646,0.356690695030682,1,8,1.02594675344704,0,1,10,0,-7230.42938475554,-6829.68076217956,-400.748622575976
2581,1.89339098377736,1.7821977155297,0,0,0.025,0.237105239766271,0,0.0922755125179646,0.356690695030682,1,8,1.02594675344704,0,1,10,0,-7231.21331416182,-6829.57304998925,-401.640264172575
2586,1.89339098377736,1.7821977155297,0,0,0.025,0.237105239766271,0,0.0922755125179646,0.372184651801496,1,8,1.00941354811902,0,1,10,0,-7230.53719738322,-6830.81874580812,-399.718451575099
2591,1.89339098377736,1.7821977155297,0,0,0.025,0.218728700053026,0,0.0922755125179646,0.385700833317414,1,8,1.00941354811902,0,1,10,0,-7228.53143246583,-6829.62391110694,-398.907521358883
2596,1.89339098377736,1.7371100395234,0,0,0.025,0.218728700053026,0,0.0922755125179646,0.385700833317414,1,8,1.00941354811902,0,1,10,0,-7227.98290912287,-6829.23665591158,-398.746253211287
2601,1.89339098377736,1.7371100395234,0,0,0.025,0.230560618379781,0,0.0922755125179646,0.385700833317414,1,8,1.00941354811902,0,1,10,0,-7227.81683942487,-6828.47637898088,-399.340460443992
2606,1.89339098377736,1.71479364089648,0,0,0.025,0.245824875132447,0,0.0922755125179646,0.385700833317414,1,8,1.00941354811902,0,1,10,0,-7228.27956648306,-6828.93910603907,-399.340460443992
2611,1.89339098377736,1.71479364089648,0,0,0.025,0.245824875132447,0,0.0922755125179646,0.404603228252804,1,8,1.00941354811902,0,1,10,0,-7228.42228959632,-6829.08182915233,-399.340460443992
2616,1.89339098377736,1.71479364089648,0,0,0.025,0.245824875132447,0,0.0922755125179646,0.404603228252804,1,8,1.00941354811902,0,1,10,0,-7228.42228959632,-6829.08182915233,-399.340460443992
2621,1.89339098377736,1.71479364089648,0,0,0.025,0.245824875132447,0,0.0922755125179646,0.387307872917865,1,8,1.00941354811902,0,1,10,0,-7228.29609691402,-6828.95563647003,-399.340460443992
2626,1.89339098377736,1.71479364089648,0,0,0.025,0.252715338243506,0,0.0922755125179646,0.387307872917865,1,8,1.00941354811902,0,1,10,0,-7231.0565640717,-6831.22285314877,-399.833710922936
2631,1.89339098377736,1.67994008240335,0,0,0.025,0.252715338243506,0,0.0922755125179646,0.351304624489573,1,8,1.00941354811902,0,1,10,0,-7231.55309884578,-6831.71938792285,-399.833710922936
2636,1.89339098377736,1.67994008240335,0,0,0.025,0.236504123562498,0,0.0922755125179646,0.336595109676527,1,8,1.00941354811902,0,1,10,0,-7232.49092275763,-6832.00921712786,-400.481705629769
2641,1.89339098377736,1.48808086062325,0,0,0.025,0.236504123562498,0,0.0922755125179646,0.336595109676527,1,8,1.00941354811902,0,1,10,0,-7232.67485916994,-6833.42529722146,-399.249561948477
2646,1.89339098377736,1.48808086062325,0,0,0.025,0.236010290965235,0,0.0922755125179646,0.336595109676527,1,8,1.00941354811902,0,1,10,0,-7233.48115736497,-6834.38417500409,-399.096982360882
2651,1.89339098377736,1.61329113904542,0,0,0.025,0.224431372529443,0,0.0922755125179646,0.336595109676527,1,8,1.00941354811902,0,1,10,0,-7232.77812258993,-6835.00018236316,-397.777940226771
2656,1.89339098377736,1.61329113904542,0,0,0.025,0.224431372529443,0,0.0922755125179646,0.336595109676527,1,8,1.00941354811902,0,1,10,0,-7233.24050468224,-6834.78961998223,-398.450884700013
2661,1.89339098377736,1.61329113904542,0,0,0.025,0.20302309500145,0,0.0922755125179646,0.336595109676527,1,8,1.00941354811902,0,1,10,0,-7237.53191916915,-6839.40645686957,-398.125462299579
2666,1.89339098377736,1.61329113904542,0,0,0.025,0.20302309500145,0,0.0922755125179646,0.367618388613866,1,8,1.00941354811902,0,1,10,0,-7233.04411764149,-6835.58054997896,-397.463567662523
2671,1.89339098377736,1.54985297281138,0,0,0.025,0.199415304651508,0,0.0947598530498982,0.367618388613866,1,8,1.00941354811902,0,1,10,0,-7228.84279208136,-6833.26541533319,-395.577376748169
2676,1.89339098377736,1.50587882863744,0,0,0.025,0.199415304651508,0,0.0947598530498982,0.367625311493972,1,8,1.00941354811902,0,1,10,0,-7228.65566533673,-6831.17320043403,-397.482464902704
2681,1.89339098377736,1.50587882863744,0,0,0.025,0.199415304651508,0,0.0947598530498982,0.365313094450336,1,8,1.00941354811902,0,1,10,0,-7228.4754525541,-6829.81886781022,-398.65658474388
2686,1.89339098377736,1.50587882863744,0,0,0.025,0.199415304651508,0,0.0947598530498982,0.365313094450336,1,8,1.03600073590124,0,1,10,0,-7223.67927103221,-6825.65867505505,-398.02059597716
2691,1.89339098377736,1.50587882863744,0,0,0.025,0.214422382692062,0,0.0947598530498982,0.365313094450336,1,8,1.03600073590124,0,1,10,0,-7223.79934849533,-6825.42362916492,-398.375719330408
2696,1.89339098377736,1.50587882863744,0,0,0.025,0.214422382692062,0,0.0947598530498982,0.365313094450336,1,8,1.03600073590124,0,1,10,0,-7223.17330373474,-6824.3862195741,-398.787084160643
2701,1.89339098377736,1.50587882863744,0,0,0.025,0.214422382692062,0,0.0947598530498982,0.365313094450336,1,8,1.03600073590124,0,1,10,0,-7227.96050534528,-6826.37208304911,-401.588422296169
2706,1.89339098377736,1.50587882863744,0,0,0.025,0.212303060717178,0,0.0947598530498982,0.365313094450336,1,8,1.03600073590124,0,1,10,0,-7227.98262522812,-6826.39420293195,-401.588422296169
2711,1.89339098377736,1.50587882863744,0,0,0.025,0.212303060717178,0,0.0947598530498982,0.352327450045583,1,8,1.03600073590124,0,1,10,0,-7227.67410786614,-6826.88201698676,-400.792090879374
2716,1.89339098377736,1.53754741089232,0,0,0.025,0.235074161165255,0,0.0947598530498982,0.352327450045583,1,8,1.03600073590124,0,1,10,0,-7227.53117199091,-6826.73908111153,-400.792090879374
2721,1.89339098377736,1.62438364000654,0,0,0.025,0.235074161165255,0,0.0947598530498982,0.349575345674985,1,8,1.03600073590124,0,1,10,0,-7225.71877464612,-6826.26168483347,-399.457089812641
2726,1.89339098377736,1.62438364000654,0,0,0.025,0.216992133266803,0,0.0947598530498982,0.364266526800639,1,8,1.03600073590124,0,1,10,0,-7224.98557386156,-6826.19177826633,-398.793795595231
2731,1.89339098377736,1.41452653878698,0,0,0.025,0.216992133266803,0,0.0947598530498982,0.364266526800639,1,8,1.03600073590124,0,1,10,0,-7222.80610651908,-6825.47864799264,-397.327458526438
2736,1.89339098377736,1.41452653878698,0,0,0.025,0.213257290685022,0,0.0947598530498982,0.364266526800639,1,8,1.03600073590124,0,1,10,0,-7222.83030053723,-6825.50284201079,-397.327458526438
2741,1.89339098377736,1.41452653878698,0,0,0.025,0.195354348344947,0,0.0947598530498982,0.364266526800639,1,8,1.03600073590124,0,1,10,0,-7221.60752740512,-6822.92543579946,-398.682091605651
2746,1.89339098377736,1.41452653878698,0,0,0.025,0.195354348344947,0,0.0947598530498982,0.364266526800639,1,8,1.03600073590124,0,1,10,0,-7223.00621047374,-6824.88875904963,-398.117451424111
2751,1.89339098377736,1.32665350304155,0,0,0.025,0.18570343702982,0,0.0947598530498982,0.364266526800639,1,8,1.03600073590124,0,1,10,0,-7225.38934651529,-6827.46193869407,-397.927407821223
2756,1.89339098377736,1.32665350304155,0,0,0.025,0.18570343702982,0,0.0947598530498982,0.400085759719625,1,8,1.03600073590124,0,1,10,0,-7226.33917303106,-6828.41176520984,-397.927407821223
2761,1.89339098377736,1.48154009667854,0,0,0.025,0.18570343702982,0,0.0947598530498982,0.400085759719625,1,8,1.03600073590124,0,1,10,0,-7224.58494038932,-6826.6575325681,-397.927407821223
2766,1.89339098377736,1.54826842538596,0,0,0.025,0.18570343702982,0,0.0947598530498982,0.394324448731353,1,8,1.03600073590124,0,1,10,0,-7224.78591508291,-6827.6488181907,-397.137096892209
2771,1.89339098377736,1.54826842538596,0,0,0.025,0.18570343702982,0,0.0947598530498982,0.355266212733288,1,8,1.03600073590124,0,1,10,0,-7227.69769331269,-6828.92790164588,-398.769791666807
2776,1.89339098377736,1.54826842538596,0,0,0.025,0.18570343702982,0,0.0947598530498982,0.355266212733288,1,8,1.03600073590124,0,1,10,0,-7227.69769331269,-6828.92790164588,-398.769791666807
2781,1.89339098377736,1.54826842538596,0,0,0.025,0.206999827834076,0,0.0947598530498982,0.374669490394278,1,8,1.03600073590124,0,1,10,0,-7225.24704229416,-6825.95845683394,-399.288585460223
2786,1.89339098377736,1.4938818519354,0,0,0.025,0.206999827834076,0,0.0947598530498982,0.374669490394278,1,8,1.03600073590124,0,1,10,0,-7225.89685278225,-6828.37592923968,-397.520923542574
2791,1.89339098377736,1.4938818519354,0,0,0.025,0.206999827834076,0,0.0947598530498982,0.402301300734321,1,8,1.03600073590124,0,1,10,0,-7226.35667448091,-6828.83575093834,-397.520923542574
2796,1.89339098377736,1.46742140642689,0,0,0.025,0.230794199172369,0,0.0947598530498982,0.402301300734321,1,8,1.03600073590124,0,1,10,0,-7227.31684894047,-6828.73813510374,-398.578713836722
2801,1.89339098377736,1.46742140642689,0,0,0.025,0.230794199172369,0,0.0947598530498982,0.42977403899695,1,8,1.03600073590124,0,1,10,0,-7227.25932736365,-6829.56053661463,-397.698790749018
2806,1.89339098377736,1.63567745941641,0,0,0.025,0.230794199172369,0,0.0947598530498982,0.42977403899695,1,8,1.03600073590124,0,1,10,0,-7226.22982233414,-6826.60921898764,-399.620603346495
2811,1.89339098377736,1.70634102995678,0,0,0.025,0.230794199172369,0,0.0947598530498982,0.466810483262139,1,8,1.03600073590124,0,1,10,0,-7227.38149152286,-6827.76088817636,-399.620603346495
2816,1.89339098377736,1.70634102995678,0,0,0.025,0.234569720712776,0,0.0947598530498982,0.466810483262139,1,8,1.03600073590124,0,1,10,0,-7228.34976560812,-6829.45216240534,-398.897603202785
2821,1.89339098377736,1.83793717381181,0,0,0.025,0.234569720712776,0,0.0947598530498982,0.466810483262139,1,8,1.03600073590124,0,1,10,0,-7227.82326446436,-6828.92566126157,-398.897603202785
2826,1.89339098377736,1.83793717381181,0,0,0.025,0.241364400689862,0,0.0947598530498982,0.432235936756425,1,8,1.03600073590124,0,1,10,0,-7223.50388110344,-6826.39618380124,-397.107697302206
2831,1.89339098377736,1.82355530807364,0,0,0.025,0.247396967615921,0,0.0947598530498982,0.432235936756425,1,8,1.03600073590124,0,1,10,0,-7222.74376156717,-6825.26255075667,-397.481210810508
2836,1.89339098377736,1.82355530807364,0,0,0.025,0.247396967615921,0,0.0947598530498982,0.432235936756425,1,8,1.03600073590124,0,1,10,0,-7223.31252682046,-6824.92221358661,-398.390313233851
2841,1.89339098377736,1.73791221039232,0,0,0.025,0.251027567296644,0,0.0947598530498982,0.432235936756425,1,8,1.03600073590124,0,1,10,0,-7225.73918625403,-6825.09507809135,-400.644108162676
2846,1.9453879233005,1.73791221039232,0,0,0.025,0.251027567296644,0,0.0947598530498982,0.407311468947939,1,8,1.03600073590124,0,1,10,0,-7220.38805494278,-6821.99774170893,-398.390313233851
2851,1.9453879233005,1.56583754636208,0,0,0.025,0.230817420651227,0,0.0947598530498982,0.407311468947939,1,8,1.03600073590124,0,1,10,0,-7218.81778480461,-6821.69313794409,-397.12464686052
2856,1.89995890161636,1.56583754636208,0,0,0.025,0.230817420651227,0,0.0947598530498982,0.385532169406827,1,8,1.03600073590124,0,1,10,0,-7218.80288037845,-6821.67823351793,-397.12464686052
2861,1.89995890161636,1.56583754636208,0,0,0.025,0.230817420651227,0,0.0947598530498982,0.385532169406827,1,8,1.03600073590124,0,1,10,0,-7218.32615357816,-6822.25929701178,-396.066856566372
2866,1.89995890161636,1.56583754636208,0,0,0.025,0.230817420651227,0,0.0947598530498982,0.385532169406827,1,8,1.03600073590124,0,1,10,0,-7221.45028156949,-6825.02675005918,-396.423531510311
2871,1.89995890161636,1.56583754636208,0,0,0.025,0.236999966472354,0,0.0947598530498982,0.377742344627003,1,8,1.03600073590124,0,1,10,0,-7221.3868126305,-6824.96328112019,-396.423531510311
2876,1.89995890161636,1.77934288111116,0,0,0.025,0.235594203683234,0,0.0947598530498982,0.377742344627003,1,8,1.03600073590124,0,1,10,0,-7222.15678288777,-6826.10676488576,-396.050018002009
2881,1.89995890161636,1.77934288111116,0,0,0.025,0.235594203683234,0,0.0947598530498982,0.399492529663905,1,8,1.03600073590124,0,1,10,0,-7221.93263584991,-6827.0277501522,-394.904885697706
2886,1.89995890161636,1.77934288111116,0,0,0.025,0.2561465093056,0,0.0947598530498982,0.399492529663905,1,8,1.03600073590124,0,1,10,0,-7222.19589758717,-6827.29101188947,-394.904885697706
2891,1.89995890161636,1.77934288111116,0,0,0.025,0.2561465093056,0,0.0947598530498982,0.409653260136946,1,8,1.03600073590124,0,1,10,0,-7222.33233527447,-6827.42744957677,-394.904885697706
2896,1.89995890161636,1.77454621035502,0,0,0.025,0.2561465093056,0,0.0947598530498982,0.409653260136946,1,8,1.03600073590124,0,1,10,0,-7222.08084094063,-6826.2225103152,-395.858330625432
2901,1.89995890161636,1.97417112510627,0,0,0.025,0.2561465093056,0,0.0947598530498982,0.414332073194741,1,8,1.03600073590124,0,1,10,0,-7222.91946989315,-6827.06113926771,-395.858330625432
2906,1.89995890161636,1.97417112510627,0,0,0.025,0.257008253596063,0,0.0947598530498982,0.451891277642948,1,8,1.03600073590124,0,1,10,0,-7223.32017396952,-6829.63745607831,-393.682717891211
2911,1.89995890161636,1.81088471890335,0,0,0.025,0.257008253596063,0,0.0947598530498982,0.451891277642948,1,8,1.03600073590124,0,1,10,0,-7227.73767775308,-6832.64397288816,-395.093704864922
2916,1.89995890161636,1.81088471890335,0,0,0.025,0.269991703623498,0,0.0947598530498982,0.437316691723137,1,8,1.03600073590124,0,1,10,0,-7224.66108542022,-6829.92550793231,-394.735577487903
2921,1.89995890161636,1.82254426727723,0,0,0.025,0.269991703623498,0,0.0947598530498982,0.437316691723137,1,8,1.03600073590124,0,1,10,0,-7221.04249521389,-6828.22873032347,-392.813764890426
2926,1.89995890161636,1.82254426727723,0,0,0.025,0.269991703623498,0,0.0947598530498982,0.418792629520361,1,8,1.03600073590124,0,1,10,0,-7220.47437143723,-6827.6606065468,-392.813764890426
2931,1.93126108380904,1.59414349683161,0,0,0.025,0.254880192472772,0,0.0947598530498982,0.418792629520361,1,8,1.03600073590124,0,1,10,0,-7219.63364813993,-6826.8198832495,-392.813764890426
2936,1.93126108380904,1.59414349683161,0,0,0.025,0.254880192472772,0,0.0947598530498982,0.451972032640297,1,8,1.03600073590124,0,1,10,0,-7220.8367765537,-6828.02301166327,-392.813764890426
2941,1.93126108380904,1.59414349683161,0,0,0.025,0.237448326761987,0,0.0947598530498982,0.451972032640297,1,8,1.03600073590124,0,1,10,0,-7218.14336194615,-6825.63597126119,-392.507390684962
2946,1.93126108380904,1.59414349683161,0,0,0.025,0.237448326761987,0,0.0947598530498982,0.451972032640297,1,8,1.03600073590124,0,1,10,0,-7218.14336194615,-6825.63597126119,-392.507390684962
2951,1.93126108380904,1.59414349683161,0,0,0.025,0.237448326761987,0,0.0947598530498982,0.470775093640975,1,8,1.03600073590124,0,1,10,0,-7224.64596283459,-6828.37093286166,-396.275029972937
2956,1.93126108380904,1.6855944778377,0,0,0.025,0.237448326761987,0,0.0947598530498982,0.470775093640975,1,8,1.03600073590124,0,1,10,0,-7220.19872685863,-6825.77081859057,-394.427908268062
2961,1.93126108380904,1.6855944778377,0,0,0.025,0.237448326761987,0,0.0947598530498982,0.487796214103471,1,8,1.03600073590124,0,1,10,0,-7220.99774987675,-6826.56984160869,-394.427908268062
2966,1.93126108380904,1.72672000679246,0,0,0.025,0.238443664234067,0,0.0947598530498982,0.487796214103471,1,8,1.03600073590124,0,1,10,0,-7225.05359260787,-6828.23826036688,-396.815332240993
2971,1.93126108380904,1.72672000679246,0,0,0.025,0.238443664234067,0,0.0947598530498982,0.480591523239601,1,8,1.03600073590124,0,1,10,0,-7222.17112921,-6827.85683300073,-394.314296209276
2976,1.93126108380904,1.77184061455328,0,0,0.025,0.223611929918757,0,0.0947598530498982,0.480591523239601,1,8,1.03600073590124,0,1,10,0,-7222.73833047026,-6828.42403426099,-394.314296209276
2981,1.93126108380904,1.77184061455328,0,0,0.025,0.223611929918757,0,0.0947598530498982,0.488819249005741,1,8,1.03600073590124,0,1,10,0,-7227.89906679936,-6835.50658318756,-392.392483611799
2986,1.93126108380904,1.77184061455328,0,0,0.025,0.233537502299699,0,0.0947598530498982,0.488819249005741,1,8,1.03600073590124,0,1,10,0,-7222.71034602451,-6831.3404887944,-391.369857230109
2991,1.93126108380904,1.66456010230954,0,0,0.025,0.233537502299699,0,0.0947598530498982,0.460983264179518,1,8,1.03600073590124,0,1,10,0,-7225.42302660213,-6832.31020006696,-393.112826535168
2996,1.93126108380904,1.66456010230954,0,0,0.025,0.237375641609765,0,0.0947598530498982,0.437279988739237,1,8,1.03600073590124,0,1,10,0,-7223.14932684271,-6831.7794696126,-391.369857230109
3001,1.93126108380904,1.89501924865999,0,0,0.025,0.237375641609765,0,0.0947598530498982,0.437279988739237,1,8,1.03600073590124,0,1,10,0,-7217.98135850617,-6825.40752847173,-392.573830034435
3006,1.93126108380904,1.89501924865999,0,0,0.025,0.257743632809903,0,0.0947598530498982,0.409081220065413,1,8,1.03600073590124,0,1,10,0,-7217.82607695748,-6825.25224692305,-392.573830034435
3011,1.91857678120942,1.85087088078566,0,0,0.025,0.280061104668828,0,0.0947598530498982,0.409081220065413,1,8,1.03600073590124,0,1,10,0,-7214.5208517287,-6823.86883429175,-390.652017436959
3016,1.91857678120942,1.85087088078566,0,0,0.025,0.280061104668828,0,0.0947598530498982,0.427848346163859,1,8,1.03600073590124,0,1,10,0,-7214.58042521818,-6823.92840778122,-390.652017436959
3021,1.91857678120942,1.85087088078566,0,0,0.025,0.280061104668828,0,0.0947598530498982,0.427848346163859,1,8,1.03600073590124,0,1,10,0,-7214.58042521818,-6823.92840778122,-390.652017436959
3026,1.91857678120942,1.85087088078566,0,0,0.025,0.280061104668828,0,0.0947598530498982,0.402188434506422,1,8,1.03600073590124,0,1,10,0,-7214.55675997319,-6823.90474253623,-390.652017436959
3031,1.91857678120942,1.85012838359016,0,0,0.025,0.280061104668828,0,0.0947598530498982,0.402188434506422,1,8,1.03600073590124,0,1,10,0,-7211.78220571245,-6822.76288305009,-389.01932266236
3036,1.91857678120942,1.72738831857854,0,0,0.025,0.280061104668828,0,0.0947598530498982,0.379575163597434,1,8,1.03600073590124,0,1,10,0,-7212.55132791669,-6824.19389989139,-388.357428025305
3041,1.91857678120942,1.72738831857854,0,0,0.025,0.257471054842689,0,0.0947598530498982,0.373953956350441,1,8,1.03600073590124,0,1,10,0,-7211.64848471547,-6823.29105669017,-388.357428025305
3046,1.91857678120942,1.72738831857854,0,0,0.025,0.257471054842689,0,0.0947598530498982,0.373953956350441,1,8,1.03600073590124,0,1,10,0,-7211.64848471547,-6823.29105669017,-388.357428025305
3051,1.91857678120942,1.72738831857854,0,0,0.025,0.244303333058342,0,0.0947598530498982,0.373953956350441,1,8,1.03600073590124,0,1,10,0,-7211.73912234442,-6822.49229248745,-389.246829856962
3056,1.91857678120942,1.55655405619066,0,0,0.025,0.245491639790315,0,0.0947598530498982,0.373953956350441,1,8,1.03600073590124,0,1,10,0,-7212.18188023174,-6822.93505037478,-389.246829856962
3061,1.91857678120942,1.55655405619066,0,0,0.025,0.245491639790315,0,0.0947598530498982,0.342762566290795,1,8,1.03600073590124,0,1,10,0,-7211.66546617508,-6822.89642208781,-388.769044087275
3066,1.91857678120942,1.55655405619066,0,0,0.025,0.245491639790315,0,0.0947598530498982,0.342762566290795,1,8,1.03600073590124,0,1,10,0,-7212.2004327782,-6824.35960799366,-387.840824784535
3071,1.91857678120942,1.55655405619066,0,0,0.025,0.245491639790315,0,0.0947598530498982,0.342762566290795,1,8,1.03600073590124,0,1,10,0,-7207.97835250763,-6822.82310506835,-385.155247439285
3076,1.91857678120942,1.54398925422619,0,0,0.025,0.231548053521568,0,0.0947598530498982,0.342762566290795,1,8,1.03600073590124,0,1,10,0,-7212.19166253194,-6830.14993040186,-382.041732130075
3081,1.91857678120942,1.69118330456132,0,0,0.025,0.231548053521568,0,0.0947598530498982,0.338551364872443,1,8,1.03600073590124,0,1,10,0,-7217.27877936201,-6833.23462487262,-384.044154489393
3086,1.91857678120942,1.69118330456132,0,0,0.025,0.244466930654024,0,0.0947598530498982,0.338551364872443,1,8,1.03600073590124,0,1,10,0,-7211.53760151491,-6827.21938672129,-384.318214793624
3091,1.91857678120942,1.53757270110375,0,0,0.025,0.244466930654024,0,0.0947598530498982,0.338551364872443,1,8,1.03600073590124,0,1,10,0,-7216.25589757007,-6829.20765366862,-387.048243901445
3096,1.91857678120942,1.53757270110375,0,0,0.025,0.259517505365808,0,0.0947598530498982,0.320286171453023,1,8,1.03600073590124,0,1,10,0,-7219.04028332864,-6830.65703836046,-388.383244968177
3101,1.91857678120942,1.63255312840926,0,0,0.025,0.237142326996616,0,0.0947598530498982,0.320286171453023,1,8,1.03600073590124,0,1,10,0,-7219.78141405051,-6831.39816908233,-388.383244968177
3106,1.91857678120942,1.63255312840926,0,0,0.025,0.237142326996616,0,0.0947598530498982,0.320286171453023,1,8,1.03600073590124,0,1,10,0,-7221.07944269335,-6831.65564923745,-389.423793455891
3111,1.91857678120942,1.63255312840926,0,0,0.025,0.232853244111239,0,0.0965047084722628,0.320286171453023,1,8,1.03600073590124,0,1,10,0,-7220.04152170339,-6830.23424204611,-389.80727965728
3116,1.91857678120942,1.63255312840926,0,0,0.025,0.232853244111239,0,0.0965047084722628,0.320286171453023,1,8,1.03600073590124,0,1,10,0,-7218.71215301044,-6828.22342221236,-390.488730798077
3121,1.91857678120942,1.52325420249018,0,0,0.025,0.232853244111239,0,0.0965047084722628,0.320286171453023,1,8,1.03600073590124,0,1,10,0,-7217.64501679416,-6828.1792387219,-389.465778072254
3126,1.91857678120942,1.52325420249018,0,0,0.025,0.232853244111239,0,0.0965047084722628,0.329101140671527,1,8,1.03600073590124,0,1,10,0,-7214.45228709212,-6827.0029612274,-387.449325864725
3131,1.91857678120942,1.52325420249018,0,0,0.025,0.236818115827595,0,0.0965047084722628,0.329101140671527,1,8,1.03600073590124,0,1,10,0,-7214.33163906029,-6826.88231319556,-387.449325864725
3136,1.91857678120942,1.752463740903,0,0,0.025,0.236818115827595,0,0.0965047084722628,0.329101140671527,1,8,1.03600073590124,0,1,10,0,-7212.70863502556,-6828.37282447005,-384.335810555514
3141,1.91857678120942,1.752463740903,0,0,0.025,0.236818115827595,0,0.0965047084722628,0.33824022619467,1,8,1.03600073590124,0,1,10,0,-7210.35245464024,-6827.99498950953,-382.357465130706
3146,1.91857678120942,1.752463740903,0,0,0.025,0.239997556668644,0,0.0965047084722628,0.33824022619467,1,8,1.03600073590124,0,1,10,0,-7212.31826179592,-6828.9202481775,-383.398013618419
3151,1.91857678120942,1.752463740903,0,0,0.025,0.239997556668644,0,0.0965047084722628,0.33824022619467,1,8,1.03600073590124,0,1,10,0,-7212.31826179592,-6828.9202481775,-383.398013618419
3156,1.91857678120942,1.70989809456168,0,0,0.025,0.239997556668644,0,0.0965047084722628,0.33824022619467,1,8,1.03600073590124,0,1,10,0,-7211.92576498776,-6828.52775136934,-383.398013618419
3161,1.91857678120942,1.70989809456168,0,0,0.025,0.239997556668644,0,0.0965047084722628,0.344170832023017,1,8,1.03600073590124,0,1,10,0,-7207.29378622249,-6824.45678225977,-382.83700396272
3166,1.91857678120942,1.70989809456168,0,0,0.025,0.239997556668644,0,0.0965047084722628,0.344170832023017,1,8,1.03600073590124,0,1,10,0,-7207.29378622249,-6824.45678225977,-382.83700396272
3171,1.91857678120942,1.59970688199854,0,0,0.025,0.239997556668644,0,0.0965047084722628,0.344170832023017,1,8,1.03600073590124,0,1,10,0,-7207.71775683402,-6824.8807528713,-382.83700396272
3176,1.91857678120942,1.59970688199854,0,0,0.025,0.239997556668644,0,0.0965047084722628,0.363510902101168,1,8,1.03600073590124,0,1,10,0,-7207.40229879308,-6821.61000352637,-385.792295266716
3181,1.91503777156901,1.72287598971011,0,0,0.025,0.239997556668644,0,0.0965047084722628,0.363510902101168,1,8,1.03600073590124,0,1,10,0,-7203.50093444134,-6821.38746829289,-382.113466148455
3186,1.91503777156901,1.72287598971011,0,0,0.025,0.221414054061395,0,0.0965047084722628,0.330984688990947,1,8,1.03600073590124,0,1,10,0,-7204.86104465677,-6822.74757850832,-382.113466148455
3191,1.91503777156901,1.72287598971011,0,0,0.025,0.220993133926727,0,0.0965047084722628,0.330984688990947,1,8,1.03600073590124,0,1,10,0,-7205.92901803971,-6822.46497561274,-383.464042426973
3196,1.91503777156901,1.72287598971011,0,0,0.025,0.220993133926727,0,0.0965047084722628,0.321714449085786,1,8,1.03600073590124,0,1,10,0,-7204.58809633832,-6824.03135536126,-380.556740977063
3201,1.91503777156901,1.51264338626685,0,0,0.025,0.233626615989337,0,0.0965047084722628,0.321714449085786,1,8,1.03600073590124,0,1,10,0,-7204.5590478236,-6824.00230684653,-380.556740977063
3206,1.91503777156901,1.51264338626685,0,0,0.025,0.233626615989337,0,0.0965047084722628,0.355164169357169,1,8,1.03600073590124,0,1,10,0,-7202.24825378699,-6820.92604496779,-381.322208819202
3211,1.91503777156901,1.51264338626685,0,0,0.025,0.213783075025193,0,0.0965047084722628,0.355164169357169,1,8,1.03600073590124,0,1,10,0,-7202.00361575536,-6820.68140693616,-381.322208819202
3216,1.91503777156901,1.63832403845745,0,0,0.025,0.213783075025193,0,0.0965047084722628,0.355164169357169,1,8,1.03600073590124,0,1,10,0,-7200.98606335703,-6819.66385453783,-381.322208819202
3221,1.91503777156901,1.63832403845745,0,0,0.025,0.223445193005785,0,0.0965047084722628,0.355164169357169,1,8,1.03600073590124,0,1,10,0,-7203.65981750523,-6821.00260761929,-382.657209885935
3226,1.91503777156901,1.73074741765903,0,0,0.025,0.223445193005785,0,0.0965047084722628,0.355164169357169,1,8,1.02386508671728,0,1,10,0,-7203.966734506,-6821.30952462007,-382.657209885935
3231,1.91503777156901,1.73074741765903,0,0,0.025,0.223445193005785,0,0.0965047084722628,0.368054972928208,1,8,1.02386508671728,0,1,10,0,-7206.21797235829,-6822.77045154334,-383.447520814948
3236,1.91503777156901,1.60894786573838,0,0,0.025,0.228547034439117,0,0.0965047084722628,0.368054972928208,1,8,1.02386508671728,0,1,10,0,-7208.32236869504,-6824.3487547842,-383.973613910845
3241,1.91503777156901,1.60894786573838,0,0,0.025,0.228547034439117,0,0.0965047084722628,0.340877839574722,1,8,1.02386508671728,0,1,10,0,-7204.94935497608,-6821.30692336073,-383.642431615349
3246,1.91503777156901,1.60894786573838,0,0,0.025,0.249602223076974,0,0.0965047084722628,0.340877839574722,1,8,1.02386508671728,0,1,10,0,-7205.88432606419,-6822.24189444885,-383.642431615349
3251,1.91503777156901,1.60894786573838,0,0,0.025,0.249602223076974,0,0.0965047084722628,0.340877839574722,1,8,1.02386508671728,0,1,10,0,-7204.69457708172,-6820.87930265353,-383.815274428188
3256,1.91503777156901,1.79517423916971,0,0,0.025,0.231945181085419,0,0.0965047084722628,0.340877839574722,1,8,1.02386508671728,0,1,10,0,-7202.46770868177,-6818.65243425358,-383.815274428188
3261,1.91503777156901,1.61775140421456,0,0,0.025,0.231945181085419,0,0.0965047084722628,0.343811429734313,1,8,1.02386508671728,0,1,10,0,-7203.4826061052,-6819.66733167701,-383.815274428188
3266,1.91503777156901,1.61775140421456,0,0,0.025,0.239063954695099,0,0.0965047084722628,0.341556749678062,1,8,1.02386508671728,0,1,10,0,-7206.37401535551,-6822.11755773662,-384.256457618899
3271,1.91503777156901,1.61775140421456,0,0,0.025,0.239063954695099,0,0.0965047084722628,0.341556749678062,1,8,1.02386508671728,0,1,10,0,-7206.37401535551,-6822.11755773662,-384.256457618899
3276,1.91503777156901,1.61775140421456,0,0,0.025,0.235279558100541,0,0.0954896458130059,0.359649573408273,1,8,1.02386508671728,0,1,10,0,-7206.066222931,-6821.8097653121,-384.256457618899
3281,1.91503777156901,1.67077850583272,0,0,0.025,0.22441944434987,0,0.0954896458130059,0.359649573408273,1,8,1.02386508671728,0,1,10,0,-7204.30854719204,-6819.69164814641,-384.616899045633
3286,1.91503777156901,1.67077850583272,0,0,0.025,0.22441944434987,0,0.0954896458130059,0.390639250890067,1,8,1.02386508671728,0,1,10,0,-7205.16732571985,-6820.55042667422,-384.616899045633
3291,1.91503777156901,1.73337123827207,0,0,0.025,0.211780754444435,0,0.0954896458130059,0.390639250890067,1,8,1.02386508671728,0,1,10,0,-7203.46496784975,-6821.07833323553,-382.386634614219
3296,1.91503777156901,1.73337123827207,0,0,0.025,0.211780754444435,0,0.0954896458130059,0.395164623966075,1,8,1.00666254274947,0,1,10,0,-7209.88023330855,-6824.80802134909,-385.072211959469
3301,1.91503777156901,1.8155834526768,0,0,0.025,0.211780754444435,0,0.0954896458130059,0.395164623966075,1,8,1.00666254274947,0,1,10,0,-7209.92659210167,-6824.8543801422,-385.072211959469
3306,1.91503777156901,1.8155834526768,0,0,0.025,0.211780754444435,0,0.0954896458130059,0.365261602580153,1,8,1.00666254274947,0,1,10,0,-7209.92186957045,-6824.84965761098,-385.072211959469
3311,1.91503777156901,1.8155834526768,0,0,0.025,0.217329740245579,0,0.0954896458130059,0.351616764641553,1,8,1.00666254274947,0,1,10,0,-7210.51472646568,-6825.36664227857,-385.148084187116
3316,1.91503777156901,1.59089609775179,0,0,0.025,0.217329740245579,0,0.0954896458130059,0.351616764641553,1,8,1.00666254274947,0,1,10,0,-7209.64141470127,-6825.2587983563,-384.382616344976
3321,1.91503777156901,1.59089609775179,0,0,0.025,0.217329740245579,0,0.0954896458130059,0.35265025744818,1,8,1.00666254274947,0,1,10,0,-7211.89423790803,-6829.44521122772,-382.449026680309
3326,1.91503777156901,1.48410437233126,0,0,0.025,0.217329740245579,0,0.0954896458130059,0.35265025744818,1,8,1.00666254274947,0,1,10,0,-7213.8442691193,-6831.70161664446,-382.142652474845
3331,1.91503777156901,1.48410437233126,0,0,0.025,0.217329740245579,0,0.0954896458130059,0.318015239738024,1,8,1.00666254274947,0,1,10,0,-7213.54269716218,-6830.25491238303,-383.287784779148
3336,1.91503777156901,1.48410437233126,0,0,0.025,0.227308549953523,0,0.0954896458130059,0.318015239738024,1,8,1.00666254274947,0,1,10,0,-7219.9321224885,-6834.26943195478,-385.662690533722
3341,1.91503777156901,1.48410437233126,0,0,0.025,0.227308549953523,0,0.0954896458130059,0.339388374651791,1,8,1.00666254274947,0,1,10,0,-7219.1320278839,-6833.46933735017,-385.662690533722
3346,1.91503777156901,1.48410437233126,0,0,0.025,0.233083458752111,0,0.0954896458130059,0.339388374651791,1,8,1.00666254274947,0,1,10,0,-7218.70514484206,-6837.17100931327,-381.53413552879
3351,1.937673998225,1.58813831801018,0,0,0.025,0.233083458752111,0,0.0954896458130059,0.344692777670488,1,8,1.00666254274947,0,1,10,0,-7218.67074020544,-6837.13660467665,-381.53413552879
3356,1.937673998225,1.58813831801018,0,0,0.025,0.237453694715898,0,0.0954896458130059,0.348708974097707,1,8,1.00666254274947,0,1,10,0,-7218.71685581441,-6837.18272028562,-381.53413552879
3361,1.937673998225,1.75055459340148,0,0,0.025,0.237453694715898,0,0.0954896458130059,0.348708974097707,1,8,1.00666254274947,0,1,10,0,-7218.082785604,-6836.54865007522,-381.53413552879
3366,1.937673998225,1.75055459340148,0,0,0.025,0.245984798388919,0,0.0954896458130059,0.348708974097707,1,8,1.00666254274947,0,1,10,0,-7218.12628501046,-6836.59214948167,-381.53413552879
3371,1.937673998225,1.66371644461651,0,0,0.025,0.224830780256924,0,0.0954896458130059,0.348708974097707,1,8,1.00666254274947,0,1,10,0,-7214.40331367272,-6833.699526446,-380.703787226716
3376,1.937673998225,1.66371644461651,0,0,0.025,0.224830780256924,0,0.0954896458130059,0.372972190960762,1,8,1.00666254274947,0,1,10,0,-7214.31095661909,-6832.56726470453,-381.743691914557
3381,1.937673998225,1.67456123133292,0,0,0.025,0.224830780256924,0,0.0954896458130059,0.372972190960762,1,8,1.00666254274947,0,1,10,0,-7212.93494146801,-6830.02117830081,-382.913763167208
3386,1.937673998225,1.67456123133292,0,0,0.025,0.224830780256924,0,0.0954896458130059,0.36456781281858,1,8,1.00666254274947,0,1,10,0,-7210.77507324074,-6831.01994581802,-379.755127422717
3391,1.937673998225,1.65180009930902,0,0,0.025,0.237653298222658,0,0.0954896458130059,0.36456781281858,1,8,1.00666254274947,0,1,10,0,-7212.57953219766,-6833.00631825174,-379.573213945912
3396,1.937673998225,1.65180009930902,0,0,0.025,0.237653298222658,0,0.0954896458130059,0.385538640047459,1,8,1.01545502989319,0,1,10,0,-7211.52066759754,-6831.94745365163,-379.573213945912
3401,1.937673998225,1.65180009930902,0,0,0.025,0.248231175711966,0,0.0954896458130059,0.389210569294514,1,8,1.01545502989319,0,1,10,0,-7211.9002584425,-6832.32704449659,-379.573213945912
3406,1.937673998225,1.78744694019399,0,0,0.025,0.248231175711966,0,0.0954896458130059,0.389210569294514,1,8,1.01545502989319,0,1,10,0,-7207.78484962012,-6829.54663674094,-378.23821287918
3411,1.937673998225,1.78744694019399,0,0,0.025,0.244187496648296,0,0.0954896458130059,0.428615009616097,1,8,1.01545502989319,0,1,10,0,-7208.25974448056,-6830.02153160138,-378.23821287918
3416,1.937673998225,1.93929896588559,0,0,0.025,0.222690047818325,0,0.0954896458130059,0.428615009616097,1,8,1.01545502989319,0,1,10,0,-7209.2916733615,-6831.05346048232,-378.23821287918
3421,1.937673998225,1.93929896588559,0,0,0.025,0.222690047818325,0,0.0954896458130059,0.403562979288181,1,8,1.01545502989319,0,1,10,0,-7209.69136652289,-6831.45315364371,-378.23821287918
3426,1.937673998225,1.7503478983658,0,0,0.025,0.24634712493739,0,0.0954896458130059,0.403562979288181,1,8,1.01545502989319,0,1,10,0,-7207.87425077618,-6829.636037897,-378.23821287918
3431,1.937673998225,1.7503478983658,0,0,0.025,0.24634712493739,0,0.0954896458130059,0.427510008896011,1,8,1.01545502989319,0,1,10,0,-7213.72739962919,-6834.15418568328,-379.573213945912
3436,1.937673998225,1.74500233733426,0,0,0.025,0.236901671218222,0,0.0954896458130059,0.427510008896011,1,8,1.01545502989319,0,1,10,0,-7211.67311680386,-6830.34625360759,-381.326863196271
3441,1.937673998225,1.7226713920366,0,0,0.025,0.236901671218222,0,0.0954896458130059,0.427510008896011,1,8,1.01545502989319,0,1,10,0,-7211.78443427527,-6830.457571079,-381.326863196271
3446,1.937673998225,1.7226713920366,0,0,0.025,0.236901671218222,0,0.0954896458130059,0.40293502399073,1,8,1.01545502989319,0,1,10,0,-7211.24965843135,-6829.92279523508,-381.326863196271
3451,1.937673998225,1.7226713920366,0,0,0.025,0.236901671218222,0,0.0954896458130059,0.40293502399073,1,8,1.01545502989319,0,1,10,0,-7209.34014303071,-6826.03919880842,-383.300944222293
3456,1.937673998225,1.7226713920366,0,0,0.025,0.255201138209684,0,0.0954896458130059,0.368989391209045,1,8,1.03695365782736,0,1,10,0,-7208.28888732124,-6824.98794309894,-383.300944222293
3461,1.937673998225,1.84198763221762,0,0,0.025,0.239372787800025,0,0.0954896458130059,0.368989391209045,1,8,1.03695365782736,0,1,10,0,-7207.83054954894,-6824.00391747559,-383.826632073347
3466,1.937673998225,1.84198763221762,0,0,0.025,0.239372787800025,0,0.0954896458130059,0.397388903668097,1,8,1.03695365782736,0,1,10,0,-7209.70548209956,-6823.50727206173,-386.198210037828
3471,1.937673998225,1.81022870519665,0,0,0.025,0.240964988520203,0,0.0954896458130059,0.397388903668097,1,8,1.03695365782736,0,1,10,0,-7207.39392831091,-6822.35760138781,-385.0363269231
3476,1.937673998225,1.81022870519665,0,0,0.025,0.240964988520203,0,0.0954896458130059,0.366635294842078,1,8,1.03695365782736,0,1,10,0,-7211.73790332035,-6827.61786712913,-384.120036191226
3481,1.937673998225,1.73309276797708,0,0,0.025,0.250417647249567,0,0.0954896458130059,0.366635294842078,1,8,1.03695365782736,0,1,10,0,-7211.55528574518,-6827.43524955395,-384.120036191226
3486,1.937673998225,1.73309276797708,0,0,0.025,0.250417647249567,0,0.0954896458130059,0.358364464902075,1,8,1.03695365782736,0,1,10,0,-7211.58509509465,-6827.46505890342,-384.120036191226
3491,1.937673998225,1.73309276797708,0,0,0.025,0.250417647249567,0,0.0954896458130059,0.371222348930326,1,8,1.03695365782736,0,1,10,0,-7213.22599234964,-6825.64506383358,-387.580928516067
3496,1.9303350311082,1.97289830191935,0,0,0.025,0.250417647249567,0,0.0954896458130059,0.371222348930326,1,8,1.03695365782736,0,1,10,0,-7215.4247142076,-6830.73749182793,-384.687222379677
3501,1.9303350311082,1.97289830191935,0,0,0.025,0.242722312475208,0,0.0954896458130059,0.402113199566708,1,8,1.03695365782736,0,1,10,0,-7215.14918277459,-6830.46196039491,-384.687222379677
3506,1.9303350311082,1.8136420577242,0,0,0.025,0.226343389800522,0,0.0954896458130059,0.402113199566708,1,8,1.03695365782736,0,1,10,0,-7216.91945364969,-6828.20051688549,-388.7189367642
3511,1.9303350311082,1.8136420577242,0,0,0.025,0.226343389800522,0,0.0954896458130059,0.408533243342934,1,8,1.03695365782736,0,1,10,0,-7216.91187699526,-6828.19294023106,-388.7189367642
3516,1.9303350311082,1.88798487051204,0,0,0.025,0.223428625978909,0,0.0954896458130059,0.408533243342934,1,8,1.03695365782736,0,1,10,0,-7216.4641527923,-6828.22754014173,-388.236612650566
3521,1.9303350311082,1.88798487051204,0,0,0.025,0.223428625978909,0,0.0954896458130059,0.415899427704207,1,8,1.04441977785831,0,1,10,0,-7216.89807277302,-6828.66146012245,-388.236612650566
3526,1.9303350311082,1.79241285650554,0,0,0.025,0.223428625978909,0,0.0954896458130059,0.415899427704207,1,8,1.04441977785831,0,1,10,0,-7213.1264902696,-6827.01810932488,-386.108380944717
3531,1.9303350311082,1.67636554531269,0,0,0.025,0.223428625978909,0,0.0954896458130059,0.439431416440118,1,8,1.04441977785831,0,1,10,0,-7214.3042484069,-6828.19586746219,-386.108380944717
3536,1.9303350311082,1.67636554531269,0,0,0.025,0.246086896828114,0,0.0954896458130059,0.439431416440118,1,8,1.04441977785831,0,1,10,0,-7213.04198148149,-6828.56533351148,-384.476647970013
3541,1.9303350311082,1.73494614254365,0,0,0.025,0.246086896828114,0,0.0954896458130059,0.439431416440118,1,8,1.04441977785831,0,1,10,0,-7212.38611624158,-6827.90946827157,-384.476647970013
3546,1.9303350311082,1.73494614254365,0,0,0.025,0.243389241281836,0,0.0954896458130059,0.439431416440118,1,8,1.04441977785831,0,1,10,0,-7210.8114766786,-6826.33482870858,-384.476647970013
3551,1.9303350311082,1.71995042993201,0,0,0.025,0.243389241281836,0,0.0954896458130059,0.439431416440118,1,8,1.04441977785831,0,1,10,0,-7211.55785606478,-6827.08120809477,-384.476647970013
3556,1.9303350311082,1.71995042993201,0,0,0.025,0.243389241281836,0,0.0954896458130059,0.410955831619489,1,8,1.04441977785831,0,1,10,0,-7209.66076645495,-6825.62595123722,-384.034815217734
3561,1.9303350311082,1.71995042993201,0,0,0.025,0.235461918553322,0,0.095084311795197,0.410955831619489,1,8,1.04441977785831,0,1,10,0,-7209.9509890078,-6825.91617379006,-384.034815217734
3566,1.9303350311082,1.71995042993201,0,0,0.025,0.235461918553322,0,0.095084311795197,0.422239290905653,1,8,1.04727483725152,0,1,10,0,-7210.53488727423,-6826.5000720565,-384.034815217734
3571,1.9303350311082,1.75868309219108,0,0,0.025,0.235461918553322,0,0.095084311795197,0.422239290905653,1,8,1.04727483725152,0,1,10,0,-7210.30605097106,-6826.27123575332,-384.034815217734
3576,1.9303350311082,1.83856911398837,0,0,0.025,0.235461918553322,0,0.095084311795197,0.43778391125722,1,8,1.04727483725152,0,1,10,0,-7212.37358135063,-6828.33876613289,-384.034815217734
3581,1.9303350311082,1.83856911398837,0,0,0.025,0.235511438331858,0,0.0968055038785363,0.417204557593208,1,8,1.04727483725152,0,1,10,0,-7211.01389233675,-6829.35398287359,-381.65990946316
3586,1.9303350311082,1.99642333929773,0,0,0.025,0.235511438331858,0,0.0968055038785363,0.417204557593208,1,8,1.04727483725152,0,1,10,0,-7210.86884296089,-6825.50453866833,-385.364304292559
3591,1.9303350311082,1.99642333929773,0,0,0.025,0.233493771586835,0,0.0947500966902999,0.41313194181513,1,8,1.04727483725152,0,1,10,0,-7211.7481007434,-6828.35787747687,-383.390223266537
3596,1.9303350311082,1.94177748796543,0,0,0.025,0.241978595586211,0,0.0947500966902999,0.41313194181513,1,8,1.04727483725152,0,1,10,0,-7208.36871737001,-6825.84174100792,-382.526976362089
3601,1.9303350311082,1.94177748796543,0,0,0.025,0.241978595586211,0,0.0947500966902999,0.420134135338064,1,8,1.04727483725152,0,1,10,0,-7208.48531736852,-6825.95834100643,-382.526976362089
3606,1.9303350311082,2.00205421748864,0,0,0.025,0.241978595586211,0,0.0947500966902999,0.420134135338064,1,8,1.04727483725152,0,1,10,0,-7208.79659629891,-6826.26961993682,-382.526976362089
3611,1.9303350311082,2.00205421748864,0,0,0.025,0.241978595586211,0,0.0947500966902999,0.436140847584446,1,8,1.04727483725152,0,1,10,0,-7212.43717362899,-6827.45897348599,-384.978200143002
3616,1.9303350311082,2.00205421748864,0,0,0.025,0.247756973091922,0,0.0947500966902999,0.436140847584446,1,8,1.04727483725152,0,1,10,0,-7212.35724458278,-6827.37904443978,-384.978200143002
3621,1.9303350311082,1.88268357472046,0,0,0.025,0.247756973091922,0,0.0947500966902999,0.419479443061801,1,8,1.04727483725152,0,1,10,0,-7211.75300400415,-6826.77480386114,-384.978200143002
3626,1.9303350311082,1.88268357472046,0,0,0.025,0.259352358775545,0,0.0947500966902999,0.417627923136623,1,8,1.04727483725152,0,1,10,0,-7212.04876362062,-6827.07056347762,-384.978200143002
3631,1.9303350311082,1.95365238892762,0,0,0.025,0.259352358775545,0,0.0947500966902999,0.417627923136623,1,8,1.04727483725152,0,1,10,0,-7211.47470882786,-6826.49650868486,-384.978200143002
3636,1.9303350311082,1.95365238892762,0,0,0.025,0.269570106645817,0,0.0969364705344098,0.407289630045584,1,8,1.04727483725152,0,1,10,0,-7212.02162526155,-6827.04342511855,-384.978200143002
3641,1.9303350311082,1.95365238892762,0,0,0.025,0.269570106645817,0,0.0969364705344098,0.407289630045584,1,8,1.04727483725152,0,1,10,0,-7209.59893168466,-6826.69447506222,-382.904456622437
3646,1.9303350311082,1.95365238892762,0,0,0.025,0.269570106645817,0,0.0949124036629916,0.371366396758815,1,8,1.04727483725152,0,1,10,0,-7207.43459772218,-6821.01016018209,-386.424437540089
3651,1.9268211337832,1.83920434093375,0,0,0.025,0.247987629944903,0,0.0949124036629916,0.371366396758815,1,8,1.04727483725152,0,1,10,0,-7214.07935673399,-6825.28001343933,-388.799343294663
3656,1.9268211337832,1.83920434093375,0,0,0.025,0.247987629944903,0,0.0949124036629916,0.371366396758815,1,8,1.04727483725152,0,1,10,0,-7216.93200877771,-6826.58510297433,-390.346905803379
3661,1.9268211337832,1.83960747898835,0,0,0.025,0.256993360738024,0,0.0952319808296746,0.371366396758815,1,8,1.04727483725152,0,1,10,0,-7216.54742083603,-6826.20051503265,-390.346905803379
3666,1.90597220751002,1.98614822335069,0,0,0.025,0.256993360738024,0,0.0952319808296746,0.35187801514828,1,8,1.04727483725152,0,1,10,0,-7216.73260492745,-6826.38569912407,-390.346905803379
3671,1.90597220751002,1.98614822335069,0,0,0.025,0.271691259772967,0,0.0952319808296746,0.334604467967388,1,8,1.04727483725152,0,1,10,0,-7210.34386888317,-6823.76808063214,-386.575788251028
3676,1.90597220751002,1.87068354430275,0,0,0.025,0.271691259772967,0,0.0952319808296746,0.334604467967388,1,8,1.04727483725152,0,1,10,0,-7209.36280427132,-6818.69339379849,-390.669410472836
3681,1.90597220751002,1.87068354430275,0,0,0.025,0.274085583694236,0,0.0952319808296746,0.344533804042894,1,8,1.04727483725152,0,1,10,0,-7208.20974612488,-6818.73184766145,-389.477898463434
3686,1.90780184378987,1.84313871415629,0,0,0.025,0.274085583694236,0,0.0952319808296746,0.344533804042894,1,8,1.04727483725152,0,1,10,0,-7208.13828968906,-6818.66039122563,-389.477898463434
3691,1.90780184378987,1.84313871415629,0,0,0.025,0.274085583694236,0,0.0960493263317973,0.319057237949909,1,8,1.04727483725152,0,1,10,0,-7206.09363857065,-6815.24649798506,-390.84714058559
3696,1.90780184378987,1.84313871415629,0,0,0.025,0.267116979642022,0,0.0960493263317973,0.319057237949909,1,8,1.04727483725152,0,1,10,0,-7205.70653183742,-6814.85939125183,-390.84714058559
3701,1.90780184378987,1.84313871415629,0,0,0.025,0.267116979642022,0,0.0960493263317973,0.29666411897355,1,8,1.04727483725152,0,1,10,0,-7204.67759882373,-6815.70382904282,-388.973769780916
3706,1.90780184378987,1.71843061580075,0,0,0.025,0.267116979642022,0,0.0960493263317973,0.29666411897355,1,8,1.04727483725152,0,1,10,0,-7207.96321400994,-6820.53978607661,-387.423427933329
3711,1.90780184378987,1.54366239081881,0,0,0.025,0.267116979642022,0,0.0960493263317973,0.288518611732122,1,8,1.04727483725152,0,1,10,0,-7209.47413722174,-6821.33558320113,-388.138554020608
3716,1.90780184378987,1.54366239081881,0,0,0.025,0.268003100105887,0,0.0960493263317973,0.285364059725807,1,8,1.04727483725152,0,1,10,0,-7210.93715150592,-6820.72485396475,-390.212297541173
3721,1.90780184378987,1.67014865872402,0,0,0.025,0.268003100105887,0,0.0960493263317973,0.285364059725807,1,8,1.04727483725152,0,1,10,0,-7210.20036876274,-6819.98807122157,-390.212297541173
3726,1.90780184378987,1.67014865872402,0,0,0.025,0.253119390167036,0,0.0960493263317973,0.318877550660707,1,8,1.04727483725152,0,1,10,0,-7207.37459756413,-6814.8495625585,-392.525035005631
3731,1.90780184378987,1.67014865872402,0,0,0.025,0.273832672227564,0,0.0960493263317973,0.318877550660707,1,8,1.04727483725152,0,1,10,0,-7208.31707493998,-6815.20522840361,-393.111846536375
3736,1.90780184378987,1.67014865872402,0,0,0.025,0.273832672227564,0,0.0960493263317973,0.318877550660707,1,8,1.04727483725152,0,1,10,0,-7207.19468476229,-6816.00465082339,-391.190033938899
3741,1.90780184378987,1.68114469483691,0,0,0.025,0.273832672227564,0,0.0960493263317973,0.318877550660707,1,8,1.04727483725152,0,1,10,0,-7208.25674893392,-6815.73171392829,-392.525035005631
3746,1.90780184378987,1.68114469483691,0,0,0.025,0.273832672227564,0,0.0960493263317973,0.324286194196991,1,8,1.04727483725152,0,1,10,0,-7208.12083860587,-6815.59580360024,-392.525035005631
3751,1.90780184378987,1.71072496024235,0,0,0.025,0.253535257447861,0,0.0960493263317973,0.324286194196991,1,8,1.04727483725152,0,1,10,0,-7206.47168219263,-6813.946647187,-392.525035005631
3756,1.90780184378987,1.71072496024235,0,0,0.025,0.253535257447861,0,0.0960493263317973,0.324286194196991,1,8,1.04727483725152,0,1,10,0,-7206.47168219263,-6813.946647187,-392.525035005631
3761,1.90780184378987,1.71072496024235,0,0,0.025,0.253535257447861,0,0.0960493263317973,0.326801327973744,1,8,1.04727483725152,0,1,10,0,-7202.9429558744,-6814.93794906142,-388.005006812981
3766,1.91076187923831,1.62911867227025,0,0,0.025,0.253535257447861,0,0.0960493263317973,0.326801327973744,1,8,1.04727483725152,0,1,10,0,-7203.85127612257,-6815.09485322091,-388.756422901664
3771,1.91076187923831,1.62911867227025,0,0,0.025,0.263635189974048,0,0.0960493263317973,0.363588907481777,1,8,1.04727483725152,0,1,10,0,-7205.93090462868,-6817.17448172702,-388.756422901664
3776,1.96702079174953,1.81027152023793,0,0,0.025,0.25250541118098,0,0.0960493263317973,0.363588907481777,1,8,1.04727483725152,0,1,10,0,-7199.47505193437,-6811.01601991929,-388.459032015086
3781,1.96702079174953,1.81027152023793,0,0,0.025,0.25250541118098,0,0.0960493263317973,0.376063871682341,1,8,1.04727483725152,0,1,10,0,-7196.23963599598,-6810.47237329639,-385.767262699588
3786,1.96702079174953,1.80156189335503,0,0,0.025,0.247544348119636,0,0.0960493263317973,0.376063871682341,1,8,1.04727483725152,0,1,10,0,-7196.94536666168,-6813.66194166469,-383.283424996989
3791,1.96702079174953,1.80156189335503,0,0,0.025,0.247544348119636,0,0.0960493263317973,0.376063871682341,1,8,1.04727483725152,0,1,10,0,-7196.81761728277,-6811.7756268782,-385.041990404572
3796,1.96702079174953,1.80156189335503,0,0,0.025,0.247544348119636,0,0.0960493263317973,0.376063871682341,1,8,1.04727483725152,0,1,10,0,-7197.70923789603,-6812.68559663013,-385.023641265904
3801,1.96702079174953,1.73366251940976,0,0,0.025,0.247544348119636,0,0.0960493263317973,0.376063871682341,1,8,1.04727483725152,0,1,10,0,-7197.78493518678,-6812.76129392088,-385.023641265904
3806,1.96702079174953,1.73366251940976,0,0,0.025,0.231727873285993,0,0.0960493263317973,0.37409675318313,1,8,1.04727483725152,0,1,10,0,-7196.76246668661,-6812.14679365903,-384.615673027578
3811,1.96702079174953,1.73366251940976,0,0,0.025,0.231727873285993,0,0.0960493263317973,0.37409675318313,1,8,1.04727483725152,0,1,10,0,-7200.4871935839,-6813.62399524051,-386.863198343389
3816,1.96702079174953,1.73366251940976,0,0,0.025,0.237907901785531,0,0.0960493263317973,0.397866979232672,1,8,1.04727483725152,0,1,10,0,-7196.52583125345,-6812.76599584781,-383.759835405642
3821,1.97873786527787,1.89533921169827,0,0,0.025,0.259244787866582,0,0.0960493263317973,0.397866979232672,1,8,1.04727483725152,0,1,10,0,-7195.98740670202,-6811.36138738455,-384.626019317462
3826,1.97873786527787,1.89533921169827,0,0,0.025,0.259244787866582,0,0.0960493263317973,0.417787429648952,1,8,1.04727483725152,0,1,10,0,-7196.10708152488,-6811.48106220742,-384.626019317462
3831,1.97873786527787,1.85391478989075,0,0,0.025,0.246831713972299,0,0.0960493263317973,0.417787429648952,1,8,1.04727483725152,0,1,10,0,-7195.9048009743,-6811.27878165684,-384.626019317462
3836,1.97873786527787,1.85391478989075,0,0,0.025,0.246831713972299,0,0.0960493263317973,0.435321883581544,1,8,1.04727483725152,0,1,10,0,-7196.98655203825,-6811.36477781756,-385.621774220691
3841,1.97873786527787,1.86583687134623,0,0,0.025,0.260181366938563,0,0.0960493263317973,0.435321883581544,1,8,1.04727483725152,0,1,10,0,-7198.6561233132,-6812.08031803265,-386.575805280548
3846,1.97873786527787,1.86583687134623,0,0,0.025,0.260181366938563,0,0.0960493263317973,0.431191984480409,1,8,1.04727483725152,0,1,10,0,-7198.55693601818,-6811.98113073764,-386.575805280548
3851,1.97873786527787,1.86583687134623,0,0,0.025,0.25854420661979,0,0.0960493263317973,0.433657892242627,1,8,1.04727483725152,0,1,10,0,-7198.33669857956,-6811.45340859926,-386.883289980296
3856,1.97873786527787,2.0875588380835,0,0,0.025,0.25854420661979,0,0.0960493263317973,0.433657892242627,1,8,1.04727483725152,0,1,10,0,-7201.74601292243,-6816.07523550801,-385.670777414421
3861,1.97873786527787,2.0875588380835,0,0,0.025,0.25854420661979,0,0.0960493263317973,0.433657892242627,1,8,1.04727483725152,0,1,10,0,-7201.74601292243,-6816.07523550801,-385.670777414421
3866,1.97873786527787,2.24018456594992,0,0,0.025,0.27670079969803,0,0.0960493263317973,0.433657892242627,1,8,1.04727483725152,0,1,10,0,-7203.69700277772,-6818.0262253633,-385.670777414421
3871,1.97873786527787,2.24018456594992,0,0,0.025,0.27670079969803,0,0.0951066516358594,0.405783441210412,1,8,1.04727483725152,0,1,10,0,-7206.89248584453,-6821.22170843011,-385.670777414421
3876,1.97873786527787,2.23750991862978,0,0,0.025,0.293117395256754,0,0.0951066516358594,0.405783441210412,1,8,1.04727483725152,0,1,10,0,-7206.09926193608,-6819.29271996736,-386.806541968721
3881,1.97873786527787,2.23750991862978,0,0,0.025,0.293117395256754,0,0.0951066516358594,0.405783441210412,1,8,1.04727483725152,0,1,10,0,-7206.09926193608,-6819.29271996736,-386.806541968721
3886,1.97873786527787,2.13357879093437,0,0,0.025,0.284706617121521,0,0.0951066516358594,0.405783441210412,1,8,1.04727483725152,0,1,10,0,-7204.39930007992,-6817.5927581112,-386.806541968721
3891,1.97873786527787,2.13357879093437,0,0,0.025,0.284706617121521,0,0.0951066516358594,0.370955849834853,1,8,1.04727483725152,0,1,10,0,-7205.37142727692,-6818.56488530819,-386.806541968721
3896,1.97873786527787,2.13357879093437,0,0,0.025,0.288269217151536,0,0.0951066516358594,0.373510264261084,1,8,1.04727483725152,0,1,10,0,-7204.97616045174,-6819.12364954287,-385.852510908864
3901,1.97873786527787,2.13357879093437,0,0,0.025,0.288269217151536,0,0.0951066516358594,0.373510264261084,1,8,1.04727483725152,0,1,10,0,-7202.33789437799,-6819.3815106386,-382.956383739397
3906,1.97873786527787,2.13357879093437,0,0,0.025,0.2647461562863,0,0.0951066516358594,0.373510264261084,1,8,1.04727483725152,0,1,10,0,-7203.20121213891,-6821.91803786386,-381.283174275056
3911,1.97873786527787,2.10577683052333,0,0,0.025,0.279443789153136,0,0.0951066516358594,0.373510264261084,1,8,1.04727483725152,0,1,10,0,-7202.5700926214,-6821.28691834635,-381.283174275056
3916,1.97873786527787,2.10577683052333,0,0,0.025,0.279443789153136,0,0.0951066516358594,0.377117156842911,1,8,1.04727483725152,0,1,10,0,-7202.71811317214,-6822.36948306927,-380.348630102873
3921,1.97873786527787,2.10577683052333,0,0,0.025,0.291718616026145,0,0.0951066516358594,0.377117156842911,1,8,1.04727483725152,0,1,10,0,-7201.11807903274,-6821.78355297176,-379.334526060976
3926,1.97873786527787,2.10577683052333,0,0,0.025,0.291718616026145,0,0.0951066516358594,0.410860253654948,1,8,1.03344127683291,0,1,10,0,-7199.84465976544,-6820.51013370447,-379.334526060976
3931,1.97873786527787,2.18987038703163,0,0,0.025,0.291718616026145,0,0.0951066516358594,0.410860253654948,1,8,1.03344127683291,0,1,10,0,-7204.74547186861,-6826.74594687437,-377.999524994244
3936,1.97873786527787,2.05775742846398,0,0,0.025,0.291718616026145,0,0.0951066516358594,0.440860110187697,1,8,1.03344127683291,0,1,10,0,-7202.67408192747,-6823.45565847869,-379.218423448787
3941,1.97873786527787,2.05775742846398,0,0,0.025,0.291718616026145,0,0.0951066516358594,0.440860110187697,1,8,1.03344127683291,0,1,10,0,-7202.67408192747,-6823.45565847869,-379.218423448787
3946,1.97873786527787,2.0738972899156,0,0,0.025,0.291718616026145,0,0.0951066516358594,0.440860110187697,1,8,1.03344127683291,0,1,10,0,-7202.743501753,-6823.52507830421,-379.218423448787
3951,1.97873786527787,2.0738972899156,0,0,0.025,0.291718616026145,0,0.0951066516358594,0.40554901090546,1,8,1.03344127683291,0,1,10,0,-7202.59579624883,-6823.37737280004,-379.218423448787
3956,1.97873786527787,2.0738972899156,0,0,0.025,0.294045773760522,0,0.0951066516358594,0.40554901090546,1,8,1.03344127683291,0,1,10,0,-7202.06079320886,-6823.37282649926,-378.687966709602
3961,1.97873786527787,2.0738972899156,0,0,0.025,0.294045773760522,0,0.0976643510555512,0.421607541911515,1,8,1.03344127683291,0,1,10,0,-7204.57933447313,-6823.30167218998,-381.277662283149
3966,1.97873786527787,1.98028189545245,0,0,0.025,0.291978076307065,0,0.0976643510555512,0.421607541911515,1,8,1.03344127683291,0,1,10,0,-7204.27274493856,-6822.99508265541,-381.277662283149
3971,1.97873786527787,1.98028189545245,0,0,0.025,0.291978076307065,0,0.0976643510555512,0.390223028436192,1,8,1.03344127683291,0,1,10,0,-7203.82686187036,-6822.54919958721,-381.277662283149
3976,1.97873786527787,1.98028189545245,0,0,0.025,0.279548771427674,0,0.0976643510555512,0.390223028436192,1,8,1.03344127683291,0,1,10,0,-7202.97782998998,-6821.70016770683,-381.277662283149
3981,1.97873786527787,1.9035511121739,0,0,0.025,0.279548771427674,0,0.0976643510555512,0.38747346890229,1,8,1.03344127683291,0,1,10,0,-7204.00052071822,-6820.25736987114,-383.74315084708
3986,1.97873786527787,1.9035511121739,0,0,0.025,0.272143300872432,0,0.0976643510555512,0.355295199015216,1,8,1.03344127683291,0,1,10,0,-7195.68660184924,-6813.36066562567,-382.325936223569
3991,1.97873786527787,1.9035511121739,0,0,0.025,0.272143300872432,0,0.0976643510555512,0.355295199015216,1,8,1.03344127683291,0,1,10,0,-7195.49386854957,-6811.70159525721,-383.792273292362
3996,1.97873786527787,1.9035511121739,0,0,0.025,0.272143300872432,0,0.0976643510555512,0.355295199015216,1,8,1.03344127683291,0,1,10,0,-7195.13212963708,-6812.65204273368,-382.480086903396
4001,1.97873786527787,1.78377656650044,0,0,0.025,0.251504834260878,0,0.0976643510555512,0.355295199015216,1,8,1.03344127683291,0,1,10,0,-7194.08622100037,-6811.60613409697,-382.480086903396
4006,1.97873786527787,1.78377656650044,0,0,0.025,0.251504834260878,0,0.0976643510555512,0.355295199015216,1,8,1.03344127683291,0,1,10,0,-7194.08622100037,-6811.60613409697,-382.480086903396
4011,1.97873786527787,1.67073706647811,0,0,0.025,0.260115311273732,0,0.0976643510555512,0.355295199015216,1,8,1.03344127683291,0,1,10,0,-7194.73055002409,-6812.25046312069,-382.480086903396
4016,1.97873786527787,1.67073706647811,0,0,0.025,0.260115311273732,0,0.0976643510555512,0.348895273709112,1,8,1.03344127683291,0,1,10,0,-7194.71000762233,-6812.22992071893,-382.480086903396
4021,1.97873786527787,1.67073706647811,0,0,0.025,0.237348743389295,0,0.0976643510555512,0.348895273709112,1,8,1.03344127683291,0,1,10,0,-7191.0740414059,-6809.7601600823,-381.313881323595
4026,1.97873786527787,1.67073706647811,0,0,0.025,0.237348743389295,0,0.0976643510555512,0.317086399292179,1,8,1.03344127683291,0,1,10,0,-7192.9630536869,-6811.62975427744,-381.333299409452
4031,1.97873786527787,1.67073706647811,0,0,0.025,0.234689080495942,0,0.0976643510555512,0.325638251581707,1,8,1.03344127683291,0,1,10,0,-7193.50963199314,-6810.25451998622,-383.255112006929
4036,1.98031279754185,1.45323419959767,0,0,0.025,0.234689080495942,0,0.0976643510555512,0.325638251581707,1,8,1.03595350769564,0,1,10,0,-7194.16569681197,-6811.44104154422,-382.724655267744
4041,1.98031279754185,1.45323419959767,0,0,0.025,0.242616763539558,0,0.0976643510555512,0.354321340138467,1,8,1.03595350769564,0,1,10,0,-7194.26189318912,-6811.53723792138,-382.724655267744
4046,2.00119531978038,1.61401415448431,0,0,0.025,0.228639429301136,0,0.0976643510555512,0.354321340138467,1,8,1.03595350769564,0,1,10,0,-7194.40376686605,-6811.67911159831,-382.724655267744
4051,2.00119531978038,1.61401415448431,0,0,0.025,0.228639429301136,0,0.0976643510555512,0.354321340138467,1,8,1.03595350769564,0,1,10,0,-7194.64800017949,-6812.83048277248,-381.817517407001
4056,2.00119531978038,1.5847018544573,0,0,0.025,0.23651477945444,0,0.0976643510555512,0.354321340138467,1,8,1.03595350769564,0,1,10,0,-7193.69097045894,-6810.56373519052,-383.127235268424
4061,2.00119531978038,1.5847018544573,0,0,0.025,0.23651477945444,0,0.0976643510555512,0.362943049764958,1,8,1.03595350769564,0,1,10,0,-7191.44826382348,-6811.49208934991,-379.956174473567
4066,2.00119531978038,1.5847018544573,0,0,0.025,0.229726484372934,0,0.0976643510555512,0.362943049764958,1,8,1.03595350769564,0,1,10,0,-7192.41370183314,-6811.27375726257,-381.139944570575
4071,2.00119531978038,1.5847018544573,0,0,0.025,0.229726484372934,0,0.0976643510555512,0.326157257083406,1,8,1.03595350769564,0,1,10,0,-7192.83142663059,-6814.17531976261,-378.656106867976
4076,2.00119531978038,1.5847018544573,0,0,0.025,0.234221663315497,0,0.0976643510555512,0.30157045486717,1,8,1.03595350769564,0,1,10,0,-7194.48912907276,-6815.83302220478,-378.656106867976
4081,2.00119531978038,1.47641590711111,0,0,0.025,0.234221663315497,0,0.0976643510555512,0.30157045486717,1,8,1.03595350769564,0,1,10,0,-7195.96571936043,-6816.90414738435,-379.061571976084
4086,2.00119531978038,1.47641590711111,0,0,0.025,0.243045120584291,0,0.0976643510555512,0.292378202353937,1,8,1.03595350769564,0,1,10,0,-7194.41305939592,-6815.35148741984,-379.061571976084
4091,2.00119531978038,1.51424869445564,0,0,0.025,0.243045120584291,0,0.0976643510555512,0.292378202353937,1,8,1.03595350769564,0,1,10,0,-7194.5656247348,-6815.50405275872,-379.061571976084
4096,2.00119531978038,1.51424869445564,0,0,0.025,0.243045120584291,0,0.0976643510555512,0.29910350935879,1,8,1.03595350769564,0,1,10,0,-7194.16191414293,-6815.10034216684,-379.061571976084
4101,2.00119531978038,1.47251790085559,0,0,0.025,0.243045120584291,0,0.0976643510555512,0.29910350935879,1,8,1.03595350769564,0,1,10,0,-7194.06641073964,-6815.00483876355,-379.061571976084
4106,1.95778667962985,1.47251790085559,0,0,0.025,0.243045120584291,0,0.0976643510555512,0.31880179163727,1,8,1.03595350769564,0,1,10,0,-7196.30029639845,-6817.33403460217,-378.96626179628
4111,1.95778667962985,1.70255566253001,0,0,0.025,0.248668245354022,0,0.0976643510555512,0.31880179163727,1,8,1.03595350769564,0,1,10,0,-7191.73912598345,-6812.60277519882,-379.136350784638
4116,1.95778667962985,1.70255566253001,0,0,0.025,0.248668245354022,0,0.0976643510555512,0.31880179163727,1,8,1.03595350769564,0,1,10,0,-7194.16429417026,-6815.14572642127,-379.018567748982
4121,1.95778667962985,1.70255566253001,0,0,0.025,0.266101990797739,0,0.0976643510555512,0.307370205952991,1,8,1.03595350769564,0,1,10,0,-7195.37573943008,-6816.35717168109,-379.018567748982
4126,1.95778667962985,1.56359903523871,0,0,0.025,0.266101990797739,0,0.0976643510555512,0.307370205952991,1,8,1.03595350769564,0,1,10,0,-7195.64344731604,-6816.62487956706,-379.018567748982
4131,1.95778667962985,1.56359903523871,0,0,0.025,0.268251566923266,0,0.0976643510555512,0.307370205952991,1,8,1.03595350769564,0,1,10,0,-7195.79219551439,-6816.77362776541,-379.018567748982
4136,1.95778667962985,1.6521238635043,0,0,0.025,0.255685538350001,0,0.0976643510555512,0.307370205952991,1,8,1.03595350769564,0,1,10,0,-7197.11377646219,-6816.51108860876,-380.602687853432
4141,1.95778667962985,1.6521238635043,0,0,0.025,0.255685538350001,0,0.0976643510555512,0.33066818419961,1,8,1.03595350769564,0,1,10,0,-7198.13108581204,-6814.91719758349,-383.213888228544
4146,1.95778667962985,1.68600028706658,0,0,0.025,0.255685538350001,0,0.0976643510555512,0.33066818419961,1,8,1.03595350769564,0,1,10,0,-7200.82822496546,-6817.24239432085,-383.585830644613
4151,1.95778667962985,1.68600028706658,0,0,0.025,0.255685538350001,0,0.0976643510555512,0.35286973266028,1,8,1.03595350769564,0,1,10,0,-7192.08494265115,-6808.78982898269,-383.295113668467
4156,1.95778667962985,1.70090592881921,0,0,0.025,0.238267097300469,0,0.0976643510555512,0.35286973266028,1,8,1.03595350769564,0,1,10,0,-7191.84806090972,-6808.55294724126,-383.295113668467
4161,1.95778667962985,1.49183805345783,0,0,0.025,0.238267097300469,0,0.0976643510555512,0.375267153011814,1,8,1.03595350769564,0,1,10,0,-7194.36568687272,-6811.07057320425,-383.295113668467
4166,1.95778667962985,1.49183805345783,0,0,0.025,0.238267097300469,0,0.0976643510555512,0.375267153011814,1,8,1.03595350769564,0,1,10,0,-7195.18515302528,-6809.40620165422,-385.778951371066
4171,1.95778667962985,1.59423516830607,0,0,0.025,0.238267097300469,0,0.0976643510555512,0.375267153011814,1,8,1.03595350769564,0,1,10,0,-7193.9252907172,-6809.48925341162,-384.436037305576
4176,1.95778667962985,1.59423516830607,0,0,0.025,0.240147064772073,0,0.0976643510555512,0.374975061161214,1,8,1.03595350769564,0,1,10,0,-7193.9427955425,-6809.50675823693,-384.436037305576
4181,1.95778667962985,1.59423516830607,0,0,0.025,0.239300631879025,0,0.0976643510555512,0.374975061161214,1,8,1.03595350769564,0,1,10,0,-7195.05092531335,-6811.02035311588,-384.030572197468
4186,1.95778667962985,1.59423516830607,0,0,0.025,0.239300631879025,0,0.0976643510555512,0.351510038114122,1,8,1.03595350769564,0,1,10,0,-7194.17680288256,-6810.14623068509,-384.030572197468
4191,1.95778667962985,1.59423516830607,0,0,0.025,0.246023118901845,0,0.0976643510555512,0.351510038114122,1,8,1.03595350769564,0,1,10,0,-7194.290765468,-6810.26019327053,-384.030572197468
4196,1.95778667962985,1.59423516830607,0,0,0.025,0.246023118901845,0,0.0976643510555512,0.349575706939977,1,8,1.03595350769564,0,1,10,0,-7194.37937349321,-6810.4665843314,-383.912789161812
4201,1.95778667962985,1.78603734580458,0,0,0.025,0.237432114667471,0,0.0976643510555512,0.349575706939977,1,8,1.03595350769564,0,1,10,0,-7193.78897032379,-6808.72041045947,-385.06855986432
4206,1.93412501278532,1.78603734580458,0,0,0.025,0.237432114667471,0,0.0976643510555512,0.350014504524837,1,8,1.03595350769564,0,1,10,0,-7195.90361067503,-6809.25093070626,-386.652679968769
4211,1.93412501278532,1.78603734580458,0,0,0.025,0.238767396520338,0,0.0976643510555512,0.350014504524837,1,8,1.03595350769564,0,1,10,0,-7196.06953033631,-6810.82812765915,-385.241402677159
4216,1.93412501278532,1.78603734580458,0,0,0.025,0.238767396520338,0,0.0976643510555512,0.350014504524837,1,8,1.03595350769564,0,1,10,0,-7197.75287860553,-6810.92735582392,-386.825522781609
4221,1.93412501278532,1.78603734580458,0,0,0.025,0.238767396520338,0,0.0976643510555512,0.347835185550009,1,8,1.03595350769564,0,1,10,0,-7200.05220341195,-6812.79589771425,-387.256305697701
4226,1.93412501278532,1.78603734580458,0,0,0.025,0.23697554102703,0,0.0976643510555512,0.347835185550009,1,8,1.03595350769564,0,1,10,0,-7202.9916037287,-6813.00526892318,-389.986334805522
4231,1.93412501278532,1.78603734580458,0,0,0.025,0.23697554102703,0,0.0976643510555512,0.340266709879871,1,8,1.03595350769564,0,1,10,0,-7199.97634015093,-6812.72003445323,-387.256305697701
4236,1.94138544577546,1.74177567313591,0,0,0.025,0.23697554102703,0,0.0976643510555512,0.340266709879871,1,8,1.03595350769564,0,1,10,0,-7199.4733112783,-6812.2170055806,-387.256305697701
4241,1.94138544577546,1.74177567313591,0,0,0.025,0.23697554102703,0,0.0976643510555512,0.345759182618213,1,8,1.03595350769564,0,1,10,0,-7198.45631238268,-6813.09712666986,-385.359185712815
4246,1.94138544577546,1.90453359850616,0,0,0.025,0.246970253066835,0,0.0976643510555512,0.345759182618213,1,8,1.03595350769564,0,1,10,0,-7197.24207687643,-6812.09498487875,-385.147091997688
4251,1.94074653567042,1.89808750404167,0,0,0.025,0.246970253066835,0,0.0976643510555512,0.353710997047916,1,8,1.03595350769564,0,1,10,0,-7197.24829277936,-6812.10120078168,-385.147091997688
4256,1.94074653567042,1.89808750404167,0,0,0.025,0.246970253066835,0,0.0976643510555512,0.320338024532963,1,8,1.03595350769564,0,1,10,0,-7198.76078521482,-6811.87072391208,-386.890061302746
4261,1.94074653567042,1.85383808465232,0,0,0.025,0.246970253066835,0,0.0976643510555512,0.320338024532963,1,8,1.03595350769564,0,1,10,0,-7195.26385159197,-6808.89298416266,-386.37086742931
4266,1.94074653567042,1.85383808465232,0,0,0.025,0.24860801389567,0,0.0976643510555512,0.320338024532963,1,8,1.03595350769564,0,1,10,0,-7196.18393468806,-6809.55523814945,-386.628696538612
4271,1.94074653567042,1.72452669207704,0,0,0.025,0.264746147775901,0,0.0976643510555512,0.320338024532963,1,8,1.03595350769564,0,1,10,0,-7198.04189455577,-6811.22052238789,-386.821372167882
4276,1.94074653567042,1.72452669207704,0,0,0.025,0.264746147775901,0,0.0976643510555512,0.315545593644486,1,8,1.03595350769564,0,1,10,0,-7198.55009567868,-6810.89596589154,-387.654129787143
4281,1.94074653567042,1.72452669207704,0,0,0.025,0.24813495637189,0,0.0986345200878002,0.315545593644486,1,8,1.03595350769564,0,1,10,0,-7197.53987027227,-6809.88574048512,-387.654129787143
4286,1.94074653567042,1.72452669207704,0,0,0.025,0.24813495637189,0,0.0986345200878002,0.315545593644486,1,8,1.03595350769564,0,1,10,0,-7198.73743118229,-6813.59680661296,-385.14062456933
4291,1.94074653567042,1.72452669207704,0,0,0.025,0.249327324943857,0,0.0986345200878002,0.315545593644486,1,8,1.03595350769564,0,1,10,0,-7198.79373559448,-6813.65311102515,-385.14062456933
4296,1.94074653567042,1.71858975731886,0,0,0.025,0.249327324943857,0,0.0986345200878002,0.345031103725331,1,8,1.03595350769564,0,1,10,0,-7198.8825801519,-6813.74195558257,-385.14062456933
4301,1.94074653567042,1.71858975731886,0,0,0.025,0.230856550195985,0,0.0986345200878002,0.345031103725331,1,8,1.03595350769564,0,1,10,0,-7198.17668577298,-6812.26474925024,-385.91193652274
4306,1.94074653567042,1.71858975731886,0,0,0.025,0.230856550195985,0,0.0986345200878002,0.345031103725331,1,8,1.03595350769564,0,1,10,0,-7196.00524696613,-6812.01512304087,-383.990123925263
4311,1.94074653567042,1.71858975731886,0,0,0.025,0.233891301711817,0,0.0986345200878002,0.345031103725331,1,8,1.03595350769564,0,1,10,0,-7196.0259305148,-6812.03580658954,-383.990123925263
4316,1.95379328577683,1.88570001999901,0,0,0.025,0.233891301711817,0,0.0986345200878002,0.345031103725331,1,8,1.03595350769564,0,1,10,0,-7198.08426146736,-6812.17232494462,-385.91193652274
4321,1.95379328577683,1.88570001999901,0,0,0.025,0.233891301711817,0,0.0986345200878002,0.328894963936594,1,8,1.03595350769564,0,1,10,0,-7201.71383448541,-6813.00055982715,-388.713274658266
4326,1.95379328577683,1.78957118587521,0,0,0.025,0.247038982628729,0,0.0986345200878002,0.328894963936594,1,8,1.03595350769564,0,1,10,0,-7201.16555840652,-6812.45228374825,-388.713274658266
4331,1.95379328577683,1.78957118587521,0,0,0.025,0.247038982628729,0,0.0986345200878002,0.335968562577899,1,8,1.03595350769564,0,1,10,0,-7201.00322837988,-6812.28995372161,-388.713274658266
4336,1.95379328577683,1.84262108062402,0,0,0.025,0.247038982628729,0,0.0986345200878002,0.335968562577899,1,8,1.03595350769564,0,1,10,0,-7199.1287040699,-6811.83396359098,-387.29474047892
4341,1.95379328577683,1.86425137383467,0,0,0.025,0.247038982628729,0,0.0986345200878002,0.356005107499742,1,8,1.03595350769564,0,1,10,0,-7199.14507554392,-6811.850335065,-387.29474047892
4346,1.95379328577683,1.86425137383467,0,0,0.025,0.241541654110082,0,0.0986345200878002,0.356005107499742,1,8,1.03595350769564,0,1,10,0,-7199.33288415586,-6811.58266814826,-387.750216007603
4351,1.94969650415171,1.86425137383467,0,0,0.025,0.241541654110082,0,0.0986345200878002,0.356005107499742,1,8,1.03595350769564,0,1,10,0,-7194.79565334167,-6808.6548752465,-386.140778095169
4356,1.94969650415171,1.86425137383467,0,0,0.025,0.255308650860377,0,0.0986345200878002,0.332750416904161,1,8,1.03595350769564,0,1,10,0,-7195.1619874523,-6809.02120935713,-386.140778095169
4361,1.94969650415171,1.86425137383467,0,0,0.025,0.25184717134427,0,0.0986345200878002,0.332750416904161,1,8,1.03595350769564,0,1,10,0,-7194.44759894454,-6808.30682084937,-386.140778095169
4366,1.94969650415171,1.86425137383467,0,0,0.025,0.25184717134427,0,0.0986345200878002,0.356894838326664,1,8,1.03595350769564,0,1,10,0,-7196.08357903936,-6810.02870428783,-386.054874751533
4371,1.94969650415171,1.93864344265825,0,0,0.025,0.25184717134427,0,0.0986345200878002,0.356894838326664,1,8,1.03595350769564,0,1,10,0,-7196.03781983168,-6809.98294508015,-386.054874751533
4376,1.94969650415171,1.93864344265825,0,0,0.025,0.25184717134427,0,0.0986345200878002,0.389692695736827,1,8,1.03595350769564,0,1,10,0,-7194.86831357604,-6810.73253771611,-384.135775859929
4381,1.94969650415171,2.15147949139414,0,0,0.025,0.25184717134427,0,0.0986345200878002,0.389692695736827,1,8,1.03595350769564,0,1,10,0,-7196.56944368024,-6813.56821211821,-383.001231562035
4386,1.94969650415171,2.15147949139414,0,0,0.025,0.25184717134427,0,0.0986345200878002,0.382854115981994,1,8,1.04466511847858,0,1,10,0,-7196.98517540336,-6813.25442901659,-383.730746386765
4391,1.94969650415171,2.15147949139414,0,0,0.025,0.229804247139613,0,0.0986345200878002,0.405313218432085,1,8,1.04466511847858,0,1,10,0,-7206.46023872623,-6818.7809607329,-387.679277993334
4396,1.94969650415171,2.03084705820703,0,0,0.025,0.229804247139613,0,0.0986345200878002,0.405313218432085,1,8,1.04466511847858,0,1,10,0,-7197.15952007001,-6813.19381414338,-383.96570592663
4401,1.94969650415171,2.03084705820703,0,0,0.025,0.229804247139613,0,0.0986345200878002,0.405313218432085,1,8,1.04466511847858,0,1,10,0,-7197.15952007001,-6813.19381414338,-383.96570592663
4406,1.94969650415171,2.03084705820703,0,0,0.025,0.246345683880957,0,0.0986345200878002,0.405313218432085,1,8,1.04466511847858,0,1,10,0,-7199.15669123653,-6813.60686520546,-385.54982603108
4411,1.94969650415171,2.03084705820703,0,0,0.025,0.246345683880957,0,0.0986345200878002,0.391659076055718,1,8,1.03961377372149,0,1,10,0,-7196.85925998921,-6812.89355406258,-383.96570592663
4416,1.94969650415171,1.9822354493257,0,0,0.025,0.270387792669383,0,0.0986345200878002,0.391659076055718,1,8,1.03961377372149,0,1,10,0,-7199.04267160153,-6813.86915409427,-385.173517507263
4421,1.94969650415171,1.9822354493257,0,0,0.025,0.270387792669383,0,0.0986345200878002,0.421375681888864,1,8,1.03961377372149,0,1,10,0,-7203.55933979234,-6817.07247378093,-386.486866011409
4426,1.94969650415171,2.04137813776022,0,0,0.025,0.270387792669383,0,0.0986345200878002,0.421375681888864,1,8,1.03961377372149,0,1,10,0,-7205.07618076252,-6819.06777979802,-386.008400964502
4431,1.94969650415171,2.04137813776022,0,0,0.025,0.270387792669383,0,0.0986345200878002,0.409982486644538,1,8,1.03961377372149,0,1,10,0,-7204.79754886806,-6818.78914790356,-386.008400964502
4436,1.94969650415171,2.04137813776022,0,0,0.025,0.265656126525367,0,0.0986345200878002,0.428451343962529,1,8,1.03961377372149,0,1,10,0,-7204.90561926983,-6818.89721830533,-386.008400964502
4441,1.94969650415171,2.22436282609181,0,0,0.025,0.265656126525367,0,0.0986345200878002,0.428451343962529,1,8,1.03961377372149,0,1,10,0,-7206.13747931748,-6819.43814846823,-386.699330849253
4446,1.94969650415171,2.22436282609181,0,0,0.025,0.266151479605675,0,0.0986345200878002,0.411066021695166,1,8,1.03961377372149,0,1,10,0,-7203.98227234602,-6817.5760774199,-386.406194926119
4451,1.96749701747374,2.22436282609181,0,0,0.025,0.258813781232118,0,0.0986345200878002,0.411066021695166,1,8,1.03961377372149,0,1,10,0,-7201.67769139413,-6817.42325867127,-384.254432722859
4456,1.96749701747374,2.22436282609181,0,0,0.025,0.258813781232118,0,0.0986345200878002,0.408698906918399,1,8,1.03332133147714,0,1,10,0,-7197.20805531414,-6811.49021139632,-385.717843917822
4461,1.99365059944632,2.22436282609181,0,0,0.025,0.275667927162778,0,0.0986345200878002,0.408698906918399,1,8,1.03332133147714,0,1,10,0,-7193.49734786372,-6809.96037363482,-383.536974228902
4466,1.99365059944632,2.22436282609181,0,0,0.025,0.275667927162778,0,0.0986345200878002,0.434120321429802,1,8,1.03332133147714,0,1,10,0,-7192.44080229643,-6807.00241315836,-385.438389138071
4471,1.99365059944632,2.12779643017779,0,0,0.025,0.255000105103233,0,0.0986345200878002,0.434120321429802,1,8,1.03332133147714,0,1,10,0,-7193.77058156698,-6806.50471487708,-387.265866689902
4476,1.99365059944632,2.12283923095884,0,0,0.025,0.255000105103233,0,0.0986345200878002,0.420988253972681,1,8,1.03332133147714,0,1,10,0,-7194.2430683069,-6805.53139066742,-388.711677639484
4481,1.99365059944632,2.12283923095884,0,0,0.025,0.267826488104571,0,0.0986345200878002,0.424944771378643,1,8,1.03332133147714,0,1,10,0,-7197.32283856646,-6806.96308522184,-390.359753344623
4486,1.99365059944632,2.12283923095884,0,0,0.025,0.267826488104571,0,0.0986345200878002,0.424944771378643,1,8,1.03332133147714,0,1,10,0,-7201.8443612496,-6809.74163859992,-392.102722649682
4491,1.99365059944632,2.12283923095884,0,0,0.025,0.277570577974997,0,0.0986345200878002,0.417997976675776,1,8,1.03332133147714,0,1,10,0,-7206.73906191603,-6813.0522191619,-393.686842754131
4496,1.99365059944632,2.12283923095884,0,0,0.025,0.277570577974997,0,0.0986345200878002,0.417997976675776,1,8,1.03332133147714,0,1,10,0,-7206.73906191603,-6813.0522191619,-393.686842754131
4501,1.99365059944632,2.12283923095884,0,0,0.025,0.277570577974997,0,0.0986345200878002,0.384294902596914,1,8,1.03332133147714,0,1,10,0,-7198.44115640265,-6808.08140305803,-390.359753344623
4506,1.99365059944632,2.12916512316143,0,0,0.025,0.253352128362145,0,0.0986345200878002,0.384294902596914,1,8,1.03332133147714,0,1,10,0,-7198.80919097215,-6808.44943762753,-390.359753344623
4511,1.99365059944632,2.12916512316143,0,0,0.025,0.253352128362145,0,0.0986345200878002,0.373410596900567,1,8,1.03674680421445,0,1,10,0,-7199.33354079767,-6808.97378745305,-390.359753344623
4516,1.99365059944632,2.18610491663246,0,0,0.025,0.253352128362145,0,0.0986345200878002,0.373410596900567,1,8,1.03674680421445,0,1,10,0,-7200.94500903499,-6811.62580417808,-389.31920485691
4521,1.99365059944632,2.18610491663246,0,0,0.025,0.253352128362145,0,0.0986345200878002,0.378047127850618,1,8,1.03674680421445,0,1,10,0,-7200.66685877904,-6811.34765392214,-389.31920485691
4526,1.99365059944632,2.18610491663246,0,0,0.025,0.268379151876609,0,0.0986345200878002,0.378047127850618,1,8,1.03674680421445,0,1,10,0,-7200.13900029742,-6809.48134983462,-390.657650462802
4531,1.97823994150055,2.30904035630936,0,0,0.025,0.268379151876609,0,0.0986345200878002,0.378047127850618,1,8,1.03674680421445,0,1,10,0,-7202.63573128858,-6811.97808082578,-390.657650462802
4536,1.97823994150055,2.30904035630936,0,0,0.025,0.254834227831202,0,0.0986345200878002,0.395557066378802,1,8,1.03674680421445,0,1,10,0,-7202.34981630456,-6811.69216584176,-390.657650462802
4541,1.97823994150055,2.24390609202144,0,0,0.025,0.27104533781504,0,0.0986345200878002,0.395557066378802,1,8,1.03674680421445,0,1,10,0,-7200.00742619139,-6810.08459560555,-389.922830585841
4546,1.97823994150055,2.24390609202144,0,0,0.025,0.27104533781504,0,0.0986345200878002,0.403204659689723,1,8,1.03674680421445,0,1,10,0,-7201.33612982954,-6810.60508273335,-390.731047096186
4551,1.96870701007228,2.15465839455549,0,0,0.025,0.27104533781504,0,0.0986345200878002,0.403204659689723,1,8,1.03674680421445,0,1,10,0,-7200.96348849082,-6809.92370591298,-391.039782577836
4556,1.96870701007228,2.15465839455549,0,0,0.025,0.27104533781504,0,0.0986345200878002,0.400104871136656,1,8,1.03674680421445,0,1,10,0,-7201.03808861577,-6809.99830603793,-391.039782577836
4561,1.96870701007228,2.15465839455549,0,0,0.025,0.276590341644753,0,0.0986345200878002,0.400104871136656,1,8,1.03674680421445,0,1,10,0,-7201.03446213456,-6809.82183674389,-391.212625390675
4566,1.96870701007228,2.21685447241349,0,0,0.025,0.276590341644753,0,0.0986345200878002,0.400104871136656,1,8,1.03674680421445,0,1,10,0,-7199.23649242636,-6808.19670984852,-391.039782577836
4571,1.96870701007228,2.21685447241349,0,0,0.025,0.280948471209203,0,0.0986345200878002,0.400104871136656,1,8,1.03674680421445,0,1,10,0,-7198.42499193807,-6810.24391983622,-388.181072101846
4576,1.96870701007228,1.99855790628491,0,0,0.025,0.280948471209203,0,0.0986345200878002,0.400104871136656,1,8,1.03674680421445,0,1,10,0,-7198.82792900835,-6809.82620844082,-389.001720567531
4581,1.96870701007228,1.99855790628491,0,0,0.025,0.275720999811862,0,0.0986345200878002,0.399043845596075,1,8,1.03674680421445,0,1,10,0,-7201.38066533337,-6809.170233453,-392.210431880372
4586,1.96870701007228,1.89685790292658,0,0,0.025,0.275720999811862,0,0.0986345200878002,0.399043845596075,1,8,1.03674680421445,0,1,10,0,-7201.7882958285,-6809.57786394813,-392.210431880372
4591,1.96870701007228,1.89685790292658,0,0,0.025,0.275720999811862,0,0.0986345200878002,0.397905555653854,1,8,1.03674680421445,0,1,10,0,-7202.58714245478,-6810.6375944537,-391.949548001075
4596,1.96870701007228,1.89685790292658,0,0,0.025,0.281258156668537,0,0.0986345200878002,0.397905555653854,1,8,1.03674680421445,0,1,10,0,-7203.02685911264,-6811.07731111156,-391.949548001075
4601,1.96870701007228,1.89685790292658,0,0,0.025,0.281258156668537,0,0.0986345200878002,0.427547034773962,1,8,1.03674680421445,0,1,10,0,-7203.66291271933,-6810.46060174976,-393.20231096957
4606,1.96870701007228,1.94160717533307,0,0,0.025,0.264471270414502,0,0.0986345200878002,0.427547034773962,1,8,1.03674680421445,0,1,10,0,-7202.38382682403,-6810.43427882295,-391.949548001075
4611,1.96870701007228,1.89341782043453,0,0,0.025,0.264471270414502,0,0.0986345200878002,0.390420313626046,1,8,1.03674680421445,0,1,10,0,-7201.84662280919,-6809.89707480812,-391.949548001075
4616,1.96870701007228,1.89341782043453,0,0,0.025,0.264471270414502,0,0.0986345200878002,0.399838463752152,1,8,1.03674680421445,0,1,10,0,-7201.98323464553,-6810.03368664446,-391.949548001075
4621,1.96870701007228,1.89341782043453,0,0,0.025,0.264471270414502,0,0.0986345200878002,0.399838463752152,1,8,1.03674680421445,0,1,10,0,-7203.9556888853,-6810.81493331887,-393.140755566426
4626,1.96870701007228,1.89341782043453,0,0,0.025,0.264471270414502,0,0.0986345200878002,0.426415649465395,1,8,1.03674680421445,0,1,10,0,-7203.13602688564,-6810.19643596381,-392.93959092183
4631,2.0275449641938,1.70728287463073,0,0,0.025,0.26698944194349,0,0.0986345200878002,0.426415649465395,1,8,1.03674680421445,0,1,10,0,-7199.98695343666,-6809.19912471809,-390.787828718571
4636,2.0275449641938,1.70728287463073,0,0,0.025,0.26698944194349,0,0.0986345200878002,0.425945750814733,1,8,1.03674680421445,0,1,10,0,-7205.19711775415,-6812.70948453213,-392.48763322202
4641,2.0275449641938,1.70728287463073,0,0,0.025,0.247916226848574,0,0.0986345200878002,0.425945750814733,1,8,1.03674680421445,0,1,10,0,-7203.17920034331,-6810.35842267476,-392.820777668549
4646,2.0275449641938,1.70728287463073,0,0,0.025,0.247916226848574,0,0.0986345200878002,0.432750075979468,1,8,1.03674680421445,0,1,10,0,-7208.2989333332,-6813.79639709063,-394.502536242562
4651,2.0275449641938,1.84194969156161,0,0,0.025,0.265786643520761,0,0.0986345200878002,0.432750075979468,1,8,1.03674680421445,0,1,10,0,-7208.06307810418,-6813.56054186162,-394.502536242562
4656,2.0275449641938,1.84194969156161,0,0,0.025,0.265786643520761,0,0.0986345200878002,0.420539962157508,1,8,1.03674680421445,0,1,10,0,-7207.21828645881,-6813.06797080984,-394.150315648973
4661,2.0275449641938,1.84194969156161,0,0,0.025,0.274343097473556,0,0.0986345200878002,0.399648751133882,1,8,1.03674680421445,0,1,10,0,-7207.07581275714,-6811.86486186188,-395.210950895253
4666,2.0275449641938,1.82786351268676,0,0,0.025,0.274343097473556,0,0.0986345200878002,0.399648751133882,1,8,1.03674680421445,0,1,10,0,-7206.71230370068,-6811.99434595289,-394.717957747783
4671,2.0275449641938,1.82786351268676,0,0,0.025,0.266434757988609,0,0.0986345200878002,0.377141136563936,1,8,1.03674680421445,0,1,10,0,-7206.69123288332,-6811.97327513554,-394.717957747783
4676,2.0275449641938,1.96911180172435,0,0,0.025,0.272333108468154,0,0.0986345200878002,0.377141136563936,1,8,1.03674680421445,0,1,10,0,-7208.09926728926,-6813.00779603318,-395.091471256084
4681,2.0275449641938,1.96911180172435,0,0,0.025,0.272333108468154,0,0.0986345200878002,0.377141136563936,1,8,1.03674680421445,0,1,10,0,-7209.06517594618,-6814.98308584504,-394.082090101144
4686,2.0275449641938,1.86954575939184,0,0,0.025,0.260470198566395,0,0.0986345200878002,0.377141136563936,1,8,1.03674680421445,0,1,10,0,-7211.53585087754,-6817.55139924596,-393.98445163158
4691,2.01974730705133,1.86954575939184,0,0,0.025,0.260470198566395,0,0.0986345200878002,0.380634366315762,1,8,1.01439719326032,0,1,10,0,-7209.40797582376,-6815.53920859118,-393.868767232581
4696,2.01974730705133,1.86954575939184,0,0,0.025,0.260838548188177,0,0.0986345200878002,0.380634366315762,1,8,1.01439719326032,0,1,10,0,-7209.40567548161,-6815.53690824903,-393.868767232581
4701,2.01974730705133,1.86954575939184,0,0,0.025,0.260838548188177,0,0.0986345200878002,0.364947121911216,1,8,1.01439719326032,0,1,10,0,-7209.74494449473,-6815.87617726215,-393.868767232581
4706,2.01974730705133,1.86954575939184,0,0,0.025,0.26183436640147,0,0.0986345200878002,0.372236644077365,1,8,1.01439719326032,0,1,10,0,-7210.85531085419,-6816.21335373338,-394.641957120814
4711,1.97568483571441,2.11271065425118,0,0,0.025,0.26183436640147,0,0.0986345200878002,0.372236644077365,1,8,1.05758192131312,0,1,10,0,-7212.38059677912,-6818.15952627259,-394.221070506533
4716,1.97568483571441,2.11271065425118,0,0,0.025,0.252278352866865,0,0.0986345200878002,0.391750494639663,1,8,1.01861219738368,0,1,10,0,-7211.51314374966,-6817.29207324312,-394.221070506533
4721,2.0143465083975,1.9320168769748,0,0,0.025,0.275302904846313,0,0.0986345200878002,0.391750494639663,1,8,1.01861219738368,0,1,10,0,-7208.50373022037,-6812.39780982154,-396.105920398828
4726,2.0143465083975,1.9320168769748,0,0,0.025,0.275302904846313,0,0.0986345200878002,0.403017866245775,1,8,1.01861219738368,0,1,10,0,-7208.5593363504,-6812.45341595157,-396.105920398828
4731,2.0143465083975,1.9320168769748,0,0,0.025,0.264172472452346,0,0.0986345200878002,0.403017866245775,1,8,1.01861219738368,0,1,10,0,-7203.57373747336,-6809.3060965594,-394.267640913964
4736,2.0143465083975,1.9320168769748,0,0,0.025,0.264172472452346,0,0.0986345200878002,0.427810826453365,1,8,1.01861219738368,0,1,10,0,-7203.88361820545,-6809.61597729149,-394.267640913964
4741,2.0143465083975,1.85740366672263,0,0,0.025,0.277151712257413,0,0.0986345200878002,0.427810826453365,1,8,1.01861219738368,0,1,10,0,-7206.42050647439,-6812.46634827882,-393.954158195568
4746,2.0143465083975,1.85740366672263,0,0,0.025,0.277151712257413,0,0.0986345200878002,0.427810826453365,1,8,1.01861219738368,0,1,10,0,-7206.42050647439,-6812.46634827882,-393.954158195568
4751,2.0143465083975,1.85740366672263,0,0,0.025,0.277151712257413,0,0.0986345200878002,0.409863439712293,1,8,1.01861219738368,0,1,10,0,-7205.97975036229,-6812.02559216672,-393.954158195568
4756,2.0143465083975,1.85740366672263,0,0,0.025,0.277151712257413,0,0.0986345200878002,0.409863439712293,1,8,1.01861219738368,0,1,10,0,-7205.97975036229,-6812.02559216672,-393.954158195568
4761,2.0143465083975,1.85740366672263,0,0,0.025,0.259963292749956,0,0.0986345200878002,0.409863439712293,1,8,1.01861219738368,0,1,10,0,-7202.38794256527,-6810.01790447415,-392.370038091118
4766,2.00069657321683,1.69243385562136,0,0,0.025,0.240285020332017,0,0.0986345200878002,0.409863439712293,1,8,1.01861219738368,0,1,10,0,-7202.77111387729,-6810.40107578617,-392.370038091118
4771,2.00069657321683,1.69243385562136,0,0,0.025,0.240285020332017,0,0.0986345200878002,0.398382282656593,1,8,1.01861219738368,0,1,10,0,-7202.45917902555,-6810.08914093443,-392.370038091118
4776,2.00069657321683,1.78522234366598,0,0,0.025,0.234049584501085,0,0.0986345200878002,0.398382282656593,1,8,1.01861219738368,0,1,10,0,-7201.74398455439,-6809.6986698074,-392.045314746986
4781,2.00069657321683,1.78522234366598,0,0,0.025,0.234049584501085,0,0.0986345200878002,0.422074552007278,1,8,1.01861219738368,0,1,10,0,-7201.82749215557,-6809.46869469019,-392.358797465383
4786,2.00069657321683,1.78522234366598,0,0,0.025,0.234049584501085,0,0.0986345200878002,0.422074552007278,1,8,1.01861219738368,0,1,10,0,-7201.44028496171,-6808.98587331895,-392.454411642757
4791,2.00069657321683,1.92278395620032,0,0,0.025,0.234049584501085,0,0.0986345200878002,0.435609993747304,1,8,1.01861219738368,0,1,10,0,-7203.95746510528,-6811.50305346252,-392.454411642757
4796,2.00069657321683,1.92278395620032,0,0,0.025,0.223766000808509,0,0.0986345200878002,0.418548545719912,1,8,1.01861219738368,0,1,10,0,-7205.60698659569,-6811.56845484848,-394.038531747207
4801,1.99630382514678,1.9239350621639,0,0,0.025,0.223766000808509,0,0.0986345200878002,0.418548545719912,1,8,1.01861219738368,0,1,10,0,-7206.01042027104,-6809.57657556364,-396.433844707402
4806,1.99630382514678,1.9239350621639,0,0,0.025,0.213525783354818,0,0.0986345200878002,0.412934716575269,1,8,1.01861219738368,0,1,10,0,-7207.8680968467,-6811.60709495214,-396.261001894563
4811,1.99630382514678,1.70669192012119,0,0,0.025,0.231741951004205,0,0.0986345200878002,0.412934716575269,1,8,1.01861219738368,0,1,10,0,-7208.25099713527,-6811.98999524071,-396.261001894563
4816,1.99630382514678,1.70669192012119,0,0,0.025,0.231741951004205,0,0.0986345200878002,0.405550269192475,1,8,1.01861219738368,0,1,10,0,-7206.77274168812,-6812.45764994261,-394.315091745507
4821,1.99630382514678,1.80926981990484,0,0,0.025,0.22309222329523,0,0.0986345200878002,0.405550269192475,1,8,1.01861219738368,0,1,10,0,-7208.93644294255,-6812.44659947556,-396.489843466991
4826,1.99630382514678,1.80926981990484,0,0,0.025,0.22309222329523,0,0.0986345200878002,0.405550269192475,1,8,1.01861219738368,0,1,10,0,-7208.93644294255,-6812.44659947556,-396.489843466991
4831,1.99630382514678,1.76184137154259,0,0,0.025,0.235520330429471,0,0.0986345200878002,0.405550269192475,1,8,1.01861219738368,0,1,10,0,-7203.43736952614,-6808.5316461636,-394.905723362542
4836,1.99630382514678,1.83344452226501,0,0,0.025,0.235520330429471,0,0.0986345200878002,0.406187758490506,1,8,1.01861219738368,0,1,10,0,-7203.11666565153,-6808.21094228898,-394.905723362542
4841,1.99630382514678,1.83344452226501,0,0,0.025,0.230457600851506,0,0.0986345200878002,0.413290244577262,1,8,1.01861219738368,0,1,10,0,-7201.57003007688,-6807.25493833138,-394.315091745507
4846,1.99630382514678,1.83344452226501,0,0,0.025,0.230457600851506,0,0.0986345200878002,0.413290244577262,1,8,1.02709952053763,0,1,10,0,-7200.9222203777,-6805.86737072894,-395.054849648764
4851,1.99630382514678,1.83344452226501,0,0,0.025,0.230457600851506,0,0.0986345200878002,0.397219167396487,1,8,1.02709952053763,0,1,10,0,-7202.77210747642,-6808.11622672384,-394.65588075258
4856,1.99630382514678,1.91480000641347,0,0,0.025,0.254278229807277,0,0.0986345200878002,0.397219167396487,1,8,1.02709952053763,0,1,10,0,-7202.89408675743,-6808.21951387183,-394.674572885592
4861,1.99630382514678,1.91480000641347,0,0,0.025,0.254278229807277,0,0.0986345200878002,0.426106813872658,1,8,1.02709952053763,0,1,10,0,-7203.06191228492,-6808.38733939933,-394.674572885592
4866,1.99630382514678,1.91480000641347,0,0,0.025,0.249964072487837,0,0.0986345200878002,0.426106813872658,1,8,1.02709952053763,0,1,10,0,-7202.95740292152,-6808.28283003593,-394.674572885592
4871,1.99630382514678,1.91480000641347,0,0,0.025,0.249964072487837,0,0.0986345200878002,0.398715719049336,1,8,1.02709952053763,0,1,10,0,-7205.11396775794,-6807.36988950413,-397.744078253806
4876,1.99630382514678,1.91480000641347,0,0,0.025,0.270106177429164,0,0.0986345200878002,0.398715719049336,1,8,1.02709952053763,0,1,10,0,-7205.69624899498,-6807.95217074117,-397.744078253806
4881,2.01384402927832,1.90783398548953,0,0,0.025,0.270106177429164,0,0.0986345200878002,0.370099188941242,1,8,1.02709952053763,0,1,10,0,-7206.54711870873,-6808.80304045493,-397.744078253806
4886,2.01384402927832,1.90783398548953,0,0,0.025,0.264041017227973,0,0.0986345200878002,0.404554199874395,1,8,1.02709952053763,0,1,10,0,-7206.2092353695,-6807.59486769028,-398.614367679227
4891,2.01384402927832,1.90783398548953,0,0,0.025,0.264041017227973,0,0.0986345200878002,0.404554199874395,1,8,1.02709952053763,0,1,10,0,-7205.33114340848,-6807.35435305865,-397.976790349821
4896,2.01384402927832,1.90783398548953,0,0,0.025,0.257153197949944,0,0.0980814023202265,0.41151354916634,1,8,1.02709952053763,0,1,10,0,-7204.77365462098,-6806.79686427116,-397.976790349821
4901,2.01384402927832,1.86966481669896,0,0,0.025,0.247319174297929,0,0.0980814023202265,0.41151354916634,1,8,1.02709952053763,0,1,10,0,-7207.37795934253,-6809.40116899271,-397.976790349821
4906,2.01384402927832,1.86966481669896,0,0,0.025,0.247319174297929,0,0.0980814023202265,0.43664611717288,1,8,1.02709952053763,0,1,10,0,-7210.99323034479,-6812.61291099588,-398.380319348903
4911,2.01384402927832,1.86966481669896,0,0,0.025,0.260916456096252,0,0.0980814023202265,0.43664611717288,1,8,1.02709952053763,0,1,10,0,-7212.05668674008,-6813.40810340458,-398.648583335497
4916,1.96674584501819,1.86966481669896,0,0,0.025,0.260916456096252,0,0.0980814023202265,0.429693811194979,1,8,1.02709952053763,0,1,10,0,-7212.07399723139,-6813.42541389589,-398.648583335497
4921,1.96674584501819,1.86966481669896,0,0,0.025,0.274799386973197,0,0.0980814023202265,0.429693811194979,1,8,1.02709952053763,0,1,10,0,-7212.10163694296,-6813.20374439341,-398.897892549551
4926,1.96674584501819,1.86966481669896,0,0,0.025,0.274799386973197,0,0.0980814023202265,0.402756599296989,1,8,1.02709952053763,0,1,10,0,-7211.42219866864,-6812.52430611909,-398.897892549551
4931,1.96674584501819,1.86966481669896,0,0,0.025,0.255270738359317,0,0.0980814023202265,0.41412543403841,1,8,1.02709952053763,0,1,10,0,-7210.81144350653,-6811.91355095698,-398.897892549551
4936,1.96674584501819,1.86101289484043,0,0,0.025,0.255270738359317,0,0.0980814023202265,0.41412543403841,1,8,1.02709952053763,0,1,10,0,-7210.84613211491,-6811.94823956535,-398.897892549551
4941,1.96674584501819,1.86101289484043,0,0,0.025,0.239514943814076,0,0.0980814023202265,0.410245127342995,1,8,1.02709952053763,0,1,10,0,-7209.71710132793,-6810.89279713504,-398.824304192894
4946,1.96674584501819,1.86101289484043,0,0,0.025,0.255486227426447,0,0.0980814023202265,0.410245127342995,1,8,1.02709952053763,0,1,10,0,-7209.82767623713,-6811.00337204423,-398.824304192894
4951,1.96674584501819,1.86101289484043,0,0,0.025,0.255486227426447,0,0.0980814023202265,0.413672288409613,1,8,1.02709952053763,0,1,10,0,-7209.89236006056,-6811.06805586767,-398.824304192894
4956,1.96674584501819,1.84526119209233,0,0,0.025,0.258540066021777,0,0.0980814023202265,0.413672288409613,1,8,1.02709952053763,0,1,10,0,-7212.22319483279,-6813.29880718134,-398.924387651451
4961,1.96674584501819,1.84526119209233,0,0,0.025,0.258540066021777,0,0.0980814023202265,0.43260546906574,1,8,1.02709952053763,0,1,10,0,-7212.95126835131,-6812.58651911747,-400.364749233841
4966,1.96674584501819,1.94933988281284,0,0,0.025,0.280714476942682,0,0.0982691684613044,0.43260546906574,1,8,1.02709952053763,0,1,10,0,-7214.03010946816,-6814.28324493038,-399.746864537782
4971,1.96674584501819,2.11027830895769,0,0,0.025,0.280714476942682,0,0.0982691684613044,0.43260546906574,1,8,1.02709952053763,0,1,10,0,-7215.10720695101,-6814.05200959358,-401.055197357432
4976,1.96674584501819,2.11027830895769,0,0,0.025,0.291640803534259,0,0.0982691684613044,0.43260546906574,1,8,1.02709952053763,0,1,10,0,-7216.41693427302,-6814.74385221953,-401.673082053491
4981,1.96674584501819,2.170330607498,0,0,0.025,0.291640803534259,0,0.0982691684613044,0.43260546906574,1,8,1.02709952053763,0,1,10,0,-7214.79604731429,-6813.52843036891,-401.267616945383
4986,1.96674584501819,2.170330607498,0,0,0.025,0.291640803534259,0,0.0982691684613044,0.441992344701908,1,8,1.02709952053763,0,1,10,0,-7214.96828626606,-6813.70066932068,-401.267616945383
4991,1.96674584501819,2.24785827106072,0,0,0.025,0.291640803534259,0,0.0982691684613044,0.441992344701908,1,8,1.02709952053763,0,1,10,0,-7213.87516509642,-6813.91588097068,-399.959284125733
4996,1.96674584501819,2.24785827106072,0,0,0.025,0.291640803534259,0,0.0982691684613044,0.40246713465909,1,8,1.02709952053763,0,1,10,0,-7213.74013501986,-6813.78085089413,-399.959284125733
5001,1.96674584501819,2.16700135477134,0,0,0.025,0.267590618932589,0,0.0982691684613044,0.40246713465909,1,8,1.02709952053763,0,1,10,0,-7212.20279229104,-6812.24350816531,-399.959284125733
5006,1.96674584501819,2.16700135477134,0,0,0.025,0.267590618932589,0,0.0982691684613044,0.408103466225098,1,8,1.02709952053763,0,1,10,0,-7211.9588336594,-6813.04100340849,-398.917830250904
5011,1.96674584501819,2.16700135477134,0,0,0.025,0.248867621244442,0,0.0982691684613044,0.408103466225098,1,8,1.02709952053763,0,1,10,0,-7211.8863479465,-6813.8484407833,-398.037907163201
5016,1.96674584501819,1.96826269003083,0,0,0.025,0.248867621244442,0,0.0982691684613044,0.442416561200123,1,8,1.02709952053763,0,1,10,0,-7211.21306113625,-6813.17515397305,-398.037907163201
5021,1.96674584501819,1.96826269003083,0,0,0.025,0.235391932682042,0,0.0982691684613044,0.437770880934752,1,8,1.02709952053763,0,1,10,0,-7211.67082953282,-6813.46007955678,-398.210749976041
5026,1.96674584501819,1.96826269003083,0,0,0.025,0.235391932682042,0,0.0982691684613044,0.437770880934752,1,8,1.02709952053763,0,1,10,0,-7211.67082953282,-6813.46007955678,-398.210749976041
5031,1.96674584501819,1.96826269003083,0,0,0.025,0.235391932682042,0,0.0982691684613044,0.439233956058562,1,8,1.02709952053763,0,1,10,0,-7213.97383993993,-6815.44865847882,-398.525181461112
5036,1.96646704887267,1.99448008955322,0,0,0.025,0.235391932682042,0,0.0982691684613044,0.439233956058562,1,8,1.02709952053763,0,1,10,0,-7214.03930037551,-6815.5141189144,-398.525181461112
5041,1.96646704887267,1.99448008955322,0,0,0.025,0.235391932682042,0,0.0982691684613044,0.451035093384924,1,8,1.02709952053763,0,1,10,0,-7213.48971084284,-6815.74571762874,-397.743993214094
5046,1.96646704887267,2.12120618074214,0,0,0.025,0.224887387237258,0,0.0982691684613044,0.451035093384924,1,8,1.02709952053763,0,1,10,0,-7214.80483111884,-6817.06083790474,-397.743993214094
5051,1.96646704887267,2.12120618074214,0,0,0.025,0.224887387237258,0,0.0982691684613044,0.461521205814484,1,8,1.02709952053763,0,1,10,0,-7215.1373093366,-6818.58290018938,-396.55440914722
5056,1.96646704887267,1.94681855172696,0,0,0.025,0.205145053613488,0,0.0982691684613044,0.461521205814484,1,8,1.02709952053763,0,1,10,0,-7216.34611073158,-6821.08098620904,-395.265124522541
5061,1.96646704887267,2.057617885113,0,0,0.025,0.205145053613488,0,0.0982691684613044,0.495726107365289,1,8,1.02709952053763,0,1,10,0,-7217.49581842907,-6822.23069390653,-395.265124522541
5066,1.96646704887267,2.057617885113,0,0,0.025,0.207491191191805,0,0.0982691684613044,0.487326917235847,1,8,1.02709952053763,0,1,10,0,-7216.80550303602,-6821.35379255789,-395.451710478121
5071,1.96646704887267,1.82282912506195,0,0,0.025,0.207491191191805,0,0.0982691684613044,0.487326917235847,1,8,1.02709952053763,0,1,10,0,-7216.38233436999,-6820.93062389187,-395.451710478121
5076,1.96646704887267,1.82282912506195,0,0,0.025,0.221304614286974,0,0.0982691684613044,0.487326917235847,1,8,1.02709952053763,0,1,10,0,-7215.86789618185,-6820.41618570373,-395.451710478121
5081,2.03076157174768,1.86319447820878,0,0,0.025,0.234917525461131,0,0.0982691684613044,0.487326917235847,1,8,1.02709952053763,0,1,10,0,-7212.22917844238,-6817.00958018556,-395.219598256824
5086,2.03076157174768,1.86319447820878,0,0,0.025,0.234917525461131,0,0.0982691684613044,0.48774076059929,1,8,1.02709952053763,0,1,10,0,-7213.30857850533,-6816.32131833085,-396.987260174473
5091,1.97263541493041,1.86094510086686,0,0,0.025,0.227274020885615,0,0.097231651597267,0.48774076059929,1,8,1.02709952053763,0,1,10,0,-7209.62480424189,-6813.94587688707,-395.678927354823
5096,1.97263541493041,1.86094510086686,0,0,0.025,0.227274020885615,0,0.097231651597267,0.492191768415549,1,8,1.02709952053763,0,1,10,0,-7209.7929378649,-6814.11401051008,-395.678927354823
5101,1.97263541493041,1.86094510086686,0,0,0.025,0.215064399850085,0,0.097231651597267,0.492191768415549,1,8,1.02709952053763,0,1,10,0,-7208.94380954409,-6816.19162159133,-392.752187952756
5106,1.97263541493041,1.76627928357334,0,0,0.025,0.215064399850085,0,0.097231651597267,0.519012060206721,1,8,1.02709952053763,0,1,10,0,-7210.34384865769,-6817.59166070493,-392.752187952756
5111,1.97263541493041,1.76627928357334,0,0,0.025,0.199321587980629,0,0.097231651597267,0.551651369291774,1,8,1.02709952053763,0,1,10,0,-7212.67249178671,-6819.92030383396,-392.752187952756
5116,1.97263541493041,1.95672845008056,0,0,0.025,0.199321587980629,0,0.097231651597267,0.551651369291774,1,8,1.02709952053763,0,1,10,0,-7212.5213473654,-6819.76915941265,-392.752187952756
5121,1.97263541493041,1.95672845008056,0,0,0.025,0.222730132046255,0,0.097231651597267,0.546869616314553,1,8,1.02709952053763,0,1,10,0,-7210.72843334334,-6817.97624539058,-392.752187952756
5126,1.97263541493041,1.95672845008056,0,0,0.025,0.202452505927014,0,0.097231651597267,0.546869616314553,1,8,1.02709952053763,0,1,10,0,-7210.92982923303,-6821.82055734982,-389.109271883203
5131,1.97263541493041,1.95672845008056,0,0,0.025,0.202452505927014,0,0.0975537469986186,0.546869616314553,1,8,1.02709952053763,0,1,10,0,-7210.58913384287,-6820.34051838354,-390.24861545933
5136,1.97263541493041,1.94930912270038,0,0,0.025,0.202452505927014,0,0.0975537469986186,0.546869616314553,1,8,1.02709952053763,0,1,10,0,-7210.56441236802,-6820.31579690869,-390.24861545933
5141,1.97263541493041,1.94930912270038,0,0,0.025,0.202452505927014,0,0.0975537469986186,0.523692737311596,1,8,1.02709952053763,0,1,10,0,-7211.47098665908,-6819.6819261588,-391.789060500277
5146,1.97263541493041,1.8950658851692,0,0,0.025,0.209033111580292,0,0.0975537469986186,0.523692737311596,1,8,1.02709952053763,0,1,10,0,-7210.80086972353,-6819.01180922325,-391.789060500277
5151,1.9755235190479,1.80848153531206,0,0,0.025,0.209033111580292,0,0.0975537469986186,0.494088328534805,1,8,1.02709952053763,0,1,10,0,-7208.17926321017,-6817.93064775084,-390.24861545933
5156,1.9755235190479,1.80848153531206,0,0,0.025,0.212403261915364,0,0.0975537469986186,0.457337961659261,1,8,1.02709952053763,0,1,10,0,-7207.20188206481,-6815.60398609211,-391.597895972702
5161,1.9755235190479,1.62198040511571,0,0,0.025,0.212403261915364,0,0.0975537469986186,0.457337961659261,1,8,1.02709952053763,0,1,10,0,-7208.06681165358,-6816.24601719757,-391.820794456009
5166,1.9755235190479,1.62198040511571,0,0,0.025,0.215917095082171,0,0.0975537469986186,0.421352325088038,1,8,1.02709952053763,0,1,10,0,-7207.51224248276,-6816.93769631423,-390.574546168535
5171,1.9755235190479,1.62198040511571,0,0,0.025,0.209918630480211,0,0.0975537469986186,0.421352325088038,1,8,1.02709952053763,0,1,10,0,-7205.7165744294,-6815.38342525249,-390.333149176911
5176,1.9755235190479,1.62198040511571,0,0,0.025,0.209918630480211,0,0.0967279702907725,0.392789309315433,1,8,1.04621929828066,0,1,10,0,-7204.87818791615,-6815.76615695052,-389.11203096563
5181,1.9755235190479,1.62198040511571,0,0,0.025,0.229109418933782,0,0.0967279702907725,0.392789309315433,1,8,1.04621929828066,0,1,10,0,-7204.16510724585,-6815.05307628022,-389.11203096563
5186,1.9755235190479,1.62198040511571,0,0,0.025,0.229109418933782,0,0.0967279702907725,0.408742303900843,1,8,1.04621929828066,0,1,10,0,-7205.28725165773,-6814.13400036324,-391.15325129449
5191,1.9755235190479,1.63432183632657,0,0,0.025,0.23767493720928,0,0.0967279702907725,0.408742303900843,1,8,1.04621929828066,0,1,10,0,-7202.39685448978,-6811.31422076251,-391.082633727276
5196,1.9755235190479,1.78190630173278,0,0,0.025,0.23767493720928,0,0.0967279702907725,0.39024906113147,1,8,1.04621929828066,0,1,10,0,-7203.99770588418,-6811.60673933726,-392.390966546926
5201,1.9755235190479,1.78190630173278,0,0,0.025,0.236302731432803,0,0.0967279702907725,0.39024906113147,1,8,1.04621929828066,0,1,10,0,-7205.42561870652,-6811.37968798144,-394.045930725077
5206,1.9755235190479,1.78190630173278,0,0,0.025,0.236302731432803,0,0.0967279702907725,0.39024906113147,1,8,1.04621929828066,0,1,10,0,-7205.42561870652,-6811.37968798144,-394.045930725077
5211,1.9755235190479,1.78190630173278,0,0,0.025,0.253392910748748,0,0.0967279702907725,0.420640262712209,1,8,1.04621929828066,0,1,10,0,-7205.26170216223,-6811.21577143715,-394.045930725077
5216,1.9755235190479,1.97638607151671,0,0,0.025,0.240511183150462,0,0.0967279702907725,0.420640262712209,1,8,1.04621929828066,0,1,10,0,-7203.26466786613,-6811.58335762497,-391.681310241163
5221,1.9755235190479,1.97638607151671,0,0,0.025,0.240511183150462,0,0.0967279702907725,0.420640262712209,1,8,1.04621929828066,0,1,10,0,-7203.50631380151,-6811.01806992382,-392.488243877695
5226,1.9755235190479,1.94442641587569,0,0,0.025,0.241549527214918,0,0.0967279702907725,0.420640262712209,1,8,1.04621929828066,0,1,10,0,-7206.06897046811,-6812.11438952162,-393.954580946488
5231,1.9755235190479,1.94442641587569,0,0,0.025,0.241549527214918,0,0.0967279702907725,0.417671316583933,1,8,1.04621929828066,0,1,10,0,-7204.97966061138,-6809.31400910692,-395.665651504466
5236,1.9755235190479,2.13340635343307,0,0,0.025,0.241549527214918,0,0.0967279702907725,0.417671316583933,1,8,1.04621929828066,0,1,10,0,-7205.0879938328,-6810.86270391072,-394.225289922076
5241,1.9755235190479,2.04216813450432,0,0,0.025,0.241549527214918,0,0.0967279702907725,0.410710142867876,1,8,1.04621929828066,0,1,10,0,-7205.48291617432,-6811.50674528996,-393.976170884359
5246,1.9755235190479,2.04216813450432,0,0,0.025,0.255012806074617,0,0.0967279702907725,0.410710142867876,1,8,1.04621929828066,0,1,10,0,-7205.00311801745,-6811.02694713309,-393.976170884359
5251,1.9755235190479,2.04216813450432,0,0,0.025,0.255012806074617,0,0.0967279702907725,0.410710142867876,1,8,1.04621929828066,0,1,10,0,-7207.30644096355,-6812.69684213333,-394.609598830217
5256,1.9755235190479,2.04216813450432,0,0,0.025,0.255012806074617,0,0.0967279702907725,0.430708302707704,1,8,1.04621929828066,0,1,10,0,-7206.07324899662,-6812.09707811227,-393.976170884359
5261,1.9755235190479,2.04570959209314,0,0,0.025,0.24427899116451,0,0.0967279702907725,0.430708302707704,1,8,1.04621929828066,0,1,10,0,-7208.82274683827,-6813.51685194428,-395.30589489399
5266,1.9755235190479,2.04570959209314,0,0,0.025,0.24427899116451,0,0.0967279702907725,0.430264005392235,1,8,1.04621929828066,0,1,10,0,-7206.72628340997,-6811.14965600185,-395.576627408128
5271,1.9755235190479,2.04570959209314,0,0,0.025,0.251677893595624,0,0.0967279702907725,0.430264005392235,1,8,1.04621929828066,0,1,10,0,-7201.77771655905,-6805.62027115533,-396.157445403714
5276,1.9755235190479,2.04570959209314,0,0,0.025,0.251677893595624,0,0.0967279702907725,0.430264005392235,1,8,1.04621929828066,0,1,10,0,-7201.77771655905,-6805.62027115533,-396.157445403714
5281,1.9755235190479,2.0249796898101,0,0,0.025,0.24958750784943,0,0.0967279702907725,0.430264005392235,1,8,1.04621929828066,0,1,10,0,-7199.72069571497,-6803.4578897956,-396.262805919372
5286,1.9755235190479,2.18339447847865,0,0,0.025,0.24958750784943,0,0.0967279702907725,0.441720891078296,1,8,1.04621929828066,0,1,10,0,-7202.94862992175,-6805.37749118273,-397.571138739022
5291,1.9755235190479,2.18339447847865,0,0,0.025,0.260209759034334,0,0.0967279702907725,0.472808084165115,1,8,1.04621929828066,0,1,10,0,-7202.2081714782,-6804.63703273918,-397.571138739022
5296,1.9755235190479,2.03548914567658,0,0,0.025,0.260209759034334,0,0.0967279702907725,0.472808084165115,1,8,1.04621929828066,0,1,10,0,-7205.64137582363,-6809.10381690301,-396.537558920625
5301,1.9755235190479,2.03548914567658,0,0,0.025,0.256759770664454,0,0.0967279702907725,0.461490712276314,1,8,1.04621929828066,0,1,10,0,-7203.85027326875,-6806.88820104505,-396.962072223704
5306,1.96943035710138,1.95574059714274,0,0,0.025,0.270954026334728,0,0.0967279702907725,0.461490712276314,1,8,1.04621929828066,0,1,10,0,-7208.91293219344,-6809.22219048143,-399.690741712009
5311,1.96943035710138,1.95574059714274,0,0,0.025,0.270954026334728,0,0.0967279702907725,0.461490712276314,1,8,1.04621929828066,0,1,10,0,-7208.29564443296,-6808.91135287839,-399.384291554568
5316,1.96943035710138,2.02807597644698,0,0,0.025,0.276478981942481,0,0.0967279702907725,0.461490712276314,1,8,1.04621929828066,0,1,10,0,-7209.65809360298,-6809.13882211557,-400.519271487407
5321,1.96943035710138,2.02807597644698,0,0,0.025,0.276478981942481,0,0.0967279702907725,0.436123883872234,1,8,1.04621929828066,0,1,10,0,-7209.64501688651,-6811.62297253328,-398.022044353231
5326,1.96943035710138,1.91911917090743,0,0,0.025,0.276478981942481,0,0.0967279702907725,0.436123883872234,1,8,1.04621929828066,0,1,10,0,-7212.24907164317,-6811.77081113261,-400.478260510556
5331,1.96943035710138,2.12698218453338,0,0,0.025,0.276478981942481,0,0.0967279702907725,0.436123883872234,1,8,1.04621929828066,0,1,10,0,-7209.08257882198,-6806.09879237443,-402.983786447547
5336,1.96943035710138,2.12698218453338,0,0,0.025,0.275909343958943,0,0.0967279702907725,0.405814492544971,1,8,1.04621929828066,0,1,10,0,-7208.83947072548,-6808.8733954582,-399.966075267274
5341,1.98065940746362,2.1023981466229,0,0,0.025,0.275909343958943,0,0.0967279702907725,0.405814492544971,1,8,1.04621929828066,0,1,10,0,-7205.38959173873,-6806.60914013711,-398.780451601616
5346,1.98065940746362,2.1023981466229,0,0,0.025,0.299035089453617,0,0.0967279702907725,0.426600602982193,1,8,1.04621929828066,0,1,10,0,-7206.17543578389,-6807.39498418227,-398.780451601616
5351,1.98065940746362,1.88997539325152,0,0,0.025,0.293188650038702,0,0.0967279702907725,0.426600602982193,1,8,1.04621929828066,0,1,10,0,-7206.34781789083,-6807.56736628921,-398.780451601616
5356,1.98065940746362,1.88997539325152,0,0,0.025,0.293188650038702,0,0.0967279702907725,0.409993648814016,1,8,1.04621929828066,0,1,10,0,-7207.6320190172,-6806.19960668114,-401.432412336068
5361,1.98065940746362,2.00761189366616,0,0,0.025,0.293188650038702,0,0.0967279702907725,0.409993648814016,1,8,1.04621929828066,0,1,10,0,-7208.60019904593,-6807.46024206107,-401.139956984863
5366,1.98065940746362,2.00761189366616,0,0,0.025,0.293188650038702,0,0.0967279702907725,0.409993648814016,1,8,1.04621929828066,0,1,10,0,-7207.43669816248,-6809.53113237777,-397.90556578471
5371,1.98065940746362,2.00761189366616,0,0,0.025,0.293188650038702,0,0.0967279702907725,0.409993648814016,1,8,1.04621929828066,0,1,10,0,-7205.94654329257,-6809.68818264482,-396.258360647751
5376,1.98065940746362,1.91627399705207,0,0,0.025,0.293188650038702,0,0.0967279702907725,0.397062467762715,1,8,1.04621929828066,0,1,10,0,-7206.11201616805,-6809.8536555203,-396.258360647751
5381,1.98065940746362,1.91627399705207,0,0,0.025,0.304875997052614,0,0.0967279702907725,0.391271697171118,1,8,1.04621929828066,0,1,10,0,-7203.72851680839,-6807.63337414644,-396.095142661951
5386,1.98065940746362,1.96593434957412,0,0,0.025,0.304875997052614,0,0.0967279702907725,0.391271697171118,1,8,1.04621929828066,0,1,10,0,-7203.52592533655,-6808.33523894882,-395.190686387723
5391,1.98065940746362,1.96593434957412,0,0,0.025,0.29820801743467,0,0.0967279702907725,0.391271697171118,1,8,1.04621929828066,0,1,10,0,-7203.02785140008,-6807.83716501236,-395.190686387723
5396,1.98065940746362,1.91245869599262,0,0,0.025,0.281435996105076,0,0.0967279702907725,0.391271697171118,1,8,1.04621929828066,0,1,10,0,-7202.16517910519,-6806.97449271746,-395.190686387723
5401,1.98065940746362,1.91245869599262,0,0,0.025,0.281435996105076,0,0.0967279702907725,0.391271697171118,1,8,1.04621929828066,0,1,10,0,-7203.53408375603,-6807.00839630158,-396.525687454456
5406,1.98065940746362,1.91245869599262,0,0,0.025,0.300228938109732,0,0.0967279702907725,0.391271697171118,1,8,1.04621929828066,0,1,10,0,-7206.49849361886,-6808.78718249875,-397.711311120114
5411,1.98065940746362,1.91245869599262,0,0,0.025,0.300228938109732,0,0.0967279702907725,0.414043002982135,1,8,1.04621929828066,0,1,10,0,-7207.51003124544,-6809.0599776715,-398.450053573946
5416,1.98065940746362,1.91245869599262,0,0,0.025,0.297897962560566,0,0.0967279702907725,0.414043002982135,1,8,1.04621929828066,0,1,10,0,-7207.32202267377,-6808.87196909982,-398.450053573946
5421,1.98065940746362,2.03436637911368,0,0,0.025,0.297897962560566,0,0.0967279702907725,0.409640437190637,1,8,1.04621929828066,0,1,10,0,-7205.24295008407,-6808.63274708722,-396.610202996851
5426,1.98065940746362,2.03436637911368,0,0,0.025,0.287118934711682,0,0.0967279702907725,0.412999312711156,1,8,1.04621929828066,0,1,10,0,-7207.95700925427,-6809.06763028732,-398.889378966955
5431,1.98065940746362,1.90287183261474,0,0,0.025,0.287118934711682,0,0.0967279702907725,0.412999312711156,1,8,1.04621929828066,0,1,10,0,-7208.98964640131,-6810.4265952219,-398.563051179406
5436,1.98065940746362,1.90287183261474,0,0,0.025,0.27214184316916,0,0.0967279702907725,0.434673446210634,1,8,1.01942178589742,0,1,10,0,-7206.04240825399,-6810.89575985361,-395.146648400385
5441,1.98065940746362,1.65530103675679,0,0,0.025,0.261449217048364,0,0.0967279702907725,0.434673446210634,1,8,1.01942178589742,0,1,10,0,-7209.07648196993,-6812.85939215784,-396.217089812086
5446,1.98065940746362,1.65530103675679,0,0,0.025,0.261449217048364,0,0.0967279702907725,0.426576493344968,1,8,1.01942178589742,0,1,10,0,-7213.18386149016,-6816.0044044879,-397.179457002258
5451,1.98065940746362,1.65530103675679,0,0,0.025,0.261449217048364,0,0.0967279702907725,0.426576493344968,1,8,1.01942178589742,0,1,10,0,-7215.24553780614,-6815.64571267523,-399.599825130909
5456,1.98065940746362,1.65530103675679,0,0,0.025,0.261449217048364,0,0.0967279702907725,0.426576493344968,1,8,1.01942178589742,0,1,10,0,-7213.21525094089,-6816.82017797361,-396.395072967282
5461,1.98065940746362,1.65923574911343,0,0,0.025,0.261449217048364,0,0.0967279702907725,0.426576493344968,1,8,1.01942178589742,0,1,10,0,-7208.20848303538,-6812.79688832928,-395.411594706098
5466,1.98065940746362,1.85403299622895,0,0,0.025,0.261449217048364,0,0.0967279702907725,0.389637255047509,1,8,1.01942178589742,0,1,10,0,-7207.2473809857,-6811.8357862796,-395.411594706098
5471,1.98065940746362,1.85403299622895,0,0,0.025,0.257777452273729,0,0.0962268387489283,0.428683392507287,1,8,1.01942178589742,0,1,10,0,-7207.84166462731,-6812.43006992121,-395.411594706098
5476,1.98065940746362,2.00125219100124,0,0,0.025,0.257777452273729,0,0.0962268387489283,0.428683392507287,1,8,1.01942178589742,0,1,10,0,-7206.00821499725,-6813.32664939898,-392.681565598278
5481,1.98065940746362,2.00125219100124,0,0,0.025,0.234202480400522,0,0.0962268387489283,0.425915074885705,1,8,1.01942178589742,0,1,10,0,-7207.86422337609,-6815.18265777781,-392.681565598278
5486,1.98065940746362,1.95520229801819,0,0,0.025,0.228915459974562,0,0.0962268387489283,0.425915074885705,1,8,1.01942178589742,0,1,10,0,-7206.090843055,-6814.71761027637,-391.373232778627
5491,1.98065940746362,1.95520229801819,0,0,0.025,0.228915459974562,0,0.0962268387489283,0.458638584196253,1,8,1.01942178589742,0,1,10,0,-7207.38990908424,-6813.09890557353,-394.291003510712
5496,1.98065940746362,1.98548744841948,0,0,0.025,0.228915459974562,0,0.0965512343673744,0.458638584196253,1,8,1.01942178589742,0,1,10,0,-7206.31890385257,-6811.86989609272,-394.449007759855
5501,1.98065940746362,1.98548744841948,0,0,0.025,0.228915459974562,0,0.0965512343673744,0.43275676500673,1,8,1.01942178589742,0,1,10,0,-7203.72980435941,-6810.92545864546,-392.804345713952
5506,1.98065940746362,1.98548744841948,0,0,0.025,0.241028823458212,0,0.0965512343673744,0.43275676500673,1,8,1.01942178589742,0,1,10,0,-7202.32153028089,-6809.51718456694,-392.804345713952
5511,1.98478329483458,1.80368147309891,0,0,0.025,0.241028823458212,0,0.0965512343673744,0.421757860074747,1,8,1.01942178589742,0,1,10,0,-7201.78213731664,-6805.90997360236,-395.872163714279
5516,1.98478329483458,1.80368147309891,0,0,0.025,0.232768858463778,0,0.0965512343673744,0.444241602137676,1,8,1.01942178589742,0,1,10,0,-7202.2288377547,-6804.74723612799,-397.481601626713
5521,1.98478329483458,1.75257511569705,0,0,0.025,0.232768858463778,0,0.0965512343673744,0.444241602137676,1,8,1.01942178589742,0,1,10,0,-7201.80687575766,-6804.4306346466,-397.376241111055
5526,1.98478329483458,1.75257511569705,0,0,0.025,0.232768858463778,0,0.0965512343673744,0.408676568475731,1,8,1.01942178589742,0,1,10,0,-7201.30833886508,-6803.93209775402,-397.376241111055
5531,1.98478329483458,1.55270109372114,0,0,0.025,0.229370316531546,0,0.0965512343673744,0.408676568475731,1,8,1.01942178589742,0,1,10,0,-7202.09658897784,-6804.72034786678,-397.376241111055
5536,1.98478329483458,1.55270109372114,0,0,0.025,0.229370316531546,0,0.0965512343673744,0.437849094262296,1,8,1.01942178589742,0,1,10,0,-7202.07970394482,-6804.39597813402,-397.683725810803
5541,1.98478329483458,1.50957214750327,0,0,0.025,0.212596457953023,0,0.0965512343673744,0.437849094262296,1,8,1.01942178589742,0,1,10,0,-7203.19147589607,-6805.50775008527,-397.683725810803
5546,1.98478329483458,1.50957214750327,0,0,0.025,0.212596457953023,0,0.0965512343673744,0.437849094262296,1,8,1.01942178589742,0,1,10,0,-7205.15366223394,-6806.25691378329,-398.896748450649
5551,1.98478329483458,1.50957214750327,0,0,0.025,0.212596457953023,0,0.0965512343673744,0.437849094262296,1,8,1.01942178589742,0,1,10,0,-7205.31373560531,-6806.72447185441,-398.589263750901
5556,1.98478329483458,1.70920416700937,0,0,0.025,0.212596457953023,0,0.0965512343673744,0.399346515435139,1,8,1.01942178589742,0,1,10,0,-7204.58333743196,-6805.99407368105,-398.589263750901
5561,1.98478329483458,1.70920416700937,0,0,0.025,0.218141372055255,0,0.0965512343673744,0.367317803583683,1,8,1.01942178589742,0,1,10,0,-7205.31261195253,-6806.72334820163,-398.589263750901
5566,1.98478329483458,1.70920416700937,0,0,0.025,0.218141372055255,0,0.0965512343673744,0.367317803583683,1,8,1.01942178589742,0,1,10,0,-7202.33076214098,-6805.41220013366,-396.918562007328
5571,1.98478329483458,1.70920416700937,0,0,0.025,0.241537308061295,0,0.0965512343673744,0.38705655161032,1,8,1.01942178589742,0,1,10,0,-7197.38372730474,-6800.80691459114,-396.576812713606
5576,1.98478329483458,1.66704714765791,0,0,0.025,0.240016842784953,0,0.0965512343673744,0.38705655161032,1,8,1.01942178589742,0,1,10,0,-7197.50491370366,-6800.92810099006,-396.576812713606
5581,1.98478329483458,1.66704714765791,0,0,0.025,0.240016842784953,0,0.0965512343673744,0.394034907535693,1,8,1.01942178589742,0,1,10,0,-7196.97176480528,-6799.24904308831,-397.722721716977
5586,1.98478329483458,1.72466290478765,0,0,0.025,0.229512267468782,0,0.0965512343673744,0.394034907535693,1,8,1.01942178589742,0,1,10,0,-7197.60681858685,-6799.88409686987,-397.722721716977
5591,1.98478329483458,1.72466290478765,0,0,0.025,0.229512267468782,0,0.0965512343673744,0.410196949146075,1,8,1.01942178589742,0,1,10,0,-7198.60754017085,-6800.84389442374,-397.763645747108
5596,1.98478329483458,1.72466290478765,0,0,0.025,0.229512267468782,0,0.0965512343673744,0.410196949146075,1,8,1.01942178589742,0,1,10,0,-7195.66361298797,-6800.85595918576,-394.807653802204
5601,1.95506217903214,1.72466290478765,0,0,0.025,0.229512267468782,0,0.0965512343673744,0.447880395591125,1,8,1.01942178589742,0,1,10,0,-7197.45390515875,-6802.64625135655,-394.807653802204
5606,1.95506217903214,1.72466290478765,0,0,0.025,0.252199373215137,0,0.0964046004376963,0.414020922070349,1,8,1.01942178589742,0,1,10,0,-7197.88883807455,-6801.8681616325,-396.020676442049
5611,1.95506217903214,1.72466290478765,0,0,0.025,0.252199373215137,0,0.0964046004376963,0.414020922070349,1,8,1.01942178589742,0,1,10,0,-7193.19363388547,-6800.06952596785,-393.124107917616
5616,1.95506217903214,1.72466290478765,0,0,0.025,0.248708115654775,0,0.0964046004376963,0.420258276970224,1,8,1.01942178589742,0,1,10,0,-7193.25045024131,-6799.81885762394,-393.431592617364
5621,1.95506217903214,1.75509162149202,0,0,0.025,0.22822569240772,0,0.0964046004376963,0.420258276970224,1,8,1.01942178589742,0,1,10,0,-7195.02726142128,-6799.47540526772,-395.551856153564
5626,1.95506217903214,1.75509162149202,0,0,0.025,0.22822569240772,0,0.0964046004376963,0.396689592486391,1,8,1.01942178589742,0,1,10,0,-7194.5934307697,-6800.34085760027,-394.252573169434
5631,1.95506217903214,1.65217128134504,0,0,0.025,0.226281259673318,0,0.0964046004376963,0.396689592486391,1,8,1.01942178589742,0,1,10,0,-7193.9819078157,-6798.67003377781,-395.311874037887
5636,1.95506217903214,1.65217128134504,0,0,0.025,0.226281259673318,0,0.0964046004376963,0.371419196886618,1,8,1.01942178589742,0,1,10,0,-7193.8598565507,-6798.54798251281,-395.311874037887
5641,1.95506217903214,1.65217128134504,0,0,0.025,0.225898910910031,0,0.0964046004376963,0.371419196886618,1,8,1.01942178589742,0,1,10,0,-7197.15906844395,-6800.15637940813,-397.002689035821
5646,1.95506217903214,1.6199030598694,0,0,0.025,0.225898910910031,0,0.0964046004376963,0.371419196886618,1,8,1.01942178589742,0,1,10,0,-7197.49311807956,-6799.89259204298,-397.600526036577
5651,1.95506217903214,1.6199030598694,0,0,0.025,0.209891049807343,0,0.0964046004376963,0.374752493350657,1,8,1.01942178589742,0,1,10,0,-7199.85194222894,-6801.59827434641,-398.253667882523
5656,1.95506217903214,1.81386762170746,0,0,0.025,0.209891049807343,0,0.0964046004376963,0.374752493350657,1,8,1.01942178589742,0,1,10,0,-7201.00462552277,-6802.75095764025,-398.253667882523
5661,1.95506217903214,1.81386762170746,0,0,0.025,0.209891049807343,0,0.0964046004376963,0.346531252469822,1,8,1.01942178589742,0,1,10,0,-7203.15180122396,-6804.89813334144,-398.253667882523
5666,1.94510091782201,1.56482808029922,0,0,0.025,0.232215679081689,0,0.0964046004376963,0.346531252469822,1,8,1.01942178589742,0,1,10,0,-7199.9524740866,-6801.69880620408,-398.253667882523
5671,1.94510091782201,1.56482808029922,0,0,0.025,0.232215679081689,0,0.0964046004376963,0.332443344883347,1,8,1.01942178589742,0,1,10,0,-7202.93698331233,-6804.56780254268,-398.369180769645
5676,1.93679687458164,1.80705696586588,0,0,0.025,0.232621141668989,0,0.0964046004376963,0.332443344883347,1,8,1.01942178589742,0,1,10,0,-7204.05352546115,-6805.6843446915,-398.369180769645
5681,1.94478553202431,1.80705696586588,0,0,0.025,0.232621141668989,0,0.0964046004376963,0.345263165637317,1,8,1.01942178589742,0,1,10,0,-7202.72394252384,-6804.35476175419,-398.369180769645
5686,1.94478553202431,1.5736085498807,0,0,0.025,0.225680473629959,0,0.0964046004376963,0.345263165637317,1,8,1.01942178589742,0,1,10,0,-7204.55034443307,-6804.96814102358,-399.582203409491
5691,1.94478553202431,1.5736085498807,0,0,0.025,0.225680473629959,0,0.0964046004376963,0.380515807839709,1,8,1.01942178589742,0,1,10,0,-7204.30699961811,-6804.72479620862,-399.582203409491
5696,1.94478553202431,1.5736085498807,0,0,0.025,0.225680473629959,0,0.0964046004376963,0.416767105642651,1,8,1.01942178589742,0,1,10,0,-7208.21696868875,-6807.67303619762,-400.543932491129
5701,1.94478553202431,1.5736085498807,0,0,0.025,0.225680473629959,0,0.0964046004376963,0.416767105642651,1,8,1.01942178589742,0,1,10,0,-7207.06291167654,-6808.9132811206,-398.149630555944
5706,1.94478553202431,1.5736085498807,0,0,0.025,0.219062582638756,0,0.0947530777075075,0.426025177374737,1,8,1.01942178589742,0,1,10,0,-7205.68321047997,-6809.27654922908,-396.406661250885
5711,1.94478553202431,1.55145183489897,0,0,0.025,0.219062582638756,0,0.0947530777075075,0.426025177374737,1,8,1.01942178589742,0,1,10,0,-7206.26029089385,-6811.06346756675,-395.196823327107
5716,1.94478553202431,1.55145183489897,0,0,0.025,0.219062582638756,0,0.0947530777075075,0.410947648666389,1,8,1.01942178589742,0,1,10,0,-7202.48128569345,-6807.71624478277,-394.765040910681
5721,1.94478553202431,1.60967726947943,0,0,0.025,0.207625154037498,0,0.0947530777075075,0.410947648666389,1,8,1.01942178589742,0,1,10,0,-7202.86720272037,-6808.10216180969,-394.765040910681
5726,1.94478553202431,1.60967726947943,0,0,0.025,0.207625154037498,0,0.0947530777075075,0.430401527141079,1,8,1.01942178589742,0,1,10,0,-7202.69667942398,-6808.61682871296,-394.079850711022
5731,1.94478553202431,1.60967726947943,0,0,0.025,0.207625154037498,0,0.0947530777075075,0.430401527141079,1,8,1.01942178589742,0,1,10,0,-7202.69667942398,-6808.61682871296,-394.079850711022
5736,1.94478553202431,1.60967726947943,0,0,0.025,0.207625154037498,0,0.0947530777075075,0.430401527141079,1,8,1.01942178589742,0,1,10,0,-7202.69667942398,-6808.61682871296,-394.079850711022
5741,1.94478553202431,1.60967726947943,0,0,0.025,0.212056597447136,0,0.0947530777075075,0.427375977300985,1,8,1.01942178589742,0,1,10,0,-7202.29440112437,-6808.21455041335,-394.079850711022
5746,1.94478553202431,1.60967726947943,0,0,0.025,0.212056597447136,0,0.0947530777075075,0.427375977300985,1,8,1.01942178589742,0,1,10,0,-7202.29440112437,-6808.21455041335,-394.079850711022
5751,1.94478553202431,1.60967726947943,0,0,0.025,0.214050588137882,0,0.0947530777075075,0.395352992901732,1,8,1.01942178589742,0,1,10,0,-7199.95607884539,-6806.85623468063,-393.099844164761
5756,1.94478553202431,1.68705188676886,0,0,0.025,0.238205050226145,0,0.0947530777075075,0.395352992901732,1,8,1.01942178589742,0,1,10,0,-7198.71464586872,-6805.61480170396,-393.099844164761
5761,1.94478553202431,1.68705188676886,0,0,0.025,0.238205050226145,0,0.0947530777075075,0.415716022797365,1,8,1.01942178589742,0,1,10,0,-7201.9009494844,-6807.82109877338,-394.079850711022
5766,1.94478553202431,1.68705188676886,0,0,0.025,0.238537184508511,0,0.0947530777075075,0.415716022797365,1,8,1.01942178589742,0,1,10,0,-7200.52482003945,-6808.21100290968,-392.313817129767
5771,1.94478553202431,1.68705188676886,0,0,0.025,0.238537184508511,0,0.0947530777075075,0.378056508827735,1,8,1.01942178589742,0,1,10,0,-7200.41196259294,-6809.41033185214,-391.001630740801
5776,1.94478553202431,1.55785997454785,0,0,0.025,0.245155621876387,0,0.0947530777075075,0.378056508827735,1,8,1.01942178589742,0,1,10,0,-7201.18210191978,-6810.18047117898,-391.001630740801
5781,1.94478553202431,1.44382037167417,0,0,0.025,0.245155621876387,0,0.0947530777075075,0.369193732490983,1,8,1.01942178589742,0,1,10,0,-7202.72442795018,-6810.22098996114,-392.503437989043
5786,1.94478553202431,1.44382037167417,0,0,0.025,0.239387009254454,0,0.0947530777075075,0.407461319442307,1,8,1.01942178589742,0,1,10,0,-7200.02360379711,-6808.61626982461,-391.407333972496
5791,1.94478553202431,1.6371495213314,0,0,0.025,0.239387009254454,0,0.0947530777075075,0.407461319442307,1,8,1.02621381259388,0,1,10,0,-7197.22899411153,-6805.82166013903,-391.407333972496
5796,1.94478553202431,1.6371495213314,0,0,0.025,0.239387009254454,0,0.0947530777075075,0.407461319442307,1,8,1.02621381259388,0,1,10,0,-7196.68815374318,-6805.82929501537,-390.858858727809
5801,1.95054950461845,1.71642861310519,0,0,0.025,0.239387009254454,0,0.0947530777075075,0.407461319442307,1,8,1.02621381259388,0,1,10,0,-7198.52736932891,-6804.66465920311,-393.862710125802
5806,1.95054950461845,1.71642861310519,0,0,0.025,0.239387009254454,0,0.0947530777075075,0.375745465688186,1,8,1.02621381259388,0,1,10,0,-7198.47377466498,-6804.87351951071,-393.600255154273
5811,1.96669469120141,1.71642861310519,0,0,0.025,0.239387009254454,0,0.0947530777075075,0.375745465688186,1,8,1.02621381259388,0,1,10,0,-7200.80219049282,-6807.75041058323,-393.051779909585
5816,1.95082563961749,1.71642861310519,0,0,0.025,0.239387009254454,0,0.0947530777075075,0.411504869692521,1,8,1.02621381259388,0,1,10,0,-7203.5716680958,-6807.252049052,-396.319619043806
5821,1.95082563961749,1.74282114915811,0,0,0.025,0.236917136120116,0,0.0947530777075075,0.411504869692521,1,8,1.02621381259388,0,1,10,0,-7205.64153499509,-6808.10889331144,-397.532641683652
5826,1.95082563961749,1.84663540291075,0,0,0.025,0.236917136120116,0,0.0947530777075075,0.411504869692521,1,8,1.02621381259388,0,1,10,0,-7209.74252818543,-6808.61922843768,-401.123299747754
5831,1.95082563961749,1.84663540291075,0,0,0.025,0.259543933757869,0,0.0947530777075075,0.406872767161548,1,8,1.02621381259388,0,1,10,0,-7208.40419853274,-6808.11714680919,-400.287051723553
5836,1.95082563961749,1.75129578315497,0,0,0.025,0.259543933757869,0,0.0947530777075075,0.406872767161548,1,8,1.02621381259388,0,1,10,0,-7208.57064107297,-6808.28358934942,-400.287051723553
5841,1.95082563961749,1.75129578315497,0,0,0.025,0.278786323230114,0,0.0947530777075075,0.379234358916024,1,8,1.02621381259388,0,1,10,0,-7208.82992460561,-6808.54287288206,-400.287051723553
5846,1.95082563961749,1.98759835598688,0,0,0.025,0.289860306749053,0,0.0947530777075075,0.379234358916024,1,8,1.02621381259388,0,1,10,0,-7208.79725138941,-6808.28286072331,-400.514390666097
5851,1.95082563961749,1.98759835598688,0,0,0.025,0.289860306749053,0,0.0947530777075075,0.379234358916024,1,8,1.02621381259388,0,1,10,0,-7208.14033568182,-6808.03833056668,-400.102005115145
5856,1.95082563961749,1.94546071915875,0,0,0.025,0.289860306749053,0,0.0957010362547945,0.379234358916024,1,8,1.02621381259388,0,1,10,0,-7207.3600095875,-6807.25800447235,-400.102005115145
5861,1.93415526629998,1.94546071915875,0,0,0.025,0.289860306749053,0,0.0957010362547945,0.391234969293978,1,8,1.02621381259388,0,1,10,0,-7206.89014217832,-6808.12313812991,-398.767004048412
5866,1.93415526629998,2.11920076535014,0,0,0.025,0.267155379411578,0,0.0957010362547945,0.391234969293978,1,8,1.02621381259388,0,1,10,0,-7207.37450065253,-6808.60749660412,-398.767004048412
5871,1.93415526629998,2.02860072030511,0,0,0.025,0.267155379411578,0,0.0957010362547945,0.367326611850562,1,8,1.02621381259388,0,1,10,0,-7207.20758838548,-6808.44058433707,-398.767004048412
5876,1.93415526629998,2.02860072030511,0,0,0.025,0.256747065103574,0,0.0957010362547945,0.367326611850562,1,8,1.02621381259388,0,1,10,0,-7207.60750530911,-6808.28711602251,-399.320389286597
5881,1.93415526629998,2.02860072030511,0,0,0.025,0.256747065103574,0,0.0957010362547945,0.367326611850562,1,8,1.01687759694073,0,1,10,0,-7208.07956070001,-6808.75917141342,-399.320389286597
5886,1.93415526629998,2.02860072030511,0,0,0.025,0.280805046737767,0,0.0957010362547945,0.383469402019436,1,8,1.01687759694073,0,1,10,0,-7209.76017824827,-6807.97593572108,-401.784242527187
5891,1.93415526629998,1.91897684739966,0,0,0.025,0.283575627959856,0,0.0957010362547945,0.383469402019436,1,8,1.01687759694073,0,1,10,0,-7210.67745171218,-6807.58487636534,-403.092575346837
5896,1.93415526629998,1.91897684739966,0,0,0.025,0.283575627959856,0,0.0957010362547945,0.367368966428567,1,8,1.01687759694073,0,1,10,0,-7209.73502191465,-6807.95077938746,-401.784242527187
5901,1.93415526629998,1.70512048030983,0,0,0.025,0.265376423121887,0,0.0957010362547945,0.367368966428567,1,8,1.01687759694073,0,1,10,0,-7209.62448668841,-6807.84024416122,-401.784242527187
5906,1.93415526629998,1.70512048030983,0,0,0.025,0.265376423121887,0,0.0957010362547945,0.403529462694283,1,8,1.04277899166834,0,1,10,0,-7205.54088197843,-6807.68682976063,-397.854052217804
5911,1.93415526629998,1.69812627365173,0,0,0.025,0.241883994661093,0,0.0957010362547945,0.403529462694283,1,8,1.04277899166834,0,1,10,0,-7209.92841660941,-6810.59464024203,-399.33377636738
5916,1.93415526629998,1.69812627365173,0,0,0.025,0.241883994661093,0,0.0957010362547945,0.405774875744688,1,8,1.04277899166834,0,1,10,0,-7210.01357074701,-6810.67979437963,-399.33377636738
5921,1.93415526629998,1.69812627365173,0,0,0.025,0.241883994661093,0,0.0957010362547945,0.405774875744688,1,8,1.04277899166834,0,1,10,0,-7210.01357074701,-6810.67979437963,-399.33377636738
5926,1.93415526629998,1.85521809185507,0,0,0.025,0.241883994661093,0,0.0957010362547945,0.405774875744688,1,8,1.04277899166834,0,1,10,0,-7212.55050894782,-6809.74081233635,-402.809696611477
5931,1.93415526629998,1.85521809185507,0,0,0.025,0.254075322531951,0,0.0957010362547945,0.405774875744688,1,8,1.04277899166834,0,1,10,0,-7212.74035163924,-6809.93065502776,-402.809696611477
5936,1.93415526629998,1.85521809185507,0,0,0.025,0.244112160965781,0,0.0957010362547945,0.405774875744688,1,8,1.04277899166834,0,1,10,0,-7211.24106357097,-6809.73969977915,-401.501363791827
5941,1.93415526629998,1.85521809185507,0,0,0.025,0.244112160965781,0,0.0957010362547945,0.405774875744688,1,8,1.04277899166834,0,1,10,0,-7208.29921116387,-6809.26170061263,-399.037510551236
5946,1.93415526629998,1.85521809185507,0,0,0.025,0.239411845340689,0,0.0957010362547945,0.405774875744688,1,8,1.04277899166834,0,1,10,0,-7208.2739453037,-6809.23643475246,-399.037510551236
5951,1.93415526629998,1.85521809185507,0,0,0.025,0.239411845340689,0,0.0957010362547945,0.433186617909017,1,8,1.04277899166834,0,1,10,0,-7208.01468513332,-6809.30259698252,-398.712088150802
5956,1.93415526629998,1.85521809185507,0,0,0.025,0.239411845340689,0,0.0957010362547945,0.433186617909017,1,8,1.04277899166834,0,1,10,0,-7208.01468513332,-6809.30259698252,-398.712088150802
5961,1.93415526629998,1.89793933052878,0,0,0.025,0.239411845340689,0,0.0957010362547945,0.420057942376839,1,8,1.04277899166834,0,1,10,0,-7207.66491923334,-6808.95283108253,-398.712088150802
5966,1.93415526629998,1.89793933052878,0,0,0.025,0.239411845340689,0,0.0957010362547945,0.443996763825321,1,8,1.04277899166834,0,1,10,0,-7209.25263307014,-6809.62759308873,-399.62503998141
5971,1.93415526629998,1.95981118412046,0,0,0.025,0.239411845340689,0,0.0957010362547945,0.443996763825321,1,8,1.04277899166834,0,1,10,0,-7209.40172674921,-6809.7766867678,-399.62503998141
5976,1.93415526629998,1.95981118412046,0,0,0.025,0.237562703089022,0,0.0957010362547945,0.418921478460588,1,8,1.04277899166834,0,1,10,0,-7208.82168522294,-6809.19664524153,-399.62503998141
5981,1.93415526629998,1.7493215595112,0,0,0.025,0.237562703089022,0,0.0957010362547945,0.418921478460588,1,8,1.04277899166834,0,1,10,0,-7210.1755772146,-6809.79333241633,-400.382244798271
5986,1.93415526629998,1.7493215595112,0,0,0.025,0.237562703089022,0,0.0957010362547945,0.426521002666636,1,8,1.04277899166834,0,1,10,0,-7208.16309126772,-6809.83521791184,-398.327873355879
5991,1.93415526629998,1.96773326085295,0,0,0.025,0.250004946698357,0,0.0957010362547945,0.426521002666636,1,8,1.04277899166834,0,1,10,0,-7208.14181786099,-6809.77138489069,-398.370432970298
5996,1.93415526629998,1.96773326085295,0,0,0.025,0.250004946698357,0,0.0957010362547945,0.424380114583277,1,8,1.04277899166834,0,1,10,0,-7209.72422797675,-6809.91343342406,-399.810794552688
6001,1.93415526629998,1.97654539293141,0,0,0.025,0.246381823125395,0,0.0957010362547945,0.424380114583277,1,8,1.04277899166834,0,1,10,0,-7208.72146288799,-6809.35961855535,-399.36184433264
6006,1.93415526629998,1.7970858764401,0,0,0.025,0.246381823125395,0,0.0957010362547945,0.41357518564204,1,8,1.04277899166834,0,1,10,0,-7208.18009661824,-6808.8182522856,-399.36184433264
6011,1.93415526629998,1.7970858764401,0,0,0.025,0.230348953394085,0,0.0957010362547945,0.403755699238197,1,8,1.04277899166834,0,1,10,0,-7206.83785380575,-6808.7947304094,-398.043123396353
6016,1.93415526629998,1.92984840342569,0,0,0.025,0.230348953394085,0,0.0957010362547945,0.403755699238197,1,8,1.04277899166834,0,1,10,0,-7205.29452196013,-6809.55505260396,-395.73946935617
6021,1.93415526629998,1.92984840342569,0,0,0.025,0.254190003828166,0,0.0957010362547945,0.404190093849584,1,8,1.04277899166834,0,1,10,0,-7204.86199132159,-6809.12252196542,-395.73946935617
6026,1.93415526629998,1.9040118960611,0,0,0.025,0.275507475411671,0,0.0957010362547945,0.404190093849584,1,8,1.04277899166834,0,1,10,0,-7203.78234169396,-6808.89354288266,-394.888798811304
6031,1.93415526629998,1.9040118960611,0,0,0.025,0.275507475411671,0,0.0957010362547945,0.404190093849584,1,8,1.04277899166834,0,1,10,0,-7206.17827963822,-6811.64791185985,-394.53036777837
6036,1.93415526629998,2.14016668442101,0,0,0.025,0.253987204388998,0,0.0957010362547945,0.404190093849584,1,8,1.04277899166834,0,1,10,0,-7206.59433795123,-6812.06397017286,-394.53036777837
6041,1.93415526629998,2.14016668442101,0,0,0.025,0.253987204388998,0,0.0957010362547945,0.404190093849584,1,8,1.05053368568719,0,1,10,0,-7206.50321700008,-6813.06367936994,-393.439537630144
6046,1.93415526629998,2.03937728942048,0,0,0.025,0.258640515120743,0,0.0957010362547945,0.404190093849584,1,8,1.05053368568719,0,1,10,0,-7212.52128465271,-6815.79842380421,-396.722860848499
6051,1.93415526629998,2.07202208425897,0,0,0.025,0.258640515120743,0,0.0957010362547945,0.404190093849584,1,8,1.05053368568719,0,1,10,0,-7209.60754639846,-6812.33966856145,-397.267877837013
6056,1.93415526629998,2.07202208425897,0,0,0.025,0.258640515120743,0,0.0957010362547945,0.404197793999024,1,8,1.05053368568719,0,1,10,0,-7211.10002981156,-6812.80427017726,-398.295759634296
6061,1.93415526629998,2.07202208425897,0,0,0.025,0.258640515120743,0,0.0957010362547945,0.404197793999024,1,8,1.05053368568719,0,1,10,0,-7206.74085100344,-6813.93907831001,-392.801772693434
6066,1.93415526629998,2.07202208425897,0,0,0.025,0.258640515120743,0,0.0957010362547945,0.404197793999024,1,8,1.05053368568719,0,1,10,0,-7206.74085100344,-6813.93907831001,-392.801772693434
6071,1.93415526629998,2.07202208425897,0,0,0.025,0.252852702109754,0,0.0957010362547945,0.404197793999024,1,8,1.05053368568719,0,1,10,0,-7208.00822057244,-6816.2768892907,-391.731331281733
6076,1.93415526629998,2.07202208425897,0,0,0.025,0.252852702109754,0,0.0957010362547945,0.427339525035468,1,8,1.05053368568719,0,1,10,0,-7207.72117968183,-6815.19953747108,-392.521642210747
6081,1.93415526629998,2.02647597288649,0,0,0.025,0.272354630054334,0,0.0957010362547945,0.427339525035468,1,8,1.05053368568719,0,1,10,0,-7207.04107514892,-6814.51943293817,-392.521642210747
6086,1.93415526629998,2.02647597288649,0,0,0.025,0.272354630054334,0,0.0957010362547945,0.423314801016337,1,8,1.05053368568719,0,1,10,0,-7207.08689460434,-6814.13916799829,-392.947726606058
6091,1.93415526629998,1.94656563812249,0,0,0.025,0.270537673734527,0,0.0957010362547945,0.423314801016337,1,8,1.05053368568719,0,1,10,0,-7206.5084438591,-6813.3559228404,-393.152521018703
6096,1.93415526629998,1.94656563812249,0,0,0.025,0.270537673734527,0,0.0957010362547945,0.405539095589048,1,8,1.05053368568719,0,1,10,0,-7206.00642042261,-6812.8538994039,-393.152521018703
6101,1.93415526629998,1.94656563812249,0,0,0.025,0.258227565535544,0,0.0953515463662543,0.430513426896286,1,8,1.05053368568719,0,1,10,0,-7208.84053701964,-6814.62462972129,-394.215907298355
6106,1.95903468748889,1.8919375165861,0,0,0.025,0.258227565535544,0,0.0953515463662543,0.430513426896286,1,8,1.05053368568719,0,1,10,0,-7205.06406693277,-6813.80144521772,-391.262621715049
6111,1.95903468748889,1.8919375165861,0,0,0.025,0.2734158284153,0,0.0953515463662543,0.430513426896286,1,8,1.05053368568719,0,1,10,0,-7205.05205627274,-6813.7894345577,-391.262621715049
6116,1.95903468748889,1.8919375165861,0,0,0.025,0.252571563950482,0,0.0953515463662543,0.430513426896286,1,8,1.05053368568719,0,1,10,0,-7209.74202631347,-6817.29378093277,-392.448245380706
6121,1.95903468748889,1.8919375165861,0,0,0.025,0.252571563950482,0,0.0953515463662543,0.404074302003107,1,8,1.05053368568719,0,1,10,0,-7204.78412966835,-6813.5215079533,-391.262621715049
6126,1.95903468748889,1.84833970865969,0,0,0.025,0.232093707739283,0,0.0953515463662543,0.404074302003107,1,8,1.05053368568719,0,1,10,0,-7205.58230668558,-6814.31968497053,-391.262621715049
6131,1.95903468748889,1.84833970865969,0,0,0.025,0.232093707739283,0,0.0953515463662543,0.428483679177006,1,8,1.05053368568719,0,1,10,0,-7205.75515043167,-6814.49252871662,-391.262621715049
6136,1.95903468748889,1.79633858436201,0,0,0.025,0.245721990200946,0,0.0953515463662543,0.428483679177006,1,8,1.05053368568719,0,1,10,0,-7205.58505952032,-6813.15116787103,-392.433891649293
6141,1.95903468748889,1.74885800103821,0,0,0.025,0.245721990200946,0,0.0953515463662543,0.391149295340783,1,8,1.05053368568719,0,1,10,0,-7209.2330853195,-6814.33534042962,-394.897744889883
6146,1.95903468748889,1.74885800103821,0,0,0.025,0.245721990200946,0,0.0953515463662543,0.383398598426333,1,8,1.05053368568719,0,1,10,0,-7212.7912479975,-6816.53857756776,-396.252670429741
6151,1.95903468748889,1.83417643422883,0,0,0.025,0.245721990200946,0,0.0953515463662543,0.383398598426333,1,8,1.05053368568719,0,1,10,0,-7209.20802526348,-6813.99916721991,-395.208858043574
6156,1.95903468748889,1.83417643422883,0,0,0.025,0.248745051012462,0,0.0953515463662543,0.383802148379658,1,8,1.05053368568719,0,1,10,0,-7208.60106837145,-6812.08387750822,-396.517190863225
6161,1.95903468748889,1.83417643422883,0,0,0.025,0.2496505317045,0,0.0953515463662543,0.383802148379658,1,8,1.05053368568719,0,1,10,0,-7204.01728837481,-6808.19750909093,-395.819779283878
6166,1.95903468748889,1.83417643422883,0,0,0.025,0.2496505317045,0,0.0953515463662543,0.383802148379658,1,8,1.05053368568719,0,1,10,0,-7204.01728837481,-6808.19750909093,-395.819779283878
6171,1.91168042038094,1.89995772656265,0,0,0.025,0.271066951315793,0,0.0953515463662543,0.383802148379658,1,8,1.05053368568719,0,1,10,0,-7198.65300459806,-6805.29707855477,-393.355926043288
6176,1.91168042038094,1.89995772656265,0,0,0.025,0.271066951315793,0,0.0953515463662543,0.398294733848381,1,8,1.05053368568719,0,1,10,0,-7202.39760937982,-6810.07826099207,-392.319348387749
6181,1.91168042038094,1.85523942712692,0,0,0.025,0.293493061464479,0,0.0953515463662543,0.398294733848381,1,8,1.05053368568719,0,1,10,0,-7204.07132220054,-6811.75197381279,-392.319348387749
6186,1.91168042038094,2.09362944471601,0,0,0.025,0.293493061464479,0,0.0953515463662543,0.398294733848381,1,8,1.05053368568719,0,1,10,0,-7199.52628941996,-6807.22891993893,-392.29736948103
6191,1.91168042038094,2.09362944471601,0,0,0.025,0.291613399075375,0,0.0953515463662543,0.403061439211645,1,8,1.05053368568719,0,1,10,0,-7200.27586038467,-6807.63983446521,-392.636025919466
6196,1.91168042038094,2.09362944471601,0,0,0.025,0.291613399075375,0,0.0953515463662543,0.403061439211645,1,8,1.05053368568719,0,1,10,0,-7202.39007681755,-6808.68360948639,-393.706467331167
6201,1.91168042038094,2.09362944471601,0,0,0.025,0.291613399075375,0,0.0953515463662543,0.385669401385098,1,8,1.0082932635821,0,1,10,0,-7202.93948656946,-6809.23301923829,-393.706467331167
6206,1.91168042038094,2.09362944471601,0,0,0.025,0.291613399075375,0,0.0953515463662543,0.385669401385098,1,8,1.0082932635821,0,1,10,0,-7206.03676617132,-6812.76265284848,-393.274113322843
6211,1.91168042038094,2.09362944471601,0,0,0.025,0.291613399075375,0,0.0938952655851251,0.353868127360523,1,8,1.0082932635821,0,1,10,0,-7201.58943346885,-6809.50094381166,-392.088489657185
6216,1.93890244763748,2.10630157658665,0,0,0.025,0.298582122329833,0,0.0938952655851251,0.353868127360523,1,8,1.0082932635821,0,1,10,0,-7201.34207606274,-6809.25358640556,-392.088489657185
6221,1.93890244763748,2.10630157658665,0,0,0.025,0.298582122329833,0,0.0938952655851251,0.353868127360523,1,8,1.03310817804621,0,1,10,0,-7202.25253158826,-6808.38200355844,-393.870528029819
6226,1.93890244763748,2.10630157658665,0,0,0.025,0.30284931084863,0,0.0938952655851251,0.353868127360523,1,8,1.03310817804621,0,1,10,0,-7202.3095460632,-6808.43901803338,-393.870528029819
6231,1.93890244763748,2.10630157658665,0,0,0.025,0.30284931084863,0,0.0938952655851251,0.357713158990283,1,8,1.03310817804621,0,1,10,0,-7202.79583553621,-6809.32714284645,-393.468692689762
6236,1.93890244763748,2.10630157658665,0,0,0.025,0.293806508916731,0,0.0938952655851251,0.358758629440953,1,8,1.03310817804621,0,1,10,0,-7202.628930149,-6809.16023745924,-393.468692689762
6241,1.93890244763748,1.97361652270778,0,0,0.025,0.293806508916731,0,0.0938952655851251,0.358758629440953,1,8,1.03310817804621,0,1,10,0,-7199.13033849759,-6806.84726947349,-392.283069024104
6246,1.93890244763748,1.97361652270778,0,0,0.025,0.313553679223414,0,0.0938952655851251,0.391881615106482,1,8,1.03310817804621,0,1,10,0,-7199.381740325,-6807.0986713009,-392.283069024104
6251,1.93890244763748,1.93320726214111,0,0,0.025,0.313553679223414,0,0.0938952655851251,0.391881615106482,1,8,1.03310817804621,0,1,10,0,-7199.41943557847,-6807.13636655437,-392.283069024104
6256,1.93890244763748,1.93320726214111,0,0,0.025,0.313553679223414,0,0.0938952655851251,0.41149233758469,1,8,1.03310817804621,0,1,10,0,-7200.72603296666,-6806.98005153464,-393.745981432016
6261,1.93890244763748,2.09493373959347,0,0,0.025,0.313553679223414,0,0.0938952655851251,0.41149233758469,1,8,1.03310817804621,0,1,10,0,-7200.72150015301,-6806.97551872099,-393.745981432016
6266,1.93890244763748,2.09493373959347,0,0,0.025,0.313553679223414,0,0.0938952655851251,0.41149233758469,1,8,1.03310817804621,0,1,10,0,-7203.98621915721,-6809.05461405953,-394.931605097674
6271,1.93890244763748,2.09493373959347,0,0,0.025,0.315826948692932,0,0.0938952655851251,0.41149233758469,1,8,1.03310817804621,0,1,10,0,-7202.97973446494,-6809.23375303293,-393.745981432016
6276,1.93890244763748,2.11554330300927,0,0,0.025,0.315826948692932,0,0.0938952655851251,0.372067348592865,1,8,1.03310817804621,0,1,10,0,-7206.57768461279,-6811.64607951511,-394.931605097674
6281,1.93890244763748,2.11554330300927,0,0,0.025,0.332620280480555,0,0.0938952655851251,0.372067348592865,1,8,1.03310817804621,0,1,10,0,-7208.76755429841,-6815.02157286639,-393.745981432016
6286,1.93890244763748,2.16927097651538,0,0,0.025,0.332620280480555,0,0.0938952655851251,0.372067348592865,1,8,1.03310817804621,0,1,10,0,-7210.58284872497,-6814.8909571439,-395.691891581071
6291,1.93890244763748,2.16927097651538,0,0,0.025,0.308398388077068,0,0.0938952655851251,0.405958534205386,1,8,1.03310817804621,0,1,10,0,-7207.93090038162,-6812.23900880055,-395.691891581071
6296,1.93890244763748,2.16927097651538,0,0,0.025,0.295862477374744,0,0.0938952655851251,0.405958534205386,1,8,1.03310817804621,0,1,10,0,-7204.394237441,-6810.01067867958,-394.383558761421
6301,1.93890244763748,2.16927097651538,0,0,0.025,0.295862477374744,0,0.0938952655851251,0.425177765516703,1,8,1.03310817804621,0,1,10,0,-7202.67475603085,-6808.63723895707,-394.037517073784
6306,1.93890244763748,2.16927097651538,0,0,0.025,0.295862477374744,0,0.0938952655851251,0.425177765516703,1,8,1.03310817804621,0,1,10,0,-7202.67475603085,-6808.63723895707,-394.037517073784
6311,1.93327548760425,2.16927097651538,0,0,0.025,0.295862477374744,0,0.0938952655851251,0.450182894052278,1,8,1.03310817804621,0,1,10,0,-7208.78660589189,-6812.29562369416,-396.490982197737
6316,1.93327548760425,2.16927097651538,0,0,0.025,0.302071141689292,0,0.0938952655851251,0.450182894052278,1,8,1.03310817804621,0,1,10,0,-7209.07661236525,-6812.58563016752,-396.490982197737
6321,1.93327548760425,1.93373683477202,0,0,0.025,0.302071141689292,0,0.0938952655851251,0.446431974208345,1,8,1.03310817804621,0,1,10,0,-7206.92674649334,-6811.74409711526,-395.182649378087
6326,1.93327548760425,1.93373683477202,0,0,0.025,0.302071141689292,0,0.0938952655851251,0.42660143447534,1,8,1.03310817804621,0,1,10,0,-7206.08901374406,-6810.90636436598,-395.182649378087
6331,1.89943551585391,1.93373683477202,0,0,0.025,0.302071141689292,0,0.0938952655851251,0.42660143447534,1,8,1.03310817804621,0,1,10,0,-7212.09285207018,-6813.96652608968,-398.126325980507
6336,1.89943551585391,1.93373683477202,0,0,0.025,0.302071141689292,0,0.0938952655851251,0.431032629702691,1,8,1.03310817804621,0,1,10,0,-7211.36032646641,-6814.41962415156,-396.940702314849
6341,1.89943551585391,1.94900604278341,0,0,0.025,0.280649989888278,0,0.0938952655851251,0.431032629702691,1,8,1.03310817804621,0,1,10,0,-7210.29733128119,-6813.15253361,-397.144797671193
6346,1.89943551585391,1.94900604278341,0,0,0.025,0.280649989888278,0,0.0938952655851251,0.427442072775886,1,8,1.03310817804621,0,1,10,0,-7210.55475803061,-6813.40996035941,-397.144797671193
6351,1.89943551585391,1.94240923013968,0,0,0.025,0.282519983671032,0,0.0938952655851251,0.427442072775886,1,8,1.03310817804621,0,1,10,0,-7210.71218196015,-6813.56738428895,-397.144797671193
6356,1.89943551585391,1.94240923013968,0,0,0.025,0.282519983671032,0,0.0938952655851251,0.45694852284061,1,8,1.03310817804621,0,1,10,0,-7212.32652381324,-6815.18172614205,-397.144797671193
6361,1.89943551585391,1.91568160928895,0,0,0.025,0.27239418579896,0,0.0938952655851251,0.45694852284061,1,8,1.03310817804621,0,1,10,0,-7212.06019822272,-6814.16398446284,-397.896213759877
6366,1.89943551585391,2.09821844226324,0,0,0.025,0.27239418579896,0,0.0938952655851251,0.423922118675991,1,8,1.03310817804621,0,1,10,0,-7212.6595666925,-6812.26405754538,-400.395509147117
6371,1.89943551585391,2.09821844226324,0,0,0.025,0.27239418579896,0,0.0938952655851251,0.423922118675991,1,8,1.03310817804621,0,1,10,0,-7209.84123903145,-6812.10498992127,-397.736249110184
6376,1.89943551585391,2.15044332345387,0,0,0.025,0.27239418579896,0,0.0938952655851251,0.423922118675991,1,8,1.03310817804621,0,1,10,0,-7207.22163187132,-6811.6371449644,-395.584486906924
6381,1.89943551585391,2.15044332345387,0,0,0.025,0.27239418579896,0,0.0938952655851251,0.453113788358636,1,8,1.03310817804621,0,1,10,0,-7208.31183009467,-6812.72734318775,-395.584486906924
6386,1.89943551585391,2.15044332345387,0,0,0.025,0.276199496738375,0,0.0938952655851251,0.453113788358636,1,8,1.03310817804621,0,1,10,0,-7209.02664214758,-6814.30908421646,-394.717557931119
6391,1.89943551585391,2.15044332345387,0,0,0.025,0.276199496738375,0,0.0938952655851251,0.453113788358636,1,8,1.03310817804621,0,1,10,0,-7209.67456175139,-6812.83311051602,-396.841451235369
6396,1.89943551585391,2.21723255412224,0,0,0.025,0.255571382194123,0,0.0938952655851251,0.453113788358636,1,8,1.03310817804621,0,1,10,0,-7209.72186767008,-6812.88041643471,-396.841451235369
6401,1.89943551585391,2.21723255412224,0,0,0.025,0.255571382194123,0,0.0938952655851251,0.433709006626707,1,8,1.03310817804621,0,1,10,0,-7206.00868552433,-6811.38643777302,-394.622247751314
6406,1.89943551585391,2.09067409208881,0,0,0.025,0.268426925459551,0,0.0938952655851251,0.433709006626707,1,8,1.03310817804621,0,1,10,0,-7205.35795400935,-6810.73570625803,-394.622247751314
6411,1.89943551585391,2.08872328506246,0,0,0.025,0.268426925459551,0,0.0938952655851251,0.4002168684579,1,8,1.03310817804621,0,1,10,0,-7204.33011246367,-6809.70786471236,-394.622247751314
6416,1.89943551585391,2.08872328506246,0,0,0.025,0.267488270054226,0,0.0938952655851251,0.373356782557344,1,8,1.03310817804621,0,1,10,0,-7205.89129567132,-6811.90713532338,-393.984160347937
6421,1.89943551585391,1.89538671519299,0,0,0.025,0.267488270054226,0,0.0938952655851251,0.373356782557344,1,8,1.03310817804621,0,1,10,0,-7205.56343596761,-6811.57927561967,-393.984160347937
6426,1.89943551585391,1.89538671519299,0,0,0.025,0.244499364328014,0,0.0938952655851251,0.373356782557344,1,8,1.03310817804621,0,1,10,0,-7204.94006006738,-6810.95589971944,-393.984160347937
6431,1.89943551585391,1.84669126045513,0,0,0.025,0.237406229773733,0,0.0938952655851251,0.373356782557344,1,8,1.03310817804621,0,1,10,0,-7204.74264408289,-6812.08593759605,-392.656706486841
6436,1.89943551585391,1.84669126045513,0,0,0.025,0.237406229773733,0,0.0938952655851251,0.384594263200046,1,8,1.03310817804621,0,1,10,0,-7212.08659789756,-6817.23633656228,-394.850261335288
6441,1.89943551585391,1.95981203439301,0,0,0.025,0.250670423093798,0,0.0938952655851251,0.384594263200046,1,8,1.03310817804621,0,1,10,0,-7212.260349624,-6817.41008828871,-394.850261335288
6446,1.89943551585391,1.95981203439301,0,0,0.025,0.250670423093798,0,0.0938952655851251,0.384594263200046,1,8,1.03310817804621,0,1,10,0,-7209.8469081355,-6814.64104936413,-395.205858771368
6451,1.89943551585391,1.82056054335235,0,0,0.025,0.227022559779021,0,0.0938952655851251,0.384594263200046,1,8,1.03310817804621,0,1,10,0,-7209.94829291565,-6814.74243414428,-395.205858771368
6456,1.89943551585391,1.82056054335235,0,0,0.025,0.227022559779021,0,0.0938952655851251,0.365680796075406,1,8,1.03310817804621,0,1,10,0,-7213.56502829658,-6817.28872811351,-396.27630018307
6461,1.89943551585391,1.82056054335235,0,0,0.025,0.214893636181266,0,0.0938952655851251,0.374567359670873,1,8,1.03310817804621,0,1,10,0,-7212.15133524512,-6817.22074414305,-394.930591102065
6466,1.89943551585391,1.82056054335235,0,0,0.025,0.214893636181266,0,0.0938952655851251,0.374567359670873,1,8,1.03310817804621,0,1,10,0,-7213.65068601409,-6821.54007316254,-392.110612851558
6471,1.89943551585391,1.82056054335235,0,0,0.025,0.229971882902556,0,0.0938952655851251,0.350282766179566,1,8,1.03310817804621,0,1,10,0,-7216.17130708581,-6822.99025282255,-393.181054263259
6476,1.89943551585391,1.70477772692642,0,0,0.025,0.229971882902556,0,0.0938952655851251,0.350282766179566,1,8,1.03310817804621,0,1,10,0,-7213.97973946873,-6821.16878021661,-392.810959252112
6481,1.89943551585391,1.70477772692642,0,0,0.025,0.229971882902556,0,0.0938952655851251,0.330857353456627,1,8,1.03310817804621,0,1,10,0,-7212.14356772801,-6818.58539407406,-393.558173653942
6486,1.89943551585391,1.68688814953111,0,0,0.025,0.238055799803088,0,0.0938952655851251,0.330857353456627,1,8,1.03310817804621,0,1,10,0,-7213.31060544063,-6820.43983418329,-392.870771257339
6491,1.89943551585391,1.68688814953111,0,0,0.025,0.238055799803088,0,0.0938952655851251,0.330857353456627,1,8,1.03310817804621,0,1,10,0,-7211.78301132808,-6818.89185133421,-392.891159993864
6496,1.89943551585391,1.82002810363398,0,0,0.025,0.215480645203396,0,0.0938952655851251,0.330857353456627,1,8,1.03310817804621,0,1,10,0,-7214.7221418493,-6823.23562535523,-391.486516494076
6501,1.89943551585391,1.75169141278997,0,0,0.025,0.215480645203396,0,0.0938952655851251,0.349290915087345,1,8,1.03310817804621,0,1,10,0,-7212.26824515206,-6820.78172865798,-391.486516494076
6506,1.89943551585391,1.75169141278997,0,0,0.025,0.236226618924252,0,0.0938952655851251,0.351113947350301,1,8,1.03310817804621,0,1,10,0,-7211.0380777099,-6819.55156121583,-391.486516494076
6511,1.89943551585391,1.68720318781307,0,0,0.025,0.236226618924252,0,0.0938952655851251,0.351113947350301,1,8,1.03310817804621,0,1,10,0,-7211.66515012852,-6820.96072830102,-390.704421827499
6516,1.89943551585391,1.68720318781307,0,0,0.025,0.247597541183498,0,0.0938952655851251,0.390249505711487,1,8,1.03310817804621,0,1,10,0,-7212.37773490487,-6820.78070483014,-391.59703007473
6521,1.89943551585391,1.71317582977833,0,0,0.025,0.243408825794714,0,0.0938952655851251,0.390249505711487,1,8,1.03310817804621,0,1,10,0,-7210.37118992482,-6818.83869837122,-391.532491553592
6526,1.89943551585391,1.71317582977833,0,0,0.025,0.243408825794714,0,0.0938952655851251,0.390249505711487,1,8,1.03310817804621,0,1,10,0,-7210.90067523937,-6820.47694834591,-390.42372689346
6531,1.89943551585391,1.81138961355157,0,0,0.025,0.221554056853878,0,0.0938952655851251,0.390249505711487,1,8,1.03310817804621,0,1,10,0,-7208.35343091324,-6818.03733468397,-390.316096229268
6536,1.89943551585391,1.81138961355157,0,0,0.025,0.221554056853878,0,0.0938952655851251,0.404425857415868,1,8,1.03310817804621,0,1,10,0,-7208.19865682176,-6818.61738046946,-389.581276352307
6541,1.89943551585391,1.81138961355157,0,0,0.025,0.237924834906876,0,0.0938952655851251,0.404425857415868,1,8,1.03310817804621,0,1,10,0,-7208.31156517232,-6817.76399829517,-390.547566877143
6546,1.89943551585391,1.73650822645542,0,0,0.025,0.237924834906876,0,0.0938952655851251,0.380098772691503,1,8,1.03609958679683,0,1,10,0,-7212.04442751908,-6820.08587366822,-391.958553850853
6551,1.89943551585391,1.73650822645542,0,0,0.025,0.215350815363216,0,0.0938952655851251,0.380098772691503,1,8,1.03609958679683,0,1,10,0,-7209.74741238527,-6819.09719135407,-390.650221031203
6556,1.89943551585391,1.52466564714509,0,0,0.025,0.215350815363216,0,0.0938952655851251,0.380098772691503,1,8,1.03609958679683,0,1,10,0,-7211.06554866551,-6820.4153276343,-390.650221031203
6561,1.89943551585391,1.52466564714509,0,0,0.025,0.209847327446228,0,0.0938952655851251,0.380098772691503,1,8,1.03609958679683,0,1,10,0,-7210.81173591862,-6821.99065465913,-388.821081259489
6566,1.90000187393538,1.74303716260526,0,0,0.025,0.228539170977889,0,0.0938952655851251,0.380098772691503,1,8,1.03609958679683,0,1,10,0,-7208.93143522271,-6820.11035396322,-388.821081259489
6571,1.90000187393538,1.74303716260526,0,0,0.025,0.228539170977889,0,0.094361481422271,0.379199075417601,1,8,1.03609958679683,0,1,10,0,-7208.5172310543,-6817.08728558755,-391.429945466757
6576,1.90000187393538,1.95049652912728,0,0,0.025,0.217866017578913,0,0.094361481422271,0.379199075417601,1,8,1.03609958679683,0,1,10,0,-7207.02308922057,-6816.40407397003,-390.619015250541
6581,1.90000187393538,1.95049652912728,0,0,0.025,0.217866017578913,0,0.094361481422271,0.379161639887503,1,8,1.03609958679683,0,1,10,0,-7207.02479715321,-6816.40578190267,-390.619015250541
6586,1.90000187393538,1.95049652912728,0,0,0.025,0.217866017578913,0,0.094361481422271,0.379161639887503,1,8,1.03609958679683,0,1,10,0,-7205.62985756036,-6814.3075427578,-391.322314802565
6591,1.90000187393538,1.74326498388456,0,0,0.025,0.217866017578913,0,0.094361481422271,0.381588004847908,1,8,1.03609958679683,0,1,10,0,-7204.40458519912,-6813.08227039656,-391.322314802565
6596,1.90000187393538,1.74326498388456,0,0,0.025,0.22946224002399,0,0.0929957891379611,0.381588004847908,1,8,1.03609958679683,0,1,10,0,-7205.0425107419,-6812.41186311969,-392.630647622215
6601,1.90000187393538,1.74326498388456,0,0,0.025,0.22946224002399,0,0.0929957891379611,0.381588004847908,1,8,1.03609958679683,0,1,10,0,-7204.62166907226,-6812.89499169754,-391.726677374729
6606,1.90000187393538,1.74326498388456,0,0,0.025,0.225023624988491,0,0.0929957891379611,0.363106062854752,1,8,1.03609958679683,0,1,10,0,-7205.07358633608,-6813.34690896135,-391.726677374729
6611,1.90000187393538,1.74326498388456,0,0,0.025,0.223268353240811,0,0.0929957891379611,0.363106062854752,1,8,1.03609958679683,0,1,10,0,-7204.2403493523,-6811.32804831192,-392.912301040387
6616,1.90000187393538,1.74326498388456,0,0,0.025,0.223268353240811,0,0.0929957891379611,0.400165509118444,1,8,1.03609958679683,0,1,10,0,-7203.89149521641,-6810.97919417602,-392.912301040387
6621,1.90000187393538,1.74326498388456,0,0,0.025,0.225136465228194,0,0.0929957891379611,0.400165509118444,1,8,1.03609958679683,0,1,10,0,-7203.87056836391,-6810.95826732353,-392.912301040387
6626,1.90000187393538,1.74326498388456,0,0,0.025,0.225136465228194,0,0.0929957891379611,0.394350431290321,1,8,1.03609958679683,0,1,10,0,-7200.19317963143,-6808.45374765032,-391.739431981112
6631,1.90000187393538,1.82046321616109,0,0,0.025,0.225136465228194,0,0.0929957891379611,0.394350431290321,1,8,1.03609958679683,0,1,10,0,-7200.60387890028,-6808.45898181106,-392.14489708922
6636,1.90000187393538,1.82046321616109,0,0,0.025,0.225136465228194,0,0.0929957891379611,0.394350431290321,1,8,1.03609958679683,0,1,10,0,-7200.09202565622,-6806.50808364049,-393.583942015726
6641,1.90000187393538,1.82046321616109,0,0,0.025,0.234068927153187,0,0.0929957891379611,0.414275310291389,1,8,1.03609958679683,0,1,10,0,-7201.97054390968,-6807.17433028681,-394.796213622866
6646,1.90000187393538,1.82046321616109,0,0,0.025,0.234068927153187,0,0.0929957891379611,0.414275310291389,1,8,1.02212759950992,0,1,10,0,-7201.7303633354,-6806.93414971253,-394.796213622866
6651,1.90000187393538,1.82046321616109,0,0,0.025,0.228517564491699,0,0.0929957891379611,0.414275310291389,1,8,1.02212759950992,0,1,10,0,-7201.69368253152,-6806.89746890865,-394.796213622866
6656,1.90000187393538,1.82046321616109,0,0,0.025,0.246960255897897,0,0.0929957891379611,0.414275310291389,1,8,1.02212759950992,0,1,10,0,-7202.63711657309,-6806.47262709461,-396.164489478483
6661,1.90000187393538,1.82046321616109,0,0,0.025,0.246960255897897,0,0.0929957891379611,0.414275310291389,1,8,1.02212759950992,0,1,10,0,-7202.63711657309,-6806.47262709461,-396.164489478483
6666,1.90000187393538,1.82046321616109,0,0,0.025,0.246960255897897,0,0.0929957891379611,0.414275310291389,1,8,1.02212759950992,0,1,10,0,-7204.05690429351,-6806.88081390335,-397.176090390162
6671,1.90000187393538,1.82046321616109,0,0,0.025,0.246960255897897,0,0.0929957891379611,0.390753432961394,1,8,1.02212759950992,0,1,10,0,-7203.80413083258,-6806.28445073803,-397.519680094552
6676,1.90000187393538,1.82046321616109,0,0,0.025,0.246960255897897,0,0.0929957891379611,0.390753432961394,1,8,1.02212759950992,0,1,10,0,-7204.0446780955,-6806.50252514509,-397.542152950404
6681,1.90000187393538,1.89630192472537,0,0,0.025,0.246960255897897,0,0.0929957891379611,0.407504294362807,1,8,1.02212759950992,0,1,10,0,-7204.27867204568,-6806.73651909528,-397.542152950404
6686,1.90000187393538,1.89630192472537,0,0,0.025,0.251392849945191,0,0.0929957891379611,0.394342472781451,1,8,1.02212759950992,0,1,10,0,-7204.2071546315,-6806.66500168109,-397.542152950404
6691,1.90000187393538,1.89630192472537,0,0,0.025,0.251392849945191,0,0.0929957891379611,0.394342472781451,1,8,1.02212759950992,0,1,10,0,-7204.2071546315,-6806.66500168109,-397.542152950404
6696,1.90000187393538,1.89630192472537,0,0,0.025,0.229308978993313,0,0.0929957891379611,0.385022624919906,1,8,1.02212759950992,0,1,10,0,-7206.47680303432,-6807.74902641826,-398.727776616062
6701,1.90000187393538,1.89630192472537,0,0,0.025,0.249696731475586,0,0.0929957891379611,0.385022624919906,1,8,1.02212759950992,0,1,10,0,-7206.65457739359,-6807.92680077753,-398.727776616062
6706,1.90000187393538,1.89630192472537,0,0,0.025,0.249696731475586,0,0.0929957891379611,0.3982717767019,1,8,1.02212759950992,0,1,10,0,-7206.50076647147,-6807.82406922317,-398.676697248298
6711,1.90000187393538,1.89630192472537,0,0,0.025,0.249482671180904,0,0.0929957891379611,0.3982717767019,1,8,1.02212759950992,0,1,10,0,-7206.48593014942,-6807.80923290112,-398.676697248298
6716,1.90000187393538,1.89630192472537,0,0,0.025,0.249482671180904,0,0.0929957891379611,0.3982717767019,1,8,1.02212759950992,0,1,10,0,-7208.30426601759,-6807.94262330435,-400.36164271324
6721,1.90000187393538,1.89630192472537,0,0,0.025,0.230339997882102,0,0.0929957891379611,0.3982717767019,1,8,1.02212759950992,0,1,10,0,-7207.17692666278,-6807.56249835137,-399.61442831141
6726,1.90000187393538,1.76976638824968,0,0,0.025,0.230339997882102,0,0.0929957891379611,0.3982717767019,1,8,1.02212759950992,0,1,10,0,-7207.08746570846,-6807.47303739705,-399.61442831141
6731,1.90000187393538,1.76976638824968,0,0,0.025,0.224287254307518,0,0.0929957891379611,0.3982717767019,1,8,1.02212759950992,0,1,10,0,-7207.17563246065,-6807.56120414924,-399.61442831141
6736,1.90000187393538,1.76976638824968,0,0,0.025,0.224287254307518,0,0.0929957891379611,0.3982717767019,1,8,1.02212759950992,0,1,10,0,-7210.55959063918,-6808.54726705497,-402.012323584209
6741,1.90000187393538,1.76976638824968,0,0,0.025,0.200929004194754,0,0.0929957891379611,0.418430821020114,1,8,1.02212759950992,0,1,10,0,-7212.57248058569,-6811.61302326836,-400.959457317329
6746,1.90000187393538,1.90710263248184,0,0,0.025,0.211330799763874,0,0.0929957891379611,0.418430821020114,1,8,1.02212759950992,0,1,10,0,-7214.08012606589,-6811.9350450829,-402.145080982986
6751,1.90000187393538,1.90710263248184,0,0,0.025,0.211330799763874,0,0.0929957891379611,0.391927309337308,1,8,1.02212759950992,0,1,10,0,-7213.06197085359,-6814.56933223369,-398.492638619899
6756,1.90000187393538,1.88396836613766,0,0,0.025,0.229656721766473,0,0.0929957891379611,0.391927309337308,1,8,1.02212759950992,0,1,10,0,-7211.22058516993,-6812.72794655003,-398.492638619899
6761,1.90000187393538,1.88396836613766,0,0,0.025,0.229656721766473,0,0.0929957891379611,0.391927309337308,1,8,1.02212759950992,0,1,10,0,-7212.4748671591,-6813.36198812945,-399.112879029651
6766,1.90000187393538,1.81481676472822,0,0,0.025,0.229656721766473,0,0.0929957891379611,0.391927309337308,1,8,1.02212759950992,0,1,10,0,-7212.04247828772,-6812.95207211392,-399.090406173799
6771,1.90000187393538,1.96530503797696,0,0,0.025,0.229656721766473,0,0.0929957891379611,0.391927309337308,1,8,1.02212759950992,0,1,10,0,-7212.84680639537,-6813.75640022157,-399.090406173799
6776,1.90000187393538,1.96530503797696,0,0,0.025,0.2452425154738,0,0.0929957891379611,0.415460900925397,1,8,1.02212759950992,0,1,10,0,-7213.13567596589,-6813.16720027304,-399.968475692853
6781,1.90000187393538,1.71653457533299,0,0,0.025,0.2452425154738,0,0.0929957891379611,0.415460900925397,1,8,1.02212759950992,0,1,10,0,-7214.67558331265,-6815.71870853147,-398.956874781174
6786,1.90000187393538,1.71653457533299,0,0,0.025,0.2452425154738,0,0.0929957891379611,0.415460900925397,1,8,1.02212759950992,0,1,10,0,-7209.17101619421,-6811.28458282474,-397.886433369473
6791,1.90000187393538,1.71653457533299,0,0,0.025,0.252821693026672,0,0.0929957891379611,0.415460900925397,1,8,1.02212759950992,0,1,10,0,-7207.97970015062,-6811.27889044681,-396.700809703815
6796,1.90000187393538,1.71653457533299,0,0,0.025,0.252821693026672,0,0.0929957891379611,0.415460900925397,1,8,1.02212759950992,0,1,10,0,-7206.81735775873,-6810.34191136297,-396.475446395763
6801,1.90000187393538,1.55427010121449,0,0,0.025,0.252821693026672,0,0.0929957891379611,0.415460900925397,1,8,1.02212759950992,0,1,10,0,-7212.37422981431,-6814.82834200685,-397.545887807464
6806,1.90000187393538,1.55427010121449,0,0,0.025,0.252821693026672,0,0.0929957891379611,0.415460900925397,1,8,1.02212759950992,0,1,10,0,-7212.55718509841,-6814.44331325334,-398.11387184507
6811,1.90000187393538,1.55427010121449,0,0,0.025,0.240868038033743,0,0.0929957891379611,0.415460900925397,1,8,1.02212759950992,0,1,10,0,-7208.39658825383,-6811.35315782046,-397.043430433369
6816,1.90000187393538,1.55427010121449,0,0,0.025,0.240868038033743,0,0.0929957891379611,0.415460900925397,1,8,1.02212759950992,0,1,10,0,-7208.39658825383,-6811.35315782046,-397.043430433369
6821,1.90000187393538,1.55427010121449,0,0,0.025,0.263588323796804,0,0.0929957891379611,0.415460900925397,1,8,1.02212759950992,0,1,10,0,-7208.9877331674,-6813.60389043015,-395.383842737249
6826,1.90000187393538,1.55427010121449,0,0,0.025,0.263588323796804,0,0.0929957891379611,0.415460900925397,1,8,1.02212759950992,0,1,10,0,-7208.11113522627,-6814.47330593646,-393.637829289809
6831,1.90000187393538,1.55427010121449,0,0,0.025,0.263588323796804,0,0.0929957891379611,0.399164304280692,1,8,1.02212759950992,0,1,10,0,-7207.01434376831,-6813.37651447851,-393.637829289809
6836,1.90000187393538,1.55427010121449,0,0,0.025,0.263588323796804,0,0.0929957891379611,0.399164304280692,1,8,1.02212759950992,0,1,10,0,-7210.85677281042,-6816.23612749957,-394.620645310854
6841,1.90000187393538,1.55427010121449,0,0,0.025,0.263588323796804,0,0.0929957891379611,0.428048301540397,1,8,1.02212759950992,0,1,10,0,-7212.86140231623,-6818.24075700537,-394.620645310854
6846,1.90000187393538,1.55427010121449,0,0,0.025,0.263588323796804,0,0.0929957891379611,0.428048301540397,1,8,1.02212759950992,0,1,10,0,-7212.86140231623,-6818.24075700537,-394.620645310854
6851,1.90000187393538,1.55427010121449,0,0,0.025,0.263588323796804,0,0.0929957891379611,0.412942519556624,1,8,1.02212759950992,0,1,10,0,-7213.50214074294,-6817.6493517508,-395.852788992147
6856,1.90000187393538,1.71975654875666,0,0,0.025,0.249830576365564,0,0.0929957891379611,0.412942519556624,1,8,1.02212759950992,0,1,10,0,-7209.01339629589,-6812.23794492325,-396.775451372645
6861,1.90000187393538,1.84005954810421,0,0,0.025,0.249830576365564,0,0.0929957891379611,0.403000147929597,1,8,1.02212759950992,0,1,10,0,-7209.09951102499,-6809.77430306812,-399.32520795687
6866,1.90000187393538,1.84005954810421,0,0,0.025,0.249830576365564,0,0.0929957891379611,0.404539344336093,1,8,1.02212759950992,0,1,10,0,-7209.16837991702,-6809.84317196015,-399.32520795687
6871,1.90000187393538,1.91520211638806,0,0,0.025,0.249830576365564,0,0.0929957891379611,0.404539344336093,1,8,1.02212759950992,0,1,10,0,-7208.99982752804,-6809.03653216779,-399.963295360247
6876,1.90000187393538,1.91520211638806,0,0,0.025,0.261495356362755,0,0.0929957891379611,0.404539344336093,1,8,1.02212759950992,0,1,10,0,-7209.29464202158,-6809.33134666133,-399.963295360247
6881,1.90000187393538,1.93724931322466,0,0,0.025,0.243518250962072,0,0.0929957891379611,0.404539344336093,1,8,1.02212759950992,0,1,10,0,-7212.31470871994,-6813.53703702536,-398.77767169459
6886,1.90000187393538,1.93724931322466,0,0,0.025,0.243518250962072,0,0.0936304682456968,0.404539344336093,1,8,1.02212759950992,0,1,10,0,-7212.27345875569,-6813.19468196831,-399.078776787373
6891,1.90000187393538,1.89930282275991,0,0,0.025,0.243518250962072,0,0.0936304682456968,0.404539344336093,1,8,1.02212759950992,0,1,10,0,-7212.2335450759,-6813.15476828853,-399.078776787373
6896,1.90000187393538,1.89930282275991,0,0,0.025,0.243518250962072,0,0.0936304682456968,0.394831383662838,1,8,1.02212759950992,0,1,10,0,-7212.32232176081,-6812.50544640502,-399.816875355796
6901,1.90000187393538,1.83060692577027,0,0,0.025,0.241816365841667,0,0.0936304682456968,0.394831383662838,1,8,1.02212759950992,0,1,10,0,-7215.40951887377,-6810.61954344469,-404.789975429078
6906,1.90000187393538,1.87363276199184,0,0,0.025,0.241816365841667,0,0.0936304682456968,0.394831383662838,1,8,1.02212759950992,0,1,10,0,-7211.30177991643,-6807.97814155614,-403.323638360285
6911,1.90000187393538,1.87363276199184,0,0,0.025,0.23721098625423,0,0.0936304682456968,0.394831383662838,1,8,1.02212759950992,0,1,10,0,-7211.13312128997,-6807.80948292969,-403.323638360285
6916,1.90000187393538,1.87363276199184,0,0,0.025,0.23721098625423,0,0.0936304682456968,0.394831383662838,1,8,1.02212759950992,0,1,10,0,-7208.16366171586,-6806.15399705511,-402.009664660745
6921,1.90000187393538,1.87363276199184,0,0,0.025,0.229315099318611,0,0.0936304682456968,0.420157256665777,1,8,1.02212759950992,0,1,10,0,-7206.07064282939,-6805.74273674266,-400.327906086731
6926,1.90000187393538,1.87363276199184,0,0,0.025,0.207854600566711,0,0.0936304682456968,0.420157256665777,1,8,1.02212759950992,0,1,10,0,-7205.49714577884,-6806.6096012745,-398.887544504341
6931,1.90000187393538,1.87363276199184,0,0,0.025,0.207854600566711,0,0.0936304682456968,0.444226051945401,1,8,1.02212759950992,0,1,10,0,-7208.53574459783,-6811.23232019794,-397.303424399891
6936,1.90000187393538,1.79808494088187,0,0,0.025,0.22654637025848,0,0.0936304682456968,0.444226051945401,1,8,1.02212759950992,0,1,10,0,-7207.28572047279,-6810.18659653641,-397.099123936378
6941,1.90000187393538,1.79808494088187,0,0,0.025,0.22654637025848,0,0.0936304682456968,0.436839811899471,1,8,1.02212759950992,0,1,10,0,-7207.78194226168,-6809.65319890812,-398.128743353559
6946,1.90000187393538,1.95832081906172,0,0,0.025,0.22654637025848,0,0.0936304682456968,0.436839811899471,1,8,1.02212759950992,0,1,10,0,-7205.65477886932,-6808.93338328607,-396.721395583242
6951,1.90000187393538,2.00353093129744,0,0,0.025,0.22654637025848,0,0.0936304682456968,0.436839811899471,1,8,1.02212759950992,0,1,10,0,-7205.74830834868,-6809.02691276543,-396.721395583242
6956,1.90000187393538,2.00353093129744,0,0,0.025,0.22654637025848,0,0.0936304682456968,0.423710424350654,1,8,1.02212759950992,0,1,10,0,-7203.45496141767,-6807.50518463043,-395.94977678724
6961,1.90000187393538,2.05395238023373,0,0,0.025,0.22654637025848,0,0.0936304682456968,0.423710424350654,1,8,1.02212759950992,0,1,10,0,-7203.64928597384,-6807.6995091866,-395.94977678724
6966,1.90000187393538,2.05395238023373,0,0,0.025,0.22654637025848,0,0.0936304682456968,0.457233151524681,1,8,1.02212759950992,0,1,10,0,-7203.78987828152,-6808.24556660239,-395.544311679132
6971,1.90000187393538,2.05395238023373,0,0,0.025,0.214345812786402,0,0.0936304682456968,0.457233151524681,1,8,1.02212759950992,0,1,10,0,-7203.29188575052,-6808.49681071859,-394.795075031921
6976,1.90000187393538,2.05395238023373,0,0,0.025,0.214345812786402,0,0.0936304682456968,0.444218875419379,1,8,1.02212759950992,0,1,10,0,-7202.98801294634,-6805.97373443036,-397.014278515976
6981,1.90000187393538,2.05395238023373,0,0,0.025,0.206367211403151,0,0.0936304682456968,0.444218875419379,1,8,1.02212759950992,0,1,10,0,-7203.72546446296,-6806.71118594699,-397.014278515976
6986,1.90000187393538,2.05395238023373,0,0,0.025,0.206367211403151,0,0.0936304682456968,0.422178250047394,1,8,1.02212759950992,0,1,10,0,-7204.03615108898,-6808.65600309802,-395.380147990952
6991,1.90000187393538,1.95625508155612,0,0,0.025,0.22324078795692,0,0.0936304682456968,0.422178250047394,1,8,1.02212759950992,0,1,10,0,-7201.86552488046,-6805.61560617327,-396.249918707191
6996,1.90000187393538,1.92946919393939,0,0,0.025,0.22324078795692,0,0.0936304682456968,0.422178250047394,1,8,1.02212759950992,0,1,10,0,-7201.89395049821,-6805.64403179102,-396.249918707191
7001,1.90000187393538,1.92946919393939,0,0,0.025,0.216447432621716,0,0.0936304682456968,0.448505008142515,1,8,1.02212759950992,0,1,10,0,-7202.90829726862,-6807.44752581489,-395.460771453733
