samp_no,boost_long,boost_short,boost_delay,antigenic_seniority,wane_long,wane_short,wane_maternal,cr_long,cr_short,min_measurement,max_measurement,obs_sd,fp_rate,infection_model_prior_shape1,infection_model_prior_shape2,antibody_dependent_boosting,posterior_prob,likelihood,prior_prob
1,1.84265951283117,2.62936687537197,0,0,0.025,0.0937041392178417,0,0.125817341792865,0.097856041163685,1,8,1.75350234907318,0,1,10,0,-11603.4212767753,-11261.4405700675,-341.980706707783
6,1.84265951283117,2.62936687537197,0,0,0.025,0.0937041392178417,0,0.170717234469295,0.097856041163685,1,8,1.75350234907318,0,1,10,0,-10898.6706509747,-10554.8466590165,-343.823991958225
11,1.84265951283117,2.62936687537197,0,0,0.025,0.0937041392178417,0,0.170717234469295,0.097856041163685,1,8,2.60472803895442,0,1,10,0,-10292.7774348755,-9954.00848238978,-338.768952485731
16,1.84265951283117,2.62936687537197,0,0,0.025,0.0937041392178417,0,0.202146402105329,0.097856041163685,1,8,2.60472803895442,0,1,10,0,-9842.32844306465,-9509.62795183071,-332.70049123394
21,1.84265951283117,2.62936687537197,0,0,0.025,0.0937041392178417,0,0.202146402105329,0.097856041163685,1,8,2.60472803895442,0,1,10,0,-9756.9560991367,-9421.76813905077,-335.187960085925
26,1.84265951283117,2.62936687537197,0,0,0.025,0.126231794270271,0,0.202146402105329,0.097856041163685,1,8,2.60472803895442,0,1,10,0,-9661.24342112746,-9326.56655294393,-334.67686818353
31,1.84265951283117,2.59775138262945,0,0,0.025,0.126231794270271,0,0.202146402105329,0.097856041163685,1,8,2.60472803895442,0,1,10,0,-9562.13000478776,-9218.79610507916,-343.333899708597
36,1.84265951283117,2.59775138262945,0,0,0.025,0.126231794270271,0,0.202146402105329,0.097856041163685,1,8,1.97077645173331,0,1,10,0,-9131.62226415927,-8798.058082487,-333.564181672273
41,1.90586106274722,2.2043437583613,0,0,0.025,0.0965272748208776,0,0.202146402105329,0.097856041163685,1,8,1.97077645173331,0,1,10,0,-8992.61361833867,-8644.91748316225,-347.69613517642
46,1.90586106274722,2.2043437583613,0,0,0.025,0.0965272748208776,0,0.202146402105329,0.097856041163685,1,8,1.97077645173331,0,1,10,0,-8896.93673909541,-8543.85959031113,-353.077148784279
51,1.90586106274722,2.2043437583613,0,0,0.025,0.0965272748208776,0,0.190296369856607,0.097856041163685,1,8,1.97077645173331,0,1,10,0,-8850.24122916068,-8492.89438292671,-357.346846233979
56,1.90586106274722,2.2043437583613,0,0,0.025,0.0965272748208776,0,0.190296369856607,0.0953311110820787,1,8,1.97077645173331,0,1,10,0,-8747.95010056548,-8389.33803095217,-358.612069613306
61,1.90586106274722,2.2043437583613,0,0,0.025,0.0965272748208776,0,0.190296369856607,0.0953311110820787,1,8,1.97077645173331,0,1,10,0,-8692.43270050889,-8329.5112872354,-362.921413273498
66,1.90586106274722,2.2043437583613,0,0,0.025,0.0965272748208776,0,0.190296369856607,0.080800638340072,1,8,1.97077645173331,0,1,10,0,-8670.06913060231,-8308.68569627726,-361.383434325046
71,1.90586106274722,2.2043437583613,0,0,0.025,0.0965272748208776,0,0.190296369856607,0.080800638340072,1,8,1.97077645173331,0,1,10,0,-8629.01739646571,-8272.92289974111,-356.0944967246
76,1.90586106274722,1.91811505159548,0,0,0.025,0.0965272748208776,0,0.190296369856607,0.080800638340072,1,8,1.97077645173331,0,1,10,0,-8606.52977793562,-8244.26795074934,-362.261827186281
81,1.90586106274722,1.91811505159548,0,0,0.025,0.0965272748208776,0,0.190296369856607,0.080800638340072,1,8,1.92234188326334,0,1,10,0,-8568.31468181322,-8203.2802659047,-365.034415908521
86,1.9002967204111,1.91811505159548,0,0,0.025,0.0965272748208776,0,0.190296369856607,0.080800638340072,1,8,1.92234188326334,0,1,10,0,-8555.59191816962,-8187.52057424401,-368.071343925615
91,1.9002967204111,1.91811505159548,0,0,0.025,0.0965272748208776,0,0.183040650578322,0.080800638340072,1,8,1.92234188326334,0,1,10,0,-8510.16422300878,-8141.08651652815,-369.077706480631
96,1.9002967204111,1.93128877936585,0,0,0.025,0.0965272748208776,0,0.183040650578322,0.080800638340072,1,8,1.92234188326334,0,1,10,0,-8505.20869792985,-8133.73309617643,-371.47560175343
101,1.9002967204111,1.93128877936585,0,0,0.025,0.0965272748208776,0,0.183040650578322,0.0828447180547988,1,8,1.32963431930727,0,1,10,0,-8205.85450752293,-7826.24527642224,-379.609231100691
106,1.9002967204111,1.76030621317767,0,0,0.025,0.0965272748208776,0,0.177245462748002,0.0828447180547988,1,8,1.32963431930727,0,1,10,0,-8165.60076211465,-7784.10724817583,-381.493513938816
111,1.9002967204111,1.76030621317767,0,0,0.025,0.0965272748208776,0,0.177245462748002,0.0828447180547988,1,8,1.32963431930727,0,1,10,0,-8135.2477184437,-7740.65727463446,-394.590443809236
116,1.9002967204111,1.76030621317767,0,0,0.025,0.091989721703311,0,0.177245462748002,0.0828447180547988,1,8,1.32963431930727,0,1,10,0,-8113.77347229495,-7722.1940282314,-391.579444063551
121,1.9002967204111,1.61605361386648,0,0,0.025,0.091989721703311,0,0.177245462748002,0.0828447180547988,1,8,1.32963431930727,0,1,10,0,-8009.53062670294,-7608.23780861008,-401.292818092859
126,1.9002967204111,1.61605361386648,0,0,0.025,0.091989721703311,0,0.177245462748002,0.0828447180547988,1,8,1.32963431930727,0,1,10,0,-7982.68149701872,-7577.05724787416,-405.624249144557
131,1.9002967204111,1.49018865180184,0,0,0.025,0.091989721703311,0,0.177245462748002,0.0828447180547988,1,8,1.32963431930727,0,1,10,0,-7986.83411568174,-7568.08270433212,-418.751411349612
136,1.9002967204111,1.49018865180184,0,0,0.025,0.091989721703311,0,0.15884842987649,0.0828447180547988,1,8,1.32963431930727,0,1,10,0,-7901.43225401342,-7478.58204375124,-422.850210262184
141,1.9002967204111,1.49018865180184,0,0,0.025,0.091989721703311,0,0.15884842987649,0.0828447180547988,1,8,1.32963431930727,0,1,10,0,-7892.27231372849,-7470.65801004448,-421.614303684011
146,1.9002967204111,1.49018865180184,0,0,0.025,0.091989721703311,0,0.15884842987649,0.0847186095736621,1,8,1.32963431930727,0,1,10,0,-7870.50174924946,-7454.29734568462,-416.204403564846
151,1.9002967204111,1.49018865180184,0,0,0.025,0.091989721703311,0,0.158394030329296,0.0847186095736621,1,8,1.32963431930727,0,1,10,0,-7860.23861988491,-7444.55028521886,-415.688334666051
156,1.9002967204111,1.34311488963847,0,0,0.025,0.091989721703311,0,0.158394030329296,0.0847186095736621,1,8,1.32963431930727,0,1,10,0,-7857.98934012612,-7439.33435747729,-418.654982648826
161,1.9002967204111,1.34311488963847,0,0,0.025,0.091989721703311,0,0.158394030329296,0.0772173035473561,1,8,1.32963431930727,0,1,10,0,-7848.1729258375,-7434.89459065122,-413.278335186283
166,1.9002967204111,1.34311488963847,0,0,0.025,0.091989721703311,0,0.158394030329296,0.0772173035473561,1,8,1.32963431930727,0,1,10,0,-7815.16746533169,-7406.53543806554,-408.632027266152
171,1.9002967204111,1.34311488963847,0,0,0.025,0.091989721703311,0,0.155704652794303,0.0772173035473561,1,8,1.32963431930727,0,1,10,0,-7810.01357654104,-7401.38154927489,-408.632027266152
176,1.9002967204111,1.34311488963847,0,0,0.025,0.091989721703311,0,0.155704652794303,0.0772173035473561,1,8,1.32963431930727,0,1,10,0,-7804.2165293668,-7393.89702148121,-410.319507885593
181,1.9002967204111,1.34311488963847,0,0,0.025,0.091989721703311,0,0.155704652794303,0.0772173035473561,1,8,1.32963431930727,0,1,10,0,-7801.52184289461,-7387.3257549054,-414.196087989213
186,1.9002967204111,1.32095712934599,0,0,0.025,0.091989721703311,0,0.155704652794303,0.0772173035473561,1,8,1.32963431930727,0,1,10,0,-7799.87994847731,-7384.38457750397,-415.495370973343
191,1.9002967204111,1.32095712934599,0,0,0.025,0.091989721703311,0,0.155704652794303,0.0772173035473561,1,8,1.32963431930727,0,1,10,0,-7799.30742423346,-7377.77275228633,-421.534671947129
196,1.9002967204111,1.32179910776536,0,0,0.025,0.091989721703311,0,0.147846381541353,0.0772173035473561,1,8,1.32963431930727,0,1,10,0,-7792.61959954073,-7369.49284743635,-423.126752104378
201,1.9002967204111,1.32179910776536,0,0,0.025,0.091989721703311,0,0.147846381541353,0.0772173035473561,1,8,1.32963431930727,0,1,10,0,-7791.45940721331,-7370.67872531387,-420.780681899444
206,1.9002967204111,1.32179910776536,0,0,0.025,0.091989721703311,0,0.147846381541353,0.0772173035473561,1,8,1.32963431930727,0,1,10,0,-7787.33457478783,-7366.64302066828,-420.691554119548
211,1.9002967204111,1.13655110457973,0,0,0.025,0.091989721703311,0,0.147846381541353,0.0772173035473561,1,8,1.32963431930727,0,1,10,0,-7765.09654576106,-7346.29014103915,-418.806404721914
216,1.9002967204111,1.13655110457973,0,0,0.025,0.091989721703311,0,0.147846381541353,0.0772173035473561,1,8,1.32963431930727,0,1,10,0,-7764.67944098409,-7348.55861360743,-416.120827376664
221,1.9002967204111,1.18616731863534,0,0,0.025,0.091989721703311,0,0.147846381541353,0.0772173035473561,1,8,1.32963431930727,0,1,10,0,-7758.69268792018,-7342.69388916721,-415.998798752973
226,1.9002967204111,1.18616731863534,0,0,0.025,0.091989721703311,0,0.142454458058469,0.0772173035473561,1,8,1.32963431930727,0,1,10,0,-7751.91193583198,-7335.1491814374,-416.762754394588
231,1.9002967204111,1.1423595968659,0,0,0.025,0.091989721703311,0,0.142454458058469,0.0772173035473561,1,8,1.32963431930727,0,1,10,0,-7752.02584184745,-7335.88909533058,-416.136746516866
236,1.9002967204111,1.1423595968659,0,0,0.025,0.091989721703311,0,0.142454458058469,0.0833161480002475,1,8,1.32963431930727,0,1,10,0,-7747.40452793123,-7335.9015390572,-411.502988874026
241,1.9002967204111,1.1423595968659,0,0,0.025,0.091989721703311,0,0.142454458058469,0.0833161480002475,1,8,1.32963431930727,0,1,10,0,-7748.0803893383,-7336.11687557899,-411.963513759317
246,1.9002967204111,1.1423595968659,0,0,0.025,0.091989721703311,0,0.142454458058469,0.0833161480002475,1,8,1.32963431930727,0,1,10,0,-7748.91479766515,-7335.93744084075,-412.977356824401
251,1.9002967204111,1.1423595968659,0,0,0.025,0.091989721703311,0,0.142454458058469,0.0833161480002475,1,8,1.32963431930727,0,1,10,0,-7746.88791464612,-7332.85527899941,-414.032635646707
256,1.9002967204111,1.1423595968659,0,0,0.025,0.091989721703311,0,0.142454458058469,0.0833161480002475,1,8,1.32963431930727,0,1,10,0,-7750.2577147275,-7334.81190240785,-415.445812319643
261,1.9002967204111,1.1423595968659,0,0,0.025,0.091989721703311,0,0.142454458058469,0.0833161480002475,1,8,1.32963431930727,0,1,10,0,-7748.19597183356,-7333.75891547346,-414.437056360097
266,1.9002967204111,1.1423595968659,0,0,0.025,0.091989721703311,0,0.142454458058469,0.0833161480002475,1,8,1.32963431930727,0,1,10,0,-7743.99527528906,-7330.8958867154,-413.099388573661
271,1.9002967204111,1.1423595968659,0,0,0.025,0.091989721703311,0,0.142454458058469,0.0833161480002475,1,8,1.32963431930727,0,1,10,0,-7732.93843269995,-7318.08169719495,-414.856735504999
276,1.9002967204111,1.1423595968659,0,0,0.025,0.091989721703311,0,0.142454458058469,0.0833161480002475,1,8,1.32963431930727,0,1,10,0,-7732.93843269995,-7318.08169719495,-414.856735504999
281,1.9002967204111,1.1423595968659,0,0,0.025,0.091989721703311,0,0.142454458058469,0.0857305188411726,1,8,1.32963431930727,0,1,10,0,-7730.58518260152,-7313.45612267598,-417.12905992554
286,1.9002967204111,1.1423595968659,0,0,0.025,0.091989721703311,0,0.142454458058469,0.0857305188411726,1,8,1.32963431930727,0,1,10,0,-7728.84221772674,-7313.073134854,-415.769082872738
291,1.89966115474923,1.1423595968659,0,0,0.025,0.091989721703311,0,0.142454458058469,0.0857305188411726,1,8,1.32963431930727,0,1,10,0,-7719.48896628891,-7308.13851262983,-411.350453659087
296,1.89966115474923,1.1423595968659,0,0,0.025,0.091989721703311,0,0.142454458058469,0.0857305188411726,1,8,1.32963431930727,0,1,10,0,-7719.48896628891,-7308.13851262983,-411.350453659087
301,1.89966115474923,1.1423595968659,0,0,0.025,0.091989721703311,0,0.142454458058469,0.0857305188411726,1,8,1.32963431930727,0,1,10,0,-7720.93503494132,-7299.62417343945,-421.310861501875
306,1.89966115474923,1.1423595968659,0,0,0.025,0.091989721703311,0,0.142454458058469,0.0830646796937691,1,8,1.32963431930727,0,1,10,0,-7716.25053762257,-7302.26482507865,-413.98571254392
311,1.89966115474923,1.1423595968659,0,0,0.025,0.091989721703311,0,0.142454458058469,0.0830646796937691,1,8,1.32963431930727,0,1,10,0,-7712.93254004751,-7296.25125974331,-416.6812803042
316,1.89966115474923,1.1423595968659,0,0,0.025,0.091989721703311,0,0.142454458058469,0.0830646796937691,1,8,1.32963431930727,0,1,10,0,-7704.24681335127,-7293.37704822153,-410.869765129741
321,1.89966115474923,1.1423595968659,0,0,0.025,0.091989721703311,0,0.142454458058469,0.0830646796937691,1,8,1.32963431930727,0,1,10,0,-7711.47782680154,-7294.46002749788,-417.017799303663
326,1.89966115474923,1.1423595968659,0,0,0.025,0.091989721703311,0,0.142454458058469,0.0830646796937691,1,8,1.32963431930727,0,1,10,0,-7709.68216134669,-7292.88120004178,-416.800961304912
331,1.89966115474923,1.1423595968659,0,0,0.025,0.091989721703311,0,0.142454458058469,0.0830646796937691,1,8,1.32963431930727,0,1,10,0,-7714.97263643871,-7295.56805995084,-419.404576487878
336,1.89966115474923,1.1423595968659,0,0,0.025,0.091989721703311,0,0.142454458058469,0.0830646796937691,1,8,1.32963431930727,0,1,10,0,-7712.22367083454,-7295.45137198929,-416.772298845248
341,1.89966115474923,1.1423595968659,0,0,0.025,0.091989721703311,0,0.142454458058469,0.0830646796937691,1,8,1.32963431930727,0,1,10,0,-7704.97558148785,-7278.91745669368,-426.058124794173
346,1.89966115474923,1.1423595968659,0,0,0.025,0.091989721703311,0,0.142454458058469,0.0830646796937691,1,8,1.32963431930727,0,1,10,0,-7703.25288521983,-7276.82148844056,-426.431396779267
351,1.89966115474923,1.1423595968659,0,0,0.025,0.091989721703311,0,0.142454458058469,0.0830646796937691,1,8,1.32963431930727,0,1,10,0,-7706.53275236528,-7276.11422510809,-430.418527257182
356,1.86047561526739,1.1423595968659,0,0,0.025,0.091989721703311,0,0.142454458058469,0.0830646796937691,1,8,1.32963431930727,0,1,10,0,-7699.69999226263,-7273.14412625481,-426.555866007822
361,1.86047561526739,1.1423595968659,0,0,0.025,0.091989721703311,0,0.142454458058469,0.0830646796937691,1,8,1.32963431930727,0,1,10,0,-7686.21088479105,-7260.90029437915,-425.310590411896
366,1.86047561526739,1.1423595968659,0,0,0.025,0.091989721703311,0,0.142454458058469,0.0830646796937691,1,8,1.32963431930727,0,1,10,0,-7679.1821433602,-7252.52863888281,-426.653504477386
371,1.86047561526739,1.1423595968659,0,0,0.025,0.091989721703311,0,0.142454458058469,0.0830646796937691,1,8,1.32963431930727,0,1,10,0,-7680.2060106458,-7252.69615847251,-427.509852173293
376,1.86047561526739,1.1423595968659,0,0,0.025,0.0930813667389854,0,0.142454458058469,0.0830646796937691,1,8,1.32963431930727,0,1,10,0,-7650.0650082939,-7224.31958048392,-425.745427809984
381,1.86047561526739,1.1423595968659,0,0,0.025,0.0930813667389854,0,0.142454458058469,0.0830646796937691,1,8,1.32963431930727,0,1,10,0,-7648.56157236261,-7223.50929173319,-425.052280629424
386,1.86047561526739,1.1423595968659,0,0,0.025,0.0930813667389854,0,0.142454458058469,0.0830646796937691,1,8,1.32963431930727,0,1,10,0,-7648.27423495495,-7223.04911151269,-425.225123442263
391,1.86047561526739,1.1423595968659,0,0,0.025,0.0930813667389854,0,0.142454458058469,0.0830646796937691,1,8,1.32963431930727,0,1,10,0,-7654.9974003136,-7223.78138391613,-431.216016397473
396,1.86047561526739,1.1423595968659,0,0,0.025,0.0930813667389854,0,0.142454458058469,0.0830646796937691,1,8,1.32963431930727,0,1,10,0,-7654.9974003136,-7223.78138391613,-431.216016397473
401,1.86047561526739,1.1423595968659,0,0,0.025,0.0871869209652952,0,0.142454458058469,0.0830646796937691,1,8,1.32963431930727,0,1,10,0,-7653.37333252664,-7223.9490755984,-429.424256928244
406,1.86047561526739,1.1423595968659,0,0,0.025,0.0871869209652952,0,0.142454458058469,0.0829316100594064,1,8,1.32963431930727,0,1,10,0,-7651.36430574595,-7220.30244002831,-431.061865717645
411,1.86047561526739,1.1423595968659,0,0,0.025,0.0871869209652952,0,0.142454458058469,0.0829316100594064,1,8,1.32963431930727,0,1,10,0,-7649.91410841236,-7218.85224269471,-431.061865717645
416,1.86047561526739,1.1423595968659,0,0,0.025,0.0871869209652952,0,0.142454458058469,0.0888083382584468,1,8,1.06208528133895,0,1,10,0,-7612.59019075388,-7181.52832503624,-431.061865717645
421,1.86047561526739,1.1423595968659,0,0,0.025,0.0871869209652952,0,0.142454458058469,0.0888083382584468,1,8,1.06208528133895,0,1,10,0,-7594.21809577228,-7160.48402676891,-433.73406900337
426,1.86047561526739,1.1423595968659,0,0,0.025,0.0871869209652952,0,0.142454458058469,0.0888083382584468,1,8,1.06208528133895,0,1,10,0,-7595.41731166916,-7163.02508526434,-432.392226404821
431,1.86047561526739,1.1423595968659,0,0,0.025,0.0871869209652952,0,0.142454458058469,0.0888083382584468,1,8,1.06208528133895,0,1,10,0,-7585.25361492193,-7147.89256777344,-437.361047148484
436,1.86047561526739,1.1423595968659,0,0,0.025,0.0871869209652952,0,0.142454458058469,0.0888083382584468,1,8,1.06208528133895,0,1,10,0,-7576.62704591979,-7138.16738648264,-438.459659437152
441,1.86047561526739,1.1423595968659,0,0,0.025,0.0871869209652952,0,0.142454458058469,0.0888083382584468,1,8,1.06208528133895,0,1,10,0,-7582.6701005012,-7138.59004019833,-444.08006030287
446,1.83548308419541,1.07653892913836,0,0,0.025,0.0871869209652952,0,0.142454458058469,0.0888083382584468,1,8,1.06208528133895,0,1,10,0,-7581.96427879375,-7134.58689629226,-447.37738250149
451,1.83548308419541,1.07653892913836,0,0,0.025,0.0871869209652952,0,0.142454458058469,0.0865389233129323,1,8,1.06208528133895,0,1,10,0,-7567.93822866675,-7126.6920258919,-441.246202774849
456,1.83548308419541,1.07653892913836,0,0,0.025,0.0871869209652952,0,0.142454458058469,0.0865389233129323,1,8,1.06208528133895,0,1,10,0,-7567.93822866675,-7126.6920258919,-441.246202774849
461,1.83548308419541,1.07653892913836,0,0,0.025,0.0871869209652952,0,0.142454458058469,0.0865389233129323,1,8,1.08838455853611,0,1,10,0,-7547.78438334967,-7105.23904638914,-442.545336960527
466,1.83548308419541,1.07653892913836,0,0,0.025,0.0871869209652952,0,0.142454458058469,0.0865389233129323,1,8,1.08838455853611,0,1,10,0,-7548.38304241847,-7106.49084730388,-441.89219511458
471,1.83548308419541,0.937981020822202,0,0,0.025,0.0871869209652952,0,0.142454458058469,0.0771323709524082,1,8,1.08838455853611,0,1,10,0,-7542.42488053592,-7101.69013821003,-440.734742325889
476,1.83548308419541,0.937981020822202,0,0,0.025,0.0876807315013354,0,0.132748801613169,0.0771323709524082,1,8,1.08838455853611,0,1,10,0,-7525.06748686807,-7085.3459807772,-439.72150609087
481,1.83548308419541,0.937981020822202,0,0,0.025,0.0876807315013354,0,0.132748801613169,0.0771323709524082,1,8,1.08838455853611,0,1,10,0,-7518.61243068669,-7078.52257715067,-440.089853536022
486,1.83548308419541,0.937981020822202,0,0,0.025,0.0876807315013354,0,0.132748801613169,0.0771323709524082,1,8,1.08838455853611,0,1,10,0,-7515.63955824035,-7076.03875652854,-439.600801711805
491,1.83548308419541,0.937981020822202,0,0,0.025,0.0876807315013354,0,0.132748801613169,0.0771323709524082,1,8,1.08838455853611,0,1,10,0,-7496.86276229438,-7061.46686548829,-435.395896806087
496,1.83548308419541,0.937981020822202,0,0,0.025,0.0876807315013354,0,0.132748801613169,0.0771323709524082,1,8,1.08838455853611,0,1,10,0,-7489.49147902515,-7054.26255991245,-435.2289191127
501,1.83548308419541,0.925002705212814,0,0,0.025,0.0876807315013354,0,0.132748801613169,0.0771323709524082,1,8,1.08838455853611,0,1,10,0,-7481.01372612793,-7048.55898549416,-432.45474063377
506,1.83548308419541,0.925002705212814,0,0,0.025,0.0876807315013354,0,0.132748801613169,0.0771323709524082,1,8,1.08838455853611,0,1,10,0,-7477.70449340239,-7048.27365591914,-429.430837483249
511,1.83548308419541,0.924071089785264,0,0,0.025,0.0876807315013354,0,0.132748801613169,0.0771323709524082,1,8,1.08838455853611,0,1,10,0,-7478.3296659596,-7046.9173602319,-431.412305727705
516,1.83548308419541,0.924071089785264,0,0,0.025,0.0876807315013354,0,0.132748801613169,0.0771323709524082,1,8,1.08838455853611,0,1,10,0,-7479.90568436373,-7047.39476634736,-432.510918016373
521,1.83548308419541,0.924071089785264,0,0,0.025,0.0876807315013354,0,0.132748801613169,0.0656136378663678,1,8,1.08838455853611,0,1,10,0,-7478.3265728854,-7046.9142671577,-431.412305727705
526,1.83548308419541,0.924071089785264,0,0,0.025,0.0876807315013354,0,0.132748801613169,0.0656136378663678,1,8,1.08838455853611,0,1,10,0,-7477.7937705568,-7045.58922674589,-432.204543810909
531,1.83548308419541,0.924071089785264,0,0,0.025,0.0876807315013354,0,0.132748801613169,0.0656136378663678,1,8,1.08838455853611,0,1,10,0,-7477.7937705568,-7045.58922674589,-432.204543810909
536,1.83548308419541,0.924071089785264,0,0,0.025,0.0876807315013354,0,0.132748801613169,0.0656136378663678,1,8,1.08838455853611,0,1,10,0,-7476.45757469749,-7044.22123024156,-432.236344455926
541,1.83548308419541,0.924071089785264,0,0,0.025,0.0876807315013354,0,0.132748801613169,0.0656136378663678,1,8,1.08838455853611,0,1,10,0,-7479.03705651534,-7044.32377357927,-434.713282936065
546,1.83548308419541,0.924071089785264,0,0,0.025,0.0876807315013354,0,0.132748801613169,0.0656136378663678,1,8,1.08838455853611,0,1,10,0,-7479.03705651534,-7044.32377357927,-434.713282936065
551,1.83548308419541,0.924071089785264,0,0,0.025,0.0876807315013354,0,0.132748801613169,0.0683940248065529,1,8,1.08838455853611,0,1,10,0,-7472.83171919817,-7035.44979097531,-437.381928222866
556,1.83548308419541,0.924071089785264,0,0,0.025,0.0876807315013354,0,0.132748801613169,0.0683940248065529,1,8,1.08838455853611,0,1,10,0,-7472.83171919817,-7035.44979097531,-437.381928222866
561,1.83548308419541,0.847807709207759,0,0,0.025,0.0876807315013354,0,0.132748801613169,0.0683940248065529,1,8,1.08838455853611,0,1,10,0,-7472.0912015411,-7036.69016997079,-435.401031570309
566,1.83548308419541,0.847807709207759,0,0,0.025,0.0876807315013354,0,0.132748801613169,0.0683940248065529,1,8,1.08838455853611,0,1,10,0,-7469.64737198793,-7035.27701747637,-434.370354511569
571,1.83548308419541,0.847807709207759,0,0,0.025,0.0876807315013354,0,0.132748801613169,0.0683940248065529,1,8,1.08838455853611,0,1,10,0,-7467.70014116266,-7034.39135766808,-433.308783494582
576,1.83548308419541,0.847807709207759,0,0,0.025,0.0876807315013354,0,0.132748801613169,0.0683940248065529,1,8,1.08838455853611,0,1,10,0,-7468.58734897271,-7034.78608899304,-433.80125997968
581,1.83548308419541,0.847807709207759,0,0,0.025,0.0876807315013354,0,0.132748801613169,0.0683940248065529,1,8,1.08838455853611,0,1,10,0,-7437.62230092797,-7002.37496710474,-435.247333823229
586,1.83548308419541,0.847807709207759,0,0,0.025,0.0876807315013354,0,0.132748801613169,0.0683940248065529,1,8,1.08838455853611,0,1,10,0,-7442.23045028925,-7005.14483698116,-437.085613308092
591,1.83548308419541,0.847807709207759,0,0,0.025,0.0876807315013354,0,0.132748801613169,0.0683940248065529,1,8,1.08838455853611,0,1,10,0,-7442.23045028925,-7005.14483698116,-437.085613308092
596,1.83548308419541,0.847807709207759,0,0,0.025,0.0876807315013354,0,0.132748801613169,0.0683940248065529,1,8,1.08838455853611,0,1,10,0,-7438.32385605492,-7002.01762460531,-436.30623144961
601,1.83548308419541,0.847807709207759,0,0,0.025,0.0876807315013354,0,0.132748801613169,0.0683940248065529,1,8,1.08838455853611,0,1,10,0,-7434.66025894381,-6998.22886435125,-436.431394592564
606,1.83548308419541,0.817854921080597,0,0,0.025,0.0876807315013354,0,0.132748801613169,0.0683940248065529,1,8,1.08838455853611,0,1,10,0,-7434.61983434107,-6998.18843974851,-436.431394592564
611,1.83548308419541,0.817854921080597,0,0,0.025,0.0876807315013354,0,0.130552563130607,0.0683940248065529,1,8,1.08838455853611,0,1,10,0,-7429.37361935388,-6994.78050424618,-434.593115107701
616,1.83548308419541,0.817854921080597,0,0,0.025,0.0876807315013354,0,0.130552563130607,0.0683940248065529,1,8,1.08838455853611,0,1,10,0,-7428.56401113415,-6995.33128965913,-433.232721475014
621,1.83548308419541,0.817854921080597,0,0,0.025,0.0876807315013354,0,0.130552563130607,0.0683940248065529,1,8,1.08838455853611,0,1,10,0,-7428.59401449483,-6994.47398982481,-434.120024670014
626,1.83548308419541,0.817854921080597,0,0,0.025,0.0884531866405772,0,0.130552563130607,0.0683940248065529,1,8,1.08838455853611,0,1,10,0,-7428.50309098373,-6994.38306631371,-434.120024670014
631,1.83548308419541,0.817854921080597,0,0,0.025,0.0884531866405772,0,0.130552563130607,0.0683940248065529,1,8,1.08838455853611,0,1,10,0,-7427.54770661263,-6992.48541572434,-435.062290888292
636,1.83548308419541,0.829389971427879,0,0,0.025,0.0884531866405772,0,0.130552563130607,0.0683940248065529,1,8,1.08838455853611,0,1,10,0,-7429.43935013127,-6991.12567413955,-438.313675991725
641,1.83548308419541,0.829389971427879,0,0,0.025,0.0884531866405772,0,0.130552563130607,0.0683940248065529,1,8,1.08838455853611,0,1,10,0,-7429.84999844546,-6991.39912133222,-438.450877113239
646,1.83548308419541,0.829389971427879,0,0,0.025,0.0884531866405772,0,0.130552563130607,0.0683940248065529,1,8,1.08838455853611,0,1,10,0,-7432.89154380228,-6992.48972719158,-440.401816610699
651,1.83548308419541,0.829389971427879,0,0,0.025,0.0884531866405772,0,0.130552563130607,0.0683940248065529,1,8,1.08838455853611,0,1,10,0,-7424.65531827802,-6985.7649591714,-438.890359106625
656,1.83548308419541,0.829389971427879,0,0,0.025,0.0884531866405772,0,0.130552563130607,0.0683940248065529,1,8,1.08838455853611,0,1,10,0,-7425.81540945714,-6984.75029862903,-441.06511082811
661,1.83548308419541,0.829389971427879,0,0,0.025,0.0884531866405772,0,0.130552563130607,0.0683940248065529,1,8,1.08838455853611,0,1,10,0,-7430.32722541986,-6988.4348416451,-441.892383774761
666,1.83548308419541,0.829389971427879,0,0,0.025,0.0884531866405772,0,0.130552563130607,0.0683940248065529,1,8,1.08838455853611,0,1,10,0,-7430.32722541986,-6988.4348416451,-441.892383774761
671,1.83548308419541,0.829389971427879,0,0,0.025,0.0884531866405772,0,0.130552563130607,0.0683940248065529,1,8,1.08838455853611,0,1,10,0,-7426.93954640885,-6983.63805359521,-443.301492813647
676,1.83548308419541,0.829389971427879,0,0,0.025,0.0884531866405772,0,0.130552563130607,0.0683940248065529,1,8,1.08838455853611,0,1,10,0,-7426.70214405331,-6986.29773443215,-440.404409621163
681,1.83548308419541,0.829389971427879,0,0,0.025,0.0884531866405772,0,0.130552563130607,0.0683940248065529,1,8,1.08838455853611,0,1,10,0,-7430.16297192377,-6986.35837553245,-443.804596391319
686,1.83548308419541,0.829389971427879,0,0,0.025,0.0884531866405772,0,0.130552563130607,0.0683940248065529,1,8,1.08838455853611,0,1,10,0,-7427.08474562441,-6981.44186974823,-445.642875876182
691,1.83548308419541,0.829389971427879,0,0,0.025,0.0884531866405772,0,0.130552563130607,0.0683940248065529,1,8,1.08838455853611,0,1,10,0,-7429.29961328172,-6981.26983424211,-448.029779039612
696,1.83548308419541,0.823483479228934,0,0,0.025,0.0884531866405772,0,0.130552563130607,0.0652180037287402,1,8,1.08838455853611,0,1,10,0,-7430.1453353002,-6982.11555626058,-448.029779039612
701,1.83548308419541,0.823483479228934,0,0,0.025,0.0884531866405772,0,0.130552563130607,0.0652180037287402,1,8,1.08838455853611,0,1,10,0,-7426.01101015353,-6977.24447512793,-448.766535025599
706,1.83548308419541,0.823483479228934,0,0,0.025,0.0884531866405772,0,0.130552563130607,0.0652180037287402,1,8,1.08838455853611,0,1,10,0,-7424.39070714701,-6974.80159739911,-449.5891097479
711,1.83548308419541,0.823483479228934,0,0,0.025,0.0884531866405772,0,0.130552563130607,0.0652180037287402,1,8,1.08838455853611,0,1,10,0,-7421.25581591414,-6972.77286566055,-448.482950253596
716,1.83548308419541,0.823483479228934,0,0,0.025,0.0884531866405772,0,0.130552563130607,0.0652180037287402,1,8,1.08838455853611,0,1,10,0,-7421.70684137545,-6973.42456181731,-448.282279558134
721,1.83548308419541,0.823483479228934,0,0,0.025,0.0884531866405772,0,0.130552563130607,0.0652180037287402,1,8,1.08838455853611,0,1,10,0,-7419.95809793069,-6975.55874284716,-444.39935508353
726,1.83548308419541,0.823483479228934,0,0,0.025,0.0884531866405772,0,0.130552563130607,0.0652180037287402,1,8,1.08838455853611,0,1,10,0,-7419.95809793069,-6975.55874284716,-444.39935508353
731,1.83548308419541,0.823483479228934,0,0,0.025,0.0884531866405772,0,0.130552563130607,0.0652180037287402,1,8,1.08838455853611,0,1,10,0,-7419.92891533272,-6977.62215026372,-442.306765069007
736,1.83548308419541,0.823483479228934,0,0,0.025,0.0884531866405772,0,0.130552563130607,0.0652180037287402,1,8,1.08838455853611,0,1,10,0,-7420.01063521552,-6976.93840230437,-443.072232911146
741,1.83548308419541,0.823483479228934,0,0,0.025,0.0884531866405772,0,0.130552563130607,0.0652180037287402,1,8,1.08838455853611,0,1,10,0,-7419.38388459949,-6976.80606428247,-442.577820317022
746,1.83548308419541,0.823483479228934,0,0,0.025,0.0884531866405772,0,0.130552563130607,0.0652180037287402,1,8,1.08838455853611,0,1,10,0,-7422.1847491608,-6976.80356846287,-445.381180697928
751,1.83548308419541,0.823483479228934,0,0,0.025,0.0884531866405772,0,0.130552563130607,0.0652180037287402,1,8,1.08838455853611,0,1,10,0,-7422.1847491608,-6976.80356846287,-445.381180697928
756,1.83548308419541,0.823483479228934,0,0,0.025,0.0884531866405772,0,0.129345040606281,0.0652180037287402,1,8,1.08838455853611,0,1,10,0,-7421.52045532388,-6975.64472988779,-445.87572543609
761,1.83548308419541,0.823483479228934,0,0,0.025,0.0884531866405772,0,0.129345040606281,0.0652180037287402,1,8,1.08838455853611,0,1,10,0,-7421.68743567055,-6975.81171023446,-445.87572543609
766,1.83548308419541,0.823483479228934,0,0,0.025,0.0884531866405772,0,0.129345040606281,0.0652180037287402,1,8,1.08838455853611,0,1,10,0,-7419.3948940099,-6974.16550285234,-445.229391157562
771,1.83548308419541,0.756077970299921,0,0,0.025,0.0868494922562257,0,0.129345040606281,0.0652180037287402,1,8,1.08838455853611,0,1,10,0,-7420.98579322513,-6974.23034576407,-446.755447461057
776,1.83548308419541,0.756077970299921,0,0,0.025,0.0868494922562257,0,0.129345040606281,0.0652180037287402,1,8,1.08838455853611,0,1,10,0,-7421.10164215727,-6974.93951878182,-446.162123375455
781,1.83548308419541,0.756077970299921,0,0,0.025,0.0868494922562257,0,0.129345040606281,0.0652180037287402,1,8,1.08838455853611,0,1,10,0,-7420.47793430195,-6975.10904156561,-445.368892736338
786,1.83548308419541,0.756077970299921,0,0,0.025,0.0868494922562257,0,0.129345040606281,0.0652180037287402,1,8,1.08838455853611,0,1,10,0,-7420.47793430195,-6975.10904156561,-445.368892736338
791,1.83548308419541,0.756077970299921,0,0,0.025,0.0868494922562257,0,0.129345040606281,0.0652180037287402,1,8,1.08838455853611,0,1,10,0,-7419.68940347299,-6975.07692874327,-444.612474729718
796,1.83548308419541,0.756077970299921,0,0,0.025,0.0868494922562257,0,0.129345040606281,0.0652180037287402,1,8,1.08838455853611,0,1,10,0,-7420.67187609802,-6973.93116966245,-446.740706435567
801,1.83548308419541,0.756077970299921,0,0,0.025,0.0868494922562257,0,0.129345040606281,0.0652180037287402,1,8,1.08838455853611,0,1,10,0,-7420.67187609802,-6973.93116966245,-446.740706435567
806,1.83548308419541,0.756077970299921,0,0,0.025,0.0868494922562257,0,0.129345040606281,0.0652180037287402,1,8,1.08838455853611,0,1,10,0,-7414.98905004862,-6970.22087304838,-444.768177000237
811,1.83548308419541,0.756077970299921,0,0,0.025,0.0868494922562257,0,0.129345040606281,0.0652180037287402,1,8,1.08838455853611,0,1,10,0,-7419.57982853144,-6972.438038353,-447.141790178446
816,1.83548308419541,0.756077970299921,0,0,0.025,0.0868494922562257,0,0.129345040606281,0.0652180037287402,1,8,1.08838455853611,0,1,10,0,-7419.13000387973,-6972.72788089748,-446.402122982251
821,1.83548308419541,0.756077970299921,0,0,0.025,0.0868494922562257,0,0.129345040606281,0.0652180037287402,1,8,1.08838455853611,0,1,10,0,-7418.36628106909,-6969.63525568553,-448.731025383562
826,1.83548308419541,0.756077970299921,0,0,0.025,0.0868494922562257,0,0.129345040606281,0.0652180037287402,1,8,1.08838455853611,0,1,10,0,-7422.92085768418,-6971.27762099911,-451.643236685066
831,1.83548308419541,0.756077970299921,0,0,0.025,0.0868494922562257,0,0.129345040606281,0.065742994410578,1,8,1.08838455853611,0,1,10,0,-7425.04102831114,-6973.71195810518,-451.329070205959
836,1.83548308419541,0.756077970299921,0,0,0.025,0.0868494922562257,0,0.129345040606281,0.065742994410578,1,8,1.08838455853611,0,1,10,0,-7424.6580719074,-6974.9366478198,-449.72142408759
841,1.83548308419541,0.756077970299921,0,0,0.025,0.0868494922562257,0,0.129345040606281,0.065742994410578,1,8,1.08838455853611,0,1,10,0,-7422.16274527192,-6973.82496091156,-448.337784360362
846,1.83548308419541,0.756077970299921,0,0,0.025,0.0868494922562257,0,0.129345040606281,0.065742994410578,1,8,1.08838455853611,0,1,10,0,-7422.00195171342,-6974.0102090407,-447.991742672725
851,1.83548308419541,0.756077970299921,0,0,0.025,0.0868494922562257,0,0.129345040606281,0.065742994410578,1,8,1.08838455853611,0,1,10,0,-7409.13260406347,-6960.81318078568,-448.319423277787
856,1.83548308419541,0.756077970299921,0,0,0.025,0.0868494922562257,0,0.129345040606281,0.065742994410578,1,8,1.08838455853611,0,1,10,0,-7408.20317530791,-6960.59307206993,-447.610103237981
861,1.83548308419541,0.756077970299921,0,0,0.025,0.0868494922562257,0,0.129345040606281,0.065742994410578,1,8,1.08838455853611,0,1,10,0,-7405.85137428534,-6961.19726299227,-444.654111293077
866,1.83548308419541,0.756077970299921,0,0,0.025,0.0868494922562257,0,0.129345040606281,0.065742994410578,1,8,1.08838455853611,0,1,10,0,-7401.80554174614,-6959.07324305054,-442.7322986956
871,1.83548308419541,0.756077970299921,0,0,0.025,0.0868494922562257,0,0.129345040606281,0.065742994410578,1,8,1.08838455853611,0,1,10,0,-7402.31952151934,-6959.40381960107,-442.915701918265
876,1.83548308419541,0.750981995510928,0,0,0.025,0.0868494922562257,0,0.129345040606281,0.0748971517986171,1,8,1.08838455853611,0,1,10,0,-7400.16232256498,-6955.04939606938,-445.112926495601
881,1.83548308419541,0.750981995510928,0,0,0.025,0.0868494922562257,0,0.129345040606281,0.0748971517986171,1,8,1.08838455853611,0,1,10,0,-7401.7390367019,-6955.14450566538,-446.594531036526
886,1.83548308419541,0.750981995510928,0,0,0.025,0.0868494922562257,0,0.129345040606281,0.0748971517986171,1,8,1.08838455853611,0,1,10,0,-7407.32922119914,-6958.74419236567,-448.585028833465
891,1.83548308419541,0.750981995510928,0,0,0.025,0.0868494922562257,0,0.129345040606281,0.0748971517986171,1,8,1.08838455853611,0,1,10,0,-7403.49047260929,-6957.32581190448,-446.164660704814
896,1.83548308419541,0.750981995510928,0,0,0.025,0.0868494922562257,0,0.129345040606281,0.0748971517986171,1,8,1.08838455853611,0,1,10,0,-7404.09742060734,-6959.26776096926,-444.829659638082
901,1.83548308419541,0.750981995510928,0,0,0.025,0.0868494922562257,0,0.129345040606281,0.0704942845326875,1,8,1.08838455853611,0,1,10,0,-7401.89224702683,-6957.06258738874,-444.829659638082
906,1.83548308419541,0.750981995510928,0,0,0.025,0.0868494922562257,0,0.129345040606281,0.0704942845326875,1,8,1.08838455853611,0,1,10,0,-7401.89224702683,-6957.06258738874,-444.829659638082
911,1.83548308419541,0.750981995510928,0,0,0.025,0.0868494922562257,0,0.129345040606281,0.0704942845326875,1,8,1.08838455853611,0,1,10,0,-7404.59614160142,-6956.82204298417,-447.774098617248
916,1.83548308419541,0.750981995510928,0,0,0.025,0.0868494922562257,0,0.129345040606281,0.0704942845326875,1,8,1.08838455853611,0,1,10,0,-7406.13890134862,-6958.36480273138,-447.774098617248
921,1.83548308419541,0.750981995510928,0,0,0.025,0.0868494922562257,0,0.129345040606281,0.0704942845326875,1,8,1.08838455853611,0,1,10,0,-7409.52508803575,-6960.41598835177,-449.109099683981
926,1.83548308419541,0.750981995510928,0,0,0.025,0.0868494922562257,0,0.129345040606281,0.0704942845326875,1,8,1.08838455853611,0,1,10,0,-7410.69468331017,-6960.45112035572,-450.243562954447
931,1.83548308419541,0.750981995510928,0,0,0.025,0.0868494922562257,0,0.129345040606281,0.0704942845326875,1,8,1.08838455853611,0,1,10,0,-7404.22739280763,-6957.11059038914,-447.116802418487
936,1.83548308419541,0.750981995510928,0,0,0.025,0.0868494922562257,0,0.129345040606281,0.0704942845326875,1,8,1.08838455853611,0,1,10,0,-7400.04314749511,-6955.50977071025,-444.533376784858
941,1.83548308419541,0.750981995510928,0,0,0.025,0.0868494922562257,0,0.129345040606281,0.0704942845326875,1,8,1.08838455853611,0,1,10,0,-7402.20974003946,-6952.5659522416,-449.643787797856
946,1.83548308419541,0.750981995510928,0,0,0.025,0.0868494922562257,0,0.129345040606281,0.0704942845326875,1,8,1.08838455853611,0,1,10,0,-7403.69617184453,-6954.69331243533,-449.002859409205
951,1.83548308419541,0.750981995510928,0,0,0.025,0.0868494922562257,0,0.129345040606281,0.0704942845326875,1,8,1.08838455853611,0,1,10,0,-7403.96295681252,-6954.50462187463,-449.458334937887
956,1.83548308419541,0.750981995510928,0,0,0.025,0.0868494922562257,0,0.129345040606281,0.0704942845326875,1,8,1.08838455853611,0,1,10,0,-7405.25902816807,-6955.80069323018,-449.458334937887
961,1.83548308419541,0.750981995510928,0,0,0.025,0.0860718657618734,0,0.129345040606281,0.0704942845326875,1,8,1.08838455853611,0,1,10,0,-7403.71387046757,-6957.7867860396,-445.927084427977
966,1.83548308419541,0.750981995510928,0,0,0.025,0.0860718657618734,0,0.129345040606281,0.0609279241256902,1,8,1.08838455853611,0,1,10,0,-7407.11219207912,-6959.57566973871,-447.536522340411
971,1.83548308419541,0.750981995510928,0,0,0.025,0.0860718657618734,0,0.129345040606281,0.0609279241256902,1,8,1.08838455853611,0,1,10,0,-7398.28150306906,-6952.91669754644,-445.364805522622
976,1.83548308419541,0.750981995510928,0,0,0.025,0.0860718657618734,0,0.129345040606281,0.0609279241256902,1,8,1.08838455853611,0,1,10,0,-7397.6809071742,-6952.17726520673,-445.503641967477
981,1.83548308419541,0.750981995510928,0,0,0.025,0.0860718657618734,0,0.129345040606281,0.0609279241256902,1,8,1.08838455853611,0,1,10,0,-7398.00987742111,-6954.11567336607,-443.894204055042
986,1.82884223405253,0.754168331824945,0,0,0.025,0.0899364610800483,0,0.129345040606281,0.0609279241256902,1,8,1.08838455853611,0,1,10,0,-7397.81617236201,-6953.92196830697,-443.894204055042
991,1.82884223405253,0.754168331824945,0,0,0.025,0.0899364610800483,0,0.129345040606281,0.0609279241256902,1,8,1.09988233232301,0,1,10,0,-7393.27861340875,-6948.61793090006,-444.660682508688
996,1.82884223405253,0.754168331824945,0,0,0.025,0.0899364610800483,0,0.129345040606281,0.0609279241256902,1,8,1.09988233232301,0,1,10,0,-7393.98362814958,-6949.16309693995,-444.82053120963
1001,1.82884223405253,0.754168331824945,0,0,0.025,0.0899364610800483,0,0.129345040606281,0.0609279241256902,1,8,1.09988233232301,0,1,10,0,-7393.04940788982,-6948.44003378662,-444.609374103196
1006,1.82884223405253,0.754168331824945,0,0,0.025,0.0899364610800483,0,0.129345040606281,0.0609279241256902,1,8,1.09988233232301,0,1,10,0,-7393.74567302204,-6949.00513775724,-444.740535264799
1011,1.82884223405253,0.754168331824945,0,0,0.025,0.0899364610800483,0,0.129345040606281,0.0609279241256902,1,8,1.09988233232301,0,1,10,0,-7393.74567302204,-6949.00513775724,-444.740535264799
1016,1.82884223405253,0.754168331824945,0,0,0.025,0.0899364610800483,0,0.129345040606281,0.0609279241256902,1,8,1.09988233232301,0,1,10,0,-7392.73324249372,-6946.74951371145,-445.983728782278
1021,1.82884223405253,0.735287769916434,0,0,0.025,0.0899364610800483,0,0.129345040606281,0.0609279241256902,1,8,1.09988233232301,0,1,10,0,-7390.05347028598,-6945.8208299332,-444.232640352781
1026,1.82884223405253,0.735287769916434,0,0,0.025,0.0899364610800483,0,0.129345040606281,0.0609279241256902,1,8,1.09988233232301,0,1,10,0,-7389.61280467373,-6946.40466863746,-443.208136036266
1031,1.82884223405253,0.735287769916434,0,0,0.025,0.0899364610800483,0,0.129345040606281,0.0609279241256902,1,8,1.09988233232301,0,1,10,0,-7387.72112758655,-6945.3239217665,-442.39720582005
1036,1.82884223405253,0.735287769916434,0,0,0.025,0.0899364610800483,0,0.129345040606281,0.0609279241256902,1,8,1.0655901434698,0,1,10,0,-7390.06840165289,-6948.92006395708,-441.148337695816
1041,1.83007602399583,0.735287769916434,0,0,0.025,0.0900710744282193,0,0.129345040606281,0.0609279241256902,1,8,1.0655901434698,0,1,10,0,-7390.61630315811,-6949.46796546229,-441.148337695816
1046,1.83412197257797,0.735287769916434,0,0,0.025,0.0900710744282193,0,0.129345040606281,0.0609279241256902,1,8,1.0655901434698,0,1,10,0,-7394.3108549329,-6952.11950116706,-442.191353765846
1051,1.83412197257797,0.735287769916434,0,0,0.025,0.0900710744282193,0,0.129345040606281,0.0609279241256902,1,8,1.0655901434698,0,1,10,0,-7402.36312645037,-6958.62947407493,-443.733652375442
1056,1.83412197257797,0.735287769916434,0,0,0.025,0.0900710744282193,0,0.129345040606281,0.0609279241256902,1,8,1.0655901434698,0,1,10,0,-7403.11360976003,-6959.79981123015,-443.313798529882
1061,1.83412197257797,0.735287769916434,0,0,0.025,0.0900710744282193,0,0.129345040606281,0.0616504504306461,1,8,1.0655901434698,0,1,10,0,-7404.35510936683,-6960.84622523843,-443.508884128401
1066,1.83412197257797,0.735287769916434,0,0,0.025,0.0900710744282193,0,0.129345040606281,0.0616504504306461,1,8,1.0655901434698,0,1,10,0,-7406.60509415415,-6963.78935720631,-442.815736947841
1071,1.83412197257797,0.735287769916434,0,0,0.025,0.0900710744282193,0,0.129345040606281,0.0616504504306461,1,8,1.0655901434698,0,1,10,0,-7406.58202089615,-6963.65865328411,-442.923367612033
1076,1.83412197257797,0.735287769916434,0,0,0.025,0.0876273756792058,0,0.129345040606281,0.0616504504306461,1,8,1.0655901434698,0,1,10,0,-7413.41339443325,-6966.3923544689,-447.021039964348
1081,1.83412197257797,0.735287769916434,0,0,0.025,0.0876273756792058,0,0.129345040606281,0.0616504504306461,1,8,1.0655901434698,0,1,10,0,-7408.3553850431,-6965.24858784092,-443.106797202182
1086,1.83412197257797,0.735287769916434,0,0,0.025,0.0876273756792058,0,0.129345040606281,0.0616504504306461,1,8,1.0655901434698,0,1,10,0,-7408.3553850431,-6965.24858784092,-443.106797202182
1091,1.83412197257797,0.735287769916434,0,0,0.025,0.0876273756792058,0,0.129345040606281,0.0616504504306461,1,8,1.0655901434698,0,1,10,0,-7408.36500621751,-6966.64165842432,-441.723347793194
1096,1.83412197257797,0.735287769916434,0,0,0.025,0.0876273756792058,0,0.129345040606281,0.0616504504306461,1,8,1.0655901434698,0,1,10,0,-7404.65000609065,-6963.09419605807,-441.555810032584
1101,1.83412197257797,0.745567252458537,0,0,0.025,0.0876273756792058,0,0.129345040606281,0.0616504504306461,1,8,1.0655901434698,0,1,10,0,-7405.67350933031,-6964.11769929773,-441.555810032584
1106,1.83412197257797,0.745567252458537,0,0,0.025,0.0876273756792058,0,0.129345040606281,0.0616504504306461,1,8,1.0655901434698,0,1,10,0,-7405.94287663705,-6966.22534608933,-439.717530547721
1111,1.83412197257797,0.745567252458537,0,0,0.025,0.0876273756792058,0,0.129345040606281,0.0616504504306461,1,8,1.0655901434698,0,1,10,0,-7404.1624118385,-6965.92875598024,-438.233655858263
1116,1.83412197257797,0.745567252458537,0,0,0.025,0.0876273756792058,0,0.129345040606281,0.0616504504306461,1,8,1.0655901434698,0,1,10,0,-7404.1624118385,-6965.92875598024,-438.233655858263
1121,1.83412197257797,0.745567252458537,0,0,0.025,0.0876273756792058,0,0.129345040606281,0.0616504504306461,1,8,1.0655901434698,0,1,10,0,-7404.1624118385,-6965.92875598024,-438.233655858263
1126,1.83412197257797,0.745567252458537,0,0,0.025,0.0876273756792058,0,0.129345040606281,0.0616504504306461,1,8,1.0655901434698,0,1,10,0,-7404.35127849657,-6966.59370531363,-437.757573182941
1131,1.83412197257797,0.745567252458537,0,0,0.025,0.0876273756792058,0,0.129345040606281,0.0616504504306461,1,8,1.0655901434698,0,1,10,0,-7404.35127849657,-6966.59370531363,-437.757573182941
1136,1.83412197257797,0.745567252458537,0,0,0.025,0.0876273756792058,0,0.129345040606281,0.06284211269374,1,8,1.0655901434698,0,1,10,0,-7395.64567862195,-6953.19994555761,-442.445733064345
1141,1.83412197257797,0.745567252458537,0,0,0.025,0.0876273756792058,0,0.129345040606281,0.06284211269374,1,8,1.0655901434698,0,1,10,0,-7393.67009720427,-6953.14120594729,-440.528891256979
1146,1.83412197257797,0.745567252458537,0,0,0.025,0.0876273756792058,0,0.129345040606281,0.065819569106789,1,8,1.0655901434698,0,1,10,0,-7393.69349460132,-6953.16460334434,-440.528891256979
1151,1.83412197257797,0.745567252458537,0,0,0.025,0.0876273756792058,0,0.129345040606281,0.065819569106789,1,8,1.0655901434698,0,1,10,0,-7394.70483286027,-6951.56041795987,-443.144414900403
1156,1.83412197257797,0.745567252458537,0,0,0.025,0.0876273756792058,0,0.129345040606281,0.065819569106789,1,8,1.0655901434698,0,1,10,0,-7390.86289004253,-6950.99362327407,-439.869266768458
1161,1.83412197257797,0.745567252458537,0,0,0.025,0.0876273756792058,0,0.129345040606281,0.065819569106789,1,8,1.0655901434698,0,1,10,0,-7391.28880076468,-6951.41953399622,-439.869266768458
1166,1.83412197257797,0.745567252458537,0,0,0.025,0.0876273756792058,0,0.129345040606281,0.065819569106789,1,8,1.0655901434698,0,1,10,0,-7392.38033121895,-6951.15008789736,-441.230243321593
1171,1.83412197257797,0.745567252458537,0,0,0.025,0.0876273756792058,0,0.129345040606281,0.065819569106789,1,8,1.0655901434698,0,1,10,0,-7391.11649903707,-6951.20005538881,-439.91644364826
1176,1.83412197257797,0.745567252458537,0,0,0.025,0.0876273756792058,0,0.129345040606281,0.065819569106789,1,8,1.0655901434698,0,1,10,0,-7391.11649903707,-6951.20005538881,-439.91644364826
1181,1.83412197257797,0.745567252458537,0,0,0.025,0.0876273756792058,0,0.129345040606281,0.065819569106789,1,8,1.0655901434698,0,1,10,0,-7390.16303430353,-6950.24659065527,-439.91644364826
1186,1.83412197257797,0.745567252458537,0,0,0.025,0.0876273756792058,0,0.129345040606281,0.065819569106789,1,8,1.0655901434698,0,1,10,0,-7388.95451336557,-6949.57551462735,-439.378998738219
1191,1.83412197257797,0.745567252458537,0,0,0.025,0.0876273756792058,0,0.129345040606281,0.065819569106789,1,8,1.0655901434698,0,1,10,0,-7389.1306218889,-6950.18178087138,-438.948841017521
1196,1.83412197257797,0.745567252458537,0,0,0.025,0.0876273756792058,0,0.129045044617115,0.065819569106789,1,8,1.0655901434698,0,1,10,0,-7387.23125755322,-6951.18562544036,-436.045632112864
1201,1.83412197257797,0.745567252458537,0,0,0.025,0.0876273756792058,0,0.129045044617115,0.065819569106789,1,8,1.0655901434698,0,1,10,0,-7386.47618578433,-6949.28425925198,-437.191926532347
1206,1.83412197257797,0.745567252458537,0,0,0.025,0.0876273756792058,0,0.129045044617115,0.065819569106789,1,8,1.0655901434698,0,1,10,0,-7387.08323989189,-6949.26573960381,-437.817500288074
1211,1.83412197257797,0.745567252458537,0,0,0.025,0.0897351228899569,0,0.129045044617115,0.065819569106789,1,8,1.0655901434698,0,1,10,0,-7388.9757468707,-6949.41527727757,-439.560469593133
1216,1.83412197257797,0.745567252458537,0,0,0.025,0.0897351228899569,0,0.129045044617115,0.065819569106789,1,8,1.0655901434698,0,1,10,0,-7387.26981726566,-6949.45231697759,-437.817500288074
1221,1.83412197257797,0.745567252458537,0,0,0.025,0.0897351228899569,0,0.129045044617115,0.065819569106789,1,8,1.0655901434698,0,1,10,0,-7388.69354726003,-6946.96388460341,-441.729662656613
1226,1.83412197257797,0.745567252458537,0,0,0.025,0.0897351228899569,0,0.129045044617115,0.065819569106789,1,8,1.0655901434698,0,1,10,0,-7388.86055015061,-6948.62288015156,-440.237669999052
1231,1.83412197257797,0.745567252458537,0,0,0.025,0.0897351228899569,0,0.129045044617115,0.065819569106789,1,8,1.0655901434698,0,1,10,0,-7391.94088831514,-6953.59506124388,-438.345827071267
1236,1.83412197257797,0.745567252458537,0,0,0.025,0.0897351228899569,0,0.129045044617115,0.065819569106789,1,8,1.0655901434698,0,1,10,0,-7389.23918217205,-6952.68511457001,-436.554067602039
1241,1.83412197257797,0.745567252458537,0,0,0.025,0.0897351228899569,0,0.129045044617115,0.065819569106789,1,8,1.0655901434698,0,1,10,0,-7387.90979781889,-6948.9796623471,-438.930135471793
1246,1.83412197257797,0.64787532565139,0,0,0.025,0.0897351228899569,0,0.129045044617115,0.065819569106789,1,8,1.0655901434698,0,1,10,0,-7382.7448248408,-6944.14048707438,-438.604337766418
1251,1.83412197257797,0.64787532565139,0,0,0.025,0.0897351228899569,0,0.129045044617115,0.065819569106789,1,8,1.0655901434698,0,1,10,0,-7382.38264975212,-6945.04055369816,-437.342096053968
1256,1.83412197257797,0.64787532565139,0,0,0.025,0.0897351228899569,0,0.129045044617115,0.065819569106789,1,8,1.0655901434698,0,1,10,0,-7381.83514245185,-6945.85344003056,-435.981702421281
1261,1.83412197257797,0.64787532565139,0,0,0.025,0.0897351228899569,0,0.129045044617115,0.065819569106789,1,8,1.0655901434698,0,1,10,0,-7380.04974807592,-6944.06804565464,-435.981702421281
1266,1.84116750046677,0.64787532565139,0,0,0.025,0.0897351228899569,0,0.129045044617115,0.065819569106789,1,8,1.0655901434698,0,1,10,0,-7378.3716929601,-6943.69832335847,-434.67336960163
1271,1.84116750046677,0.64787532565139,0,0,0.025,0.0897351228899569,0,0.129045044617115,0.065819569106789,1,8,1.0655901434698,0,1,10,0,-7383.55538543657,-6945.93757685577,-437.617808580797
1276,1.84116750046677,0.64787532565139,0,0,0.025,0.0897351228899569,0,0.129045044617115,0.065819569106789,1,8,1.0655901434698,0,1,10,0,-7382.35923247479,-6945.57070324888,-436.788529225912
1281,1.84116750046677,0.64787532565139,0,0,0.025,0.0897351228899569,0,0.129045044617115,0.065819569106789,1,8,1.0655901434698,0,1,10,0,-7384.00379001559,-6947.02149184704,-436.982298168547
1286,1.84116750046677,0.64787532565139,0,0,0.025,0.0897351228899569,0,0.129045044617115,0.065819569106789,1,8,1.0655901434698,0,1,10,0,-7385.74275864713,-6948.95620505571,-436.786553591421
1291,1.84116750046677,0.64787532565139,0,0,0.025,0.0897351228899569,0,0.129045044617115,0.065819569106789,1,8,1.0655901434698,0,1,10,0,-7384.8404647992,-6950.12987448508,-434.710590314117
1296,1.84116750046677,0.64787532565139,0,0,0.025,0.0897351228899569,0,0.129045044617115,0.065819569106789,1,8,1.0655901434698,0,1,10,0,-7384.8404647992,-6950.12987448508,-434.710590314117
1301,1.84116750046677,0.64787532565139,0,0,0.025,0.0897351228899569,0,0.129045044617115,0.065819569106789,1,8,1.0655901434698,0,1,10,0,-7374.87184615283,-6942.38964587303,-432.482200279797
1306,1.84116750046677,0.64787532565139,0,0,0.025,0.0897351228899569,0,0.129045044617115,0.065819569106789,1,8,1.0655901434698,0,1,10,0,-7377.64001789316,-6942.25599846962,-435.384019423534
1311,1.8992281377873,0.64787532565139,0,0,0.025,0.0897351228899569,0,0.129045044617115,0.065819569106789,1,8,1.0655901434698,0,1,10,0,-7378.7840021232,-6943.39998269967,-435.384019423534
1316,1.8992281377873,0.64787532565139,0,0,0.025,0.0897351228899569,0,0.129045044617115,0.065819569106789,1,8,1.0655901434698,0,1,10,0,-7374.92347495303,-6940.55105644118,-434.372418511855
1321,1.8992281377873,0.64787532565139,0,0,0.025,0.0897351228899569,0,0.129045044617115,0.065819569106789,1,8,1.0655901434698,0,1,10,0,-7368.66800406655,-6937.51383618417,-431.154167882381
1326,1.8992281377873,0.64787532565139,0,0,0.025,0.0897351228899569,0,0.129045044617115,0.065819569106789,1,8,1.0655901434698,0,1,10,0,-7368.66800406655,-6937.51383618417,-431.154167882381
1331,1.8992281377873,0.64787532565139,0,0,0.025,0.0897351228899569,0,0.129045044617115,0.065819569106789,1,8,1.0655901434698,0,1,10,0,-7368.96728998272,-6937.84129751503,-431.125992467684
1336,1.8992281377873,0.64787532565139,0,0,0.025,0.0897351228899569,0,0.129045044617115,0.065819569106789,1,8,1.0655901434698,0,1,10,0,-7365.73011197369,-6935.44112196253,-430.288990011158
1341,1.8992281377873,0.64787532565139,0,0,0.025,0.0897351228899569,0,0.129045044617115,0.065819569106789,1,8,1.0655901434698,0,1,10,0,-7361.69509699438,-6932.28157572058,-429.413521273804
1346,1.8992281377873,0.64787532565139,0,0,0.025,0.0897351228899569,0,0.129045044617115,0.065819569106789,1,8,1.0655901434698,0,1,10,0,-7362.0430199436,-6930.40268613527,-431.640333808326
1351,1.8992281377873,0.64787532565139,0,0,0.025,0.0897351228899569,0,0.129045044617115,0.065819569106789,1,8,1.0655901434698,0,1,10,0,-7362.70041227253,-6931.35003068519,-431.35038158734
1356,1.90816959601345,0.64787532565139,0,0,0.025,0.0897351228899569,0,0.129045044617115,0.065819569106789,1,8,1.0655901434698,0,1,10,0,-7362.7590378122,-6930.46841225196,-432.290625560236
1361,1.90816959601345,0.64787532565139,0,0,0.025,0.0897351228899569,0,0.129045044617115,0.065819569106789,1,8,1.0655901434698,0,1,10,0,-7362.7590378122,-6930.46841225196,-432.290625560236
1366,1.90816959601345,0.64787532565139,0,0,0.025,0.0897351228899569,0,0.129045044617115,0.065819569106789,1,8,1.0655901434698,0,1,10,0,-7362.41582794579,-6929.53741572065,-432.878412225138
1371,1.90816959601345,0.64787532565139,0,0,0.025,0.0897351228899569,0,0.129045044617115,0.065117010428649,1,8,1.0655901434698,0,1,10,0,-7365.02386349916,-6932.43313334648,-432.590730152687
1376,1.90816959601345,0.64787532565139,0,0,0.025,0.0897351228899569,0,0.129045044617115,0.065117010428649,1,8,1.0655901434698,0,1,10,0,-7362.11113022579,-6931.47200824328,-430.639121982517
1381,1.90816959601345,0.64787532565139,0,0,0.025,0.0897351228899569,0,0.129045044617115,0.065117010428649,1,8,1.0655901434698,0,1,10,0,-7362.11113022579,-6931.47200824328,-430.639121982517
1386,1.90816959601345,0.64787532565139,0,0,0.025,0.0897351228899569,0,0.129045044617115,0.065117010428649,1,8,1.0655901434698,0,1,10,0,-7362.72236716899,-6931.08261330616,-431.639753862825
1391,1.90816959601345,0.64787532565139,0,0,0.025,0.0897351228899569,0,0.129045044617115,0.065117010428649,1,8,1.0655901434698,0,1,10,0,-7365.41266265562,-6931.62114658954,-433.791516066084
1396,1.90816959601345,0.64787532565139,0,0,0.025,0.0897351228899569,0,0.129045044617115,0.065117010428649,1,8,1.0655901434698,0,1,10,0,-7364.7878229683,-6931.42530250773,-433.362520460566
1401,1.90816959601345,0.64787532565139,0,0,0.025,0.0897351228899569,0,0.129045044617115,0.065117010428649,1,8,1.0655901434698,0,1,10,0,-7364.7878229683,-6931.42530250773,-433.362520460566
1406,1.90816959601345,0.64787532565139,0,0,0.025,0.0897351228899569,0,0.129045044617115,0.065117010428649,1,8,1.0655901434698,0,1,10,0,-7365.95206924393,-6930.21464302879,-435.737426215139
1411,1.90816959601345,0.64787532565139,0,0,0.025,0.0897351228899569,0,0.129045044617115,0.065117010428649,1,8,1.0655901434698,0,1,10,0,-7366.29287328109,-6932.23720563996,-434.055667641126
1416,1.90816959601345,0.64787532565139,0,0,0.025,0.0897351228899569,0,0.129045044617115,0.065117010428649,1,8,1.0655901434698,0,1,10,0,-7366.87946768972,-6931.2126590418,-435.666808647926
1421,1.90816959601345,0.64787532565139,0,0,0.025,0.0929175889531288,0,0.129045044617115,0.065117010428649,1,8,1.0655901434698,0,1,10,0,-7368.12154411345,-6930.32650375967,-437.795040353775
1426,1.90816959601345,0.64787532565139,0,0,0.025,0.0929175889531288,0,0.129045044617115,0.065117010428649,1,8,1.0655901434698,0,1,10,0,-7368.12154411345,-6930.32650375967,-437.795040353775
1431,1.90816959601345,0.64787532565139,0,0,0.025,0.0929175889531288,0,0.129045044617115,0.065117010428649,1,8,1.0655901434698,0,1,10,0,-7367.03811417608,-6929.08655291145,-437.951561264624
1436,1.90816959601345,0.64787532565139,0,0,0.025,0.0929175889531288,0,0.129045044617115,0.065117010428649,1,8,1.0655901434698,0,1,10,0,-7369.5930042229,-6933.47972244314,-436.113281779761
1441,1.90816959601345,0.64787532565139,0,0,0.025,0.0929175889531288,0,0.129045044617115,0.065117010428649,1,8,1.0655901434698,0,1,10,0,-7369.5930042229,-6933.47972244314,-436.113281779761
1446,1.90816959601345,0.64787532565139,0,0,0.025,0.0883506099290511,0,0.129045044617115,0.065117010428649,1,8,1.0655901434698,0,1,10,0,-7365.79391463887,-6933.39420492582,-432.399709713057
1451,1.90816959601345,0.64787532565139,0,0,0.025,0.0883506099290511,0,0.129045044617115,0.065117010428649,1,8,1.0655901434698,0,1,10,0,-7355.34236808365,-6925.88182029266,-429.460547790991
1456,1.90816959601345,0.64787532565139,0,0,0.025,0.0883506099290511,0,0.129045044617115,0.065117010428649,1,8,1.0655901434698,0,1,10,0,-7357.4888604839,-6925.90008098706,-431.58877949684
1461,1.90816959601345,0.64787532565139,0,0,0.025,0.0883506099290511,0,0.129045044617115,0.0619077081412086,1,8,1.0655901434698,0,1,10,0,-7356.38465139757,-6924.26541516155,-432.119236236025
1466,1.90816959601345,0.64787532565139,0,0,0.025,0.0883506099290511,0,0.129045044617115,0.0619077081412086,1,8,1.0655901434698,0,1,10,0,-7357.77786725061,-6924.4327569463,-433.345110304304
1471,1.89623502819261,0.64787532565139,0,0,0.025,0.0883506099290511,0,0.129045044617115,0.0619077081412086,1,8,1.0655901434698,0,1,10,0,-7360.00482035428,-6923.13510135859,-436.869718995694
1476,1.89623502819261,0.64787532565139,0,0,0.025,0.0889035043171443,0,0.129045044617115,0.0619077081412086,1,8,1.0655901434698,0,1,10,0,-7359.93308998865,-6923.06337099295,-436.869718995694
1481,1.89623502819261,0.64787532565139,0,0,0.025,0.0889035043171443,0,0.129045044617115,0.0619077081412086,1,8,1.0655901434698,0,1,10,0,-7363.73742382895,-6927.89920218526,-435.838221643689
1486,1.89623502819261,0.64787532565139,0,0,0.025,0.0889035043171443,0,0.129045044617115,0.0619077081412086,1,8,1.0655901434698,0,1,10,0,-7362.67853105239,-6928.33641863582,-434.342112416561
1491,1.89623502819261,0.64787532565139,0,0,0.025,0.0889035043171443,0,0.129045044617115,0.0619077081412086,1,8,1.0655901434698,0,1,10,0,-7358.02759003855,-6924.09099633359,-433.936593704958
1496,1.89623502819261,0.64787532565139,0,0,0.025,0.0889035043171443,0,0.129045044617115,0.0619077081412086,1,8,1.0655901434698,0,1,10,0,-7352.54185423832,-6922.09826546428,-430.443588774043
1501,1.89623502819261,0.64787532565139,0,0,0.025,0.0889035043171443,0,0.129045044617115,0.0619077081412086,1,8,1.0655901434698,0,1,10,0,-7350.63479630139,-6922.41414497141,-428.22065132999
1506,1.89623502819261,0.64787532565139,0,0,0.025,0.0889035043171443,0,0.129045044617115,0.0619077081412086,1,8,1.0655901434698,0,1,10,0,-7351.33467938041,-6921.27574856556,-430.058930814853
1511,1.89623502819261,0.64787532565139,0,0,0.025,0.0889035043171443,0,0.129045044617115,0.0619077081412086,1,8,1.0655901434698,0,1,10,0,-7350.63479630139,-6922.41414497141,-428.22065132999
1516,1.89623502819261,0.64787532565139,0,0,0.025,0.0889035043171443,0,0.129045044617115,0.0619077081412086,1,8,1.0655901434698,0,1,10,0,-7350.03235050926,-6921.33461017416,-428.697740335094
1521,1.89623502819261,0.64787532565139,0,0,0.025,0.0889035043171443,0,0.129045044617115,0.0619077081412086,1,8,1.0655901434698,0,1,10,0,-7347.93559732669,-6921.00551890925,-426.930078417445
1526,1.89623502819261,0.64787532565139,0,0,0.025,0.0889035043171443,0,0.129045044617115,0.0619077081412086,1,8,1.0655901434698,0,1,10,0,-7347.93559732669,-6921.00551890925,-426.930078417445
1531,1.89623502819261,0.64787532565139,0,0,0.025,0.0889035043171443,0,0.129045044617115,0.0619077081412086,1,8,1.0655901434698,0,1,10,0,-7348.79124127231,-6917.00491636418,-431.786324908126
1536,1.89623502819261,0.607851788409328,0,0,0.025,0.0889035043171443,0,0.129045044617115,0.0619077081412086,1,8,1.0655901434698,0,1,10,0,-7347.77024776639,-6915.98392285826,-431.786324908126
1541,1.89623502819261,0.607851788409328,0,0,0.025,0.0889035043171443,0,0.129045044617115,0.0619077081412086,1,8,1.0655901434698,0,1,10,0,-7347.00342615939,-6914.63463374784,-432.368792411551
1546,1.89623502819261,0.607851788409328,0,0,0.025,0.0874855379450583,0,0.129045044617115,0.0619077081412086,1,8,1.0655901434698,0,1,10,0,-7351.029470176,-6919.84444786146,-431.185022314542
1551,1.89623502819261,0.607851788409328,0,0,0.025,0.0874855379450583,0,0.129045044617115,0.0619077081412086,1,8,1.0655901434698,0,1,10,0,-7349.68670552595,-6920.2045509123,-429.482154613652
1556,1.89623502819261,0.607851788409328,0,0,0.025,0.0874855379450583,0,0.129045044617115,0.051107868061037,1,8,1.0655901434698,0,1,10,0,-7347.36094924745,-6920.27462165353,-427.086327593918
1561,1.89623502819261,0.607851788409328,0,0,0.025,0.0874855379450583,0,0.129045044617115,0.051107868061037,1,8,1.0655901434698,0,1,10,0,-7347.36094924745,-6920.27462165353,-427.086327593918
1566,1.89623502819261,0.607851788409328,0,0,0.025,0.0874855379450583,0,0.129045044617115,0.051107868061037,1,8,1.0655901434698,0,1,10,0,-7349.32032724472,-6923.01609431738,-426.304232927342
1571,1.89623502819261,0.607851788409328,0,0,0.025,0.0874855379450583,0,0.129045044617115,0.051107868061037,1,8,1.0655901434698,0,1,10,0,-7351.09658824826,-6924.35814528301,-426.738442965245
1576,1.89623502819261,0.607851788409328,0,0,0.025,0.0874855379450583,0,0.129045044617115,0.051107868061037,1,8,1.0655901434698,0,1,10,0,-7344.12918269821,-6919.70632139879,-424.422861299424
1581,1.89638163346038,0.607851788409328,0,0,0.025,0.0874855379450583,0,0.127988845883329,0.051107868061037,1,8,1.0655901434698,0,1,10,0,-7344.48234971786,-6920.05948841844,-424.422861299424
1586,1.89638163346038,0.607851788409328,0,0,0.025,0.0874855379450583,0,0.127988845883329,0.051107868061037,1,8,1.0655901434698,0,1,10,0,-7338.43919315264,-6915.55662490693,-422.88256824571
1591,1.89638163346038,0.607851788409328,0,0,0.025,0.0874855379450583,0,0.127988845883329,0.051107868061037,1,8,1.0655901434698,0,1,10,0,-7339.10337106933,-6914.63668271917,-424.46668835016
1596,1.89638163346038,0.607851788409328,0,0,0.025,0.0874855379450583,0,0.127988845883329,0.051107868061037,1,8,1.0655901434698,0,1,10,0,-7339.20599696305,-6914.25380079711,-424.952196165942
1601,1.89638163346038,0.607851788409328,0,0,0.025,0.0874855379450583,0,0.127988845883329,0.051107868061037,1,8,1.0655901434698,0,1,10,0,-7340.94404747434,-6913.11228675537,-427.831760718977
1606,1.89638163346038,0.607851788409328,0,0,0.025,0.0874855379450583,0,0.127988845883329,0.051107868061037,1,8,1.0655901434698,0,1,10,0,-7341.90061413705,-6912.85579699501,-429.044817142035
1611,1.89638163346038,0.607851788409328,0,0,0.025,0.0874855379450583,0,0.127988845883329,0.0508597352632381,1,8,1.0655901434698,0,1,10,0,-7342.71293403692,-6913.01970560817,-429.693228428754
1616,1.89638163346038,0.593420643227058,0,0,0.025,0.0874855379450583,0,0.127988845883329,0.0508597352632381,1,8,1.0655901434698,0,1,10,0,-7341.83025936175,-6914.15193395353,-427.678325408212
1621,1.89638163346038,0.593420643227058,0,0,0.025,0.0874855379450583,0,0.127988845883329,0.0508597352632381,1,8,1.0655901434698,0,1,10,0,-7343.59678029005,-6914.11314244621,-429.483637843845
1626,1.87512981705996,0.593420643227058,0,0,0.025,0.0874855379450583,0,0.127988845883329,0.0508597352632381,1,8,1.0655901434698,0,1,10,0,-7341.73760690487,-6911.91531262259,-429.822294282281
1631,1.87512981705996,0.593420643227058,0,0,0.025,0.0874855379450583,0,0.127988845883329,0.0508597352632381,1,8,1.0655901434698,0,1,10,0,-7340.5929689025,-6912.38011253265,-428.212856369847
1636,1.87512981705996,0.593420643227058,0,0,0.025,0.0874855379450583,0,0.127988845883329,0.0508597352632381,1,8,1.0655901434698,0,1,10,0,-7340.5929689025,-6912.38011253265,-428.212856369847
1641,1.87512981705996,0.639498594639755,0,0,0.025,0.0874855379450583,0,0.127988845883329,0.0508597352632381,1,8,1.0655901434698,0,1,10,0,-7343.48418468673,-6913.68720821243,-429.796976474296
1646,1.87512981705996,0.639498594639755,0,0,0.025,0.0874855379450583,0,0.127988845883329,0.0508597352632381,1,8,1.0655901434698,0,1,10,0,-7343.24061101558,-6912.37744424856,-430.863166767028
1651,1.87512981705996,0.639498594639755,0,0,0.025,0.0874855379450583,0,0.127988845883329,0.0508597352632381,1,8,1.0655901434698,0,1,10,0,-7343.24061101558,-6912.37744424856,-430.863166767028
1656,1.87512981705996,0.639498594639755,0,0,0.025,0.0874855379450583,0,0.127988845883329,0.0654588506499867,1,8,1.0655901434698,0,1,10,0,-7346.8956179218,-6916.03245115477,-430.863166767028
1661,1.88252043909492,0.639498594639755,0,0,0.025,0.0874855379450583,0,0.127988845883329,0.0654588506499867,1,8,1.0655901434698,0,1,10,0,-7352.58478625161,-6921.15730517587,-431.427481075745
1666,1.88252043909492,0.639498594639755,0,0,0.025,0.0874855379450583,0,0.127988845883329,0.0654588506499867,1,8,1.0655901434698,0,1,10,0,-7352.23590367596,-6920.90273327968,-431.333170396274
1671,1.88252043909492,0.639498594639755,0,0,0.025,0.0874855379450583,0,0.127988845883329,0.0654588506499867,1,8,1.0655901434698,0,1,10,0,-7355.36312947057,-6922.26229715664,-433.100832313923
1676,1.88252043909492,0.639498594639755,0,0,0.025,0.0874855379450583,0,0.127988845883329,0.0654588506499867,1,8,1.0655901434698,0,1,10,0,-7356.702332879,-6920.44450014393,-436.257832735073
1681,1.88252043909492,0.639498594639755,0,0,0.025,0.0874855379450583,0,0.127988845883329,0.0654588506499867,1,8,1.0655901434698,0,1,10,0,-7357.93455786,-6921.92389661615,-436.010661243841
1686,1.88252043909492,0.639498594639755,0,0,0.025,0.0874855379450583,0,0.127988845883329,0.0654588506499867,1,8,1.0655901434698,0,1,10,0,-7363.16128546219,-6926.69736844641,-436.463917015786
1691,1.88252043909492,0.639498594639755,0,0,0.025,0.0874855379450583,0,0.127988845883329,0.0654588506499867,1,8,1.0655901434698,0,1,10,0,-7361.0560668628,-6923.68424583391,-437.371821028893
1696,1.88252043909492,0.639498594639755,0,0,0.025,0.0874855379450583,0,0.127988845883329,0.0654588506499867,1,8,1.0655901434698,0,1,10,0,-7360.49116214454,-6922.73039107279,-437.760771071749
1701,1.88252043909492,0.639498594639755,0,0,0.025,0.0874855379450583,0,0.127988845883329,0.0654588506499867,1,8,1.0655901434698,0,1,10,0,-7355.48723930902,-6918.79690964897,-436.690329660048
1706,1.88252043909492,0.639498594639755,0,0,0.025,0.0874855379450583,0,0.127988845883329,0.0654588506499867,1,8,1.0655901434698,0,1,10,0,-7351.69968839669,-6915.768463885,-435.931224511696
1711,1.88252043909492,0.639498594639755,0,0,0.025,0.0874855379450583,0,0.127988845883329,0.0630604247740863,1,8,1.0655901434698,0,1,10,0,-7349.7091922689,-6915.75992283966,-433.949269429243
1716,1.88252043909492,0.639498594639755,0,0,0.025,0.0874855379450583,0,0.127988845883329,0.0630604247740863,1,8,1.0655901434698,0,1,10,0,-7349.7091922689,-6915.75992283966,-433.949269429243
1721,1.86771065222188,0.639498594639755,0,0,0.025,0.0874855379450583,0,0.127988845883329,0.0630604247740863,1,8,1.0655901434698,0,1,10,0,-7350.51684604343,-6913.62735705056,-436.889488992867
1726,1.86771065222188,0.639498594639755,0,0,0.025,0.0874855379450583,0,0.127988845883329,0.0630604247740863,1,8,1.0655901434698,0,1,10,0,-7349.78482562261,-6911.31594389574,-438.46888172687
1731,1.86771065222188,0.639498594639755,0,0,0.025,0.0874855379450583,0,0.127988845883329,0.0630604247740863,1,8,1.0655901434698,0,1,10,0,-7349.63039286108,-6910.36517971742,-439.265213143665
1736,1.86771065222188,0.639498594639755,0,0,0.025,0.0874855379450583,0,0.128607265569808,0.0630604247740863,1,8,1.0655901434698,0,1,10,0,-7348.11570811769,-6911.14496410463,-436.970744013059
1741,1.86771065222188,0.639498594639755,0,0,0.025,0.0874855379450583,0,0.128607265569808,0.0630604247740863,1,8,1.0655901434698,0,1,10,0,-7350.46073957448,-6912.30437189576,-438.156367678717
1746,1.86771065222188,0.639498594639755,0,0,0.025,0.0874855379450583,0,0.128607265569808,0.0630604247740863,1,8,1.0655901434698,0,1,10,0,-7350.46073957448,-6912.30437189576,-438.156367678717
1751,1.86771065222188,0.639498594639755,0,0,0.025,0.0878743510059699,0,0.128607265569808,0.0630604247740863,1,8,1.0655901434698,0,1,10,0,-7347.94605832532,-6914.47480972723,-433.471248598086
1756,1.86771065222188,0.639498594639755,0,0,0.025,0.0878743510059699,0,0.128607265569808,0.0630604247740863,1,8,1.0655901434698,0,1,10,0,-7348.33510713081,-6915.64707186027,-432.688035270541
1761,1.86771065222188,0.639498594639755,0,0,0.025,0.0878743510059699,0,0.128607265569808,0.0630604247740863,1,8,1.0655901434698,0,1,10,0,-7348.33510713081,-6915.64707186027,-432.688035270541
1766,1.86771065222188,0.639498594639755,0,0,0.025,0.0878743510059699,0,0.128607265569808,0.0630604247740863,1,8,1.0655901434698,0,1,10,0,-7348.53365880943,-6916.87160763206,-431.662051177367
1771,1.86771065222188,0.639498594639755,0,0,0.025,0.0878743510059699,0,0.128607265569808,0.0630604247740863,1,8,1.0655901434698,0,1,10,0,-7348.53365880943,-6916.87160763206,-431.662051177367
1776,1.86771065222188,0.639498594639755,0,0,0.025,0.0878743510059699,0,0.128607265569808,0.0587731612112415,1,8,1.0655901434698,0,1,10,0,-7347.96348803811,-6916.30143686075,-431.662051177367
1781,1.86771065222188,0.639498594639755,0,0,0.025,0.0884138129977681,0,0.128607265569808,0.0587731612112415,1,8,1.0655901434698,0,1,10,0,-7350.33280413327,-6918.53355183439,-431.799252298881
1786,1.86771065222188,0.639498594639755,0,0,0.025,0.0884138129977681,0,0.128607265569808,0.0587731612112415,1,8,1.0655901434698,0,1,10,0,-7354.03885820212,-6923.67996748563,-430.358890716491
1791,1.86771065222188,0.639498594639755,0,0,0.025,0.0884138129977681,0,0.128607265569808,0.0587731612112415,1,8,1.0655901434698,0,1,10,0,-7354.21649344351,-6923.28996062821,-430.9265328153
1796,1.86771065222188,0.639498594639755,0,0,0.025,0.0884138129977681,0,0.128607265569808,0.0587731612112415,1,8,1.0655901434698,0,1,10,0,-7358.2187816105,-6924.38637285077,-433.832408759733
1801,1.86771065222188,0.639498594639755,0,0,0.025,0.0884138129977681,0,0.12849380262818,0.0587731612112415,1,8,1.0655901434698,0,1,10,0,-7355.42843912379,-6916.567227766,-438.861211357784
1806,1.86771065222188,0.639498594639755,0,0,0.025,0.0884138129977681,0,0.12849380262818,0.0587731612112415,1,8,1.0655901434698,0,1,10,0,-7355.42843912379,-6916.567227766,-438.861211357784
1811,1.86771065222188,0.639498594639755,0,0,0.025,0.0884138129977681,0,0.12849380262818,0.0587731612112415,1,8,1.0655901434698,0,1,10,0,-7352.50623152056,-6914.19093779122,-438.315293729346
1816,1.86771065222188,0.639498594639755,0,0,0.025,0.0835918389114326,0,0.12849380262818,0.0587731612112415,1,8,1.0655901434698,0,1,10,0,-7346.82663671905,-6911.19261797184,-435.634018747212
1821,1.86771065222188,0.639498594639755,0,0,0.025,0.0835918389114326,0,0.12849380262818,0.0587731612112415,1,8,1.0655901434698,0,1,10,0,-7346.82663671905,-6911.19261797184,-435.634018747212
1826,1.86771065222188,0.639498594639755,0,0,0.025,0.0835918389114326,0,0.12849380262818,0.0626323411212134,1,8,1.0655901434698,0,1,10,0,-7342.97547327142,-6906.06337374773,-436.912099523692
1831,1.86771065222188,0.639498594639755,0,0,0.025,0.0835918389114326,0,0.12849380262818,0.0626323411212134,1,8,1.0655901434698,0,1,10,0,-7346.77763462498,-6908.79289829902,-437.984736325957
1836,1.86771065222188,0.639498594639755,0,0,0.025,0.0835918389114326,0,0.12849380262818,0.0626323411212134,1,8,1.0655901434698,0,1,10,0,-7342.97547327142,-6906.06337374773,-436.912099523692
1841,1.86771065222188,0.639498594639755,0,0,0.025,0.0835918389114326,0,0.12849380262818,0.0626323411212134,1,8,1.0655901434698,0,1,10,0,-7344.50459875784,-6911.18732254807,-433.317276209764
1846,1.86771065222188,0.639498594639755,0,0,0.025,0.0835918389114326,0,0.12849380262818,0.0626323411212134,1,8,1.0655901434698,0,1,10,0,-7342.27931124384,-6910.27036785373,-432.008943390114
1851,1.86771065222188,0.639498594639755,0,0,0.025,0.0835918389114326,0,0.12849380262818,0.0626323411212134,1,8,1.0655901434698,0,1,10,0,-7342.16987332421,-6909.32040535313,-432.849467971081
1856,1.86771065222188,0.639498594639755,0,0,0.025,0.0835918389114326,0,0.12849380262818,0.0626323411212134,1,8,1.0655901434698,0,1,10,0,-7338.70332187252,-6904.93244806889,-433.770873803622
1861,1.86771065222188,0.639498594639755,0,0,0.025,0.0835918389114326,0,0.12849380262818,0.0626323411212134,1,8,1.0655901434698,0,1,10,0,-7340.73173038038,-6905.91258604295,-434.81914433743
1866,1.86771065222188,0.639498594639755,0,0,0.025,0.0835918389114326,0,0.12849380262818,0.0626323411212134,1,8,1.0655901434698,0,1,10,0,-7340.73173038038,-6905.91258604295,-434.81914433743
1871,1.86771065222188,0.639498594639755,0,0,0.025,0.0835918389114326,0,0.129346904741637,0.0626323411212134,1,8,1.0655901434698,0,1,10,0,-7345.81639698368,-6909.8116289806,-436.004768003087
1876,1.82822873160978,0.639498594639755,0,0,0.025,0.0835918389114326,0,0.129346904741637,0.0626323411212134,1,8,1.0655901434698,0,1,10,0,-7342.47596601418,-6905.8891597591,-436.586806255079
1881,1.82822873160978,0.639498594639755,0,0,0.025,0.0835918389114326,0,0.129346904741637,0.0626323411212134,1,8,1.0655901434698,0,1,10,0,-7341.9843005978,-6907.79538961552,-434.18891098228
1886,1.82822873160978,0.639498594639755,0,0,0.025,0.0835918389114326,0,0.129346904741637,0.0626323411212134,1,8,1.0655901434698,0,1,10,0,-7341.80647546766,-6906.00812657294,-435.798348894714
1891,1.82822873160978,0.639498594639755,0,0,0.025,0.0835918389114326,0,0.129346904741637,0.0626323411212134,1,8,1.0655901434698,0,1,10,0,-7341.64902222208,-6906.8074050288,-434.841617193282
1896,1.82822873160978,0.639498594639755,0,0,0.025,0.0835918389114326,0,0.129346904741637,0.0626323411212134,1,8,1.0655901434698,0,1,10,0,-7345.68098958588,-6909.07171047495,-436.609279110931
1901,1.82822873160978,0.639498594639755,0,0,0.025,0.0835918389114326,0,0.129346904741637,0.0626323411212134,1,8,1.0655901434698,0,1,10,0,-7346.95896564402,-6907.40524755392,-439.553718090097
1906,1.82822873160978,0.639498594639755,0,0,0.025,0.0835918389114326,0,0.129346904741637,0.0626323411212134,1,8,1.0655901434698,0,1,10,0,-7357.1319409769,-6912.68645229424,-444.445488682666
1911,1.82822873160978,0.639498594639755,0,0,0.025,0.0835918389114326,0,0.129346904741637,0.0626323411212134,1,8,1.0655901434698,0,1,10,0,-7358.3903520331,-6913.04089310294,-445.349458930152
1916,1.82822873160978,0.639498594639755,0,0,0.025,0.0835918389114326,0,0.129346904741637,0.0626323411212134,1,8,1.0655901434698,0,1,10,0,-7358.3903520331,-6913.04089310294,-445.349458930152
1921,1.82822873160978,0.639498594639755,0,0,0.025,0.0835918389114326,0,0.129346904741637,0.0626323411212134,1,8,1.0655901434698,0,1,10,0,-7351.31281144559,-6910.97849004336,-440.334321402234
1926,1.82822873160978,0.639498594639755,0,0,0.025,0.0835918389114326,0,0.129346904741637,0.0626323411212134,1,8,1.0655901434698,0,1,10,0,-7352.02768704314,-6911.87057209703,-440.157114946107
1931,1.82822873160978,0.639498594639755,0,0,0.025,0.0835918389114326,0,0.129346904741637,0.0626323411212134,1,8,1.0655901434698,0,1,10,0,-7353.42013929213,-6913.41560393362,-440.004535358511
1936,1.82822873160978,0.639498594639755,0,0,0.025,0.0835918389114326,0,0.129346904741637,0.0626323411212134,1,8,1.0655901434698,0,1,10,0,-7353.42013929213,-6913.41560393362,-440.004535358511
1941,1.82822873160978,0.639498594639755,0,0,0.025,0.0835918389114326,0,0.129346904741637,0.0626323411212134,1,8,1.0655901434698,0,1,10,0,-7353.77519999481,-6911.9759191989,-441.799280795918
1946,1.82822873160978,0.639498594639755,0,0,0.025,0.0835918389114326,0,0.129346904741637,0.0626323411212134,1,8,1.0655901434698,0,1,10,0,-7348.91076749575,-6912.77211450608,-436.13865298967
1951,1.82822873160978,0.639498594639755,0,0,0.025,0.0835918389114326,0,0.129346904741637,0.0626323411212134,1,8,1.0655901434698,0,1,10,0,-7352.11203307536,-6915.47287271901,-436.63916035635
1956,1.82822873160978,0.640430145433516,0,0,0.025,0.0835918389114326,0,0.129346904741637,0.0626323411212134,1,8,1.0655901434698,0,1,10,0,-7352.00499948928,-6915.36583913293,-436.63916035635
1961,1.82822873160978,0.640430145433516,0,0,0.025,0.0835918389114326,0,0.129346904741637,0.0626323411212134,1,8,1.0655901434698,0,1,10,0,-7348.33201874764,-6908.56300330477,-439.769015442872
1966,1.82822873160978,0.640430145433516,0,0,0.025,0.0835918389114326,0,0.129346904741637,0.0626323411212134,1,8,1.0655901434698,0,1,10,0,-7350.4580492862,-6910.24814659677,-440.209902689427
1971,1.82822873160978,0.640430145433516,0,0,0.025,0.0835918389114326,0,0.129346904741637,0.0626323411212134,1,8,1.0655901434698,0,1,10,0,-7352.32763578215,-6910.51511080683,-441.812524975326
1976,1.82822873160978,0.640430145433516,0,0,0.025,0.0835918389114326,0,0.129346904741637,0.0626323411212134,1,8,1.0655901434698,0,1,10,0,-7349.29631587523,-6910.11173521777,-439.184580657458
1981,1.82822873160978,0.640430145433516,0,0,0.025,0.0835918389114326,0,0.129346904741637,0.0626323411212134,1,8,1.0655901434698,0,1,10,0,-7345.96504875527,-6907.85090950952,-438.114139245757
1986,1.82822873160978,0.640430145433516,0,0,0.025,0.0835918389114326,0,0.129346904741637,0.0626323411212134,1,8,1.0655901434698,0,1,10,0,-7345.08432256785,-6907.69827465904,-437.386047908811
1991,1.83584458601095,0.640430145433516,0,0,0.025,0.0835918389114326,0,0.129346904741637,0.0626323411212134,1,8,1.0655901434698,0,1,10,0,-7344.14038257868,-6908.91181891855,-435.228563660124
1996,1.83584458601095,0.640430145433516,0,0,0.025,0.0835918389114326,0,0.129346904741637,0.0626323411212134,1,8,1.0655901434698,0,1,10,0,-7346.74506945327,-6912.92436820814,-433.820701245127
2001,1.83584458601095,0.708767837710612,0,0,0.025,0.0835918389114326,0,0.129346904741637,0.0626323411212134,1,8,1.0655901434698,0,1,10,0,-7341.44398809762,-6909.06364843489,-432.380339662737
2006,1.83584458601095,0.708767837710612,0,0,0.025,0.0835918389114326,0,0.129346904741637,0.0626323411212134,1,8,1.0655901434698,0,1,10,0,-7346.08091472103,-6910.60002792658,-435.480886794447
2011,1.79738959746051,0.708767837710612,0,0,0.025,0.0835918389114326,0,0.129346904741637,0.0626323411212134,1,8,1.0655901434698,0,1,10,0,-7344.43563152036,-6912.10284036872,-432.33279115164
2016,1.79738959746051,0.708767837710612,0,0,0.025,0.0835918389114326,0,0.129346904741637,0.0575453320423643,1,8,1.0655901434698,0,1,10,0,-7342.9333260352,-6911.90886770321,-431.024458331989
2021,1.79738959746051,0.683339696126567,0,0,0.025,0.0835918389114326,0,0.129346904741637,0.0575453320423643,1,8,1.0655901434698,0,1,10,0,-7341.50111812729,-6907.00894830619,-434.492169821095
2026,1.79738959746051,0.683339696126567,0,0,0.025,0.0835918389114326,0,0.129346904741637,0.0575453320423643,1,8,1.0655901434698,0,1,10,0,-7332.6371809414,-6901.79114190622,-430.846039035187
2031,1.79738959746051,0.683339696126567,0,0,0.025,0.0835918389114326,0,0.129346904741637,0.0575453320423643,1,8,1.0655901434698,0,1,10,0,-7330.37478782466,-6901.70350051096,-428.671287313702
2036,1.79738959746051,0.683339696126567,0,0,0.025,0.0835918389114326,0,0.129346904741637,0.0575453320423643,1,8,1.0655901434698,0,1,10,0,-7332.6371809414,-6901.79114190622,-430.846039035187
2041,1.79738959746051,0.67384009261535,0,0,0.025,0.0759510422411682,0,0.129346904741637,0.0575453320423643,1,8,1.0655901434698,0,1,10,0,-7335.93939221988,-6903.19723370014,-432.742158519739
2046,1.79738959746051,0.67384009261535,0,0,0.025,0.0759510422411682,0,0.129346904741637,0.0588342240822867,1,8,1.0655901434698,0,1,10,0,-7334.94728714574,-6902.205128626,-432.742158519739
2051,1.79738959746051,0.67384009261535,0,0,0.025,0.0759510422411682,0,0.129346904741637,0.0588342240822867,1,8,1.0655901434698,0,1,10,0,-7334.94728714574,-6902.205128626,-432.742158519739
2056,1.81171015538674,0.67384009261535,0,0,0.025,0.0759510422411682,0,0.129346904741637,0.0588342240822867,1,8,1.0655901434698,0,1,10,0,-7335.83033451054,-6903.0881759908,-432.742158519739
2061,1.81171015538674,0.67384009261535,0,0,0.025,0.0849696975046964,0,0.129346904741637,0.0588342240822867,1,8,1.0655901434698,0,1,10,0,-7337.44710279727,-6903.24454194426,-434.202560853012
2066,1.8340089810515,0.656404712852376,0,0,0.025,0.0849696975046964,0,0.129346904741637,0.0588342240822867,1,8,1.0655901434698,0,1,10,0,-7336.87618787609,-6902.75209863852,-434.124089237571
2071,1.8340089810515,0.656404712852376,0,0,0.025,0.0849696975046964,0,0.129346904741637,0.0588342240822867,1,8,1.07789691858148,0,1,10,0,-7337.53993217443,-6903.41584293686,-434.124089237571
2076,1.8340089810515,0.656404712852376,0,0,0.025,0.0849696975046964,0,0.129346904741637,0.0588342240822867,1,8,1.07789691858148,0,1,10,0,-7339.44125258977,-6903.47888386734,-435.962368722434
2081,1.8340089810515,0.656404712852376,0,0,0.025,0.0849696975046964,0,0.129346904741637,0.0588342240822867,1,8,1.07789691858148,0,1,10,0,-7343.03904575263,-6902.66884974958,-440.370196003053
2086,1.8340089810515,0.656404712852376,0,0,0.025,0.0849696975046964,0,0.129346904741637,0.0588342240822867,1,8,1.07789691858148,0,1,10,0,-7342.03906557006,-6901.38297480513,-440.65609076493
2091,1.8340089810515,0.656404712852376,0,0,0.025,0.0849696975046964,0,0.129346904741637,0.0588342240822867,1,8,1.07789691858148,0,1,10,0,-7339.18920180551,-6900.2148696146,-438.974332190916
2096,1.8340089810515,0.656404712852376,0,0,0.025,0.0849696975046964,0,0.129346904741637,0.0588342240822867,1,8,1.07789691858148,0,1,10,0,-7336.08815306054,-6901.26265361713,-434.82549944341
2101,1.8340089810515,0.656404712852376,0,0,0.025,0.0849696975046964,0,0.129346904741637,0.0588342240822867,1,8,1.07789691858148,0,1,10,0,-7336.95125377058,-6899.62645893993,-437.32479483065
2106,1.8340089810515,0.656404712852376,0,0,0.025,0.0849696975046964,0,0.129346904741637,0.0588342240822867,1,8,1.07789691858148,0,1,10,0,-7335.65200976667,-6899.63554775567,-436.016462011
2111,1.8340089810515,0.656404712852376,0,0,0.025,0.0849696975046964,0,0.129346904741637,0.0588342240822867,1,8,1.07789691858148,0,1,10,0,-7335.05945835255,-6896.6848413974,-438.374616955149
2116,1.8340089810515,0.656404712852376,0,0,0.025,0.0849696975046964,0,0.129346904741637,0.0588342240822867,1,8,1.07789691858148,0,1,10,0,-7333.15813793721,-6896.62180046693,-436.536337470286
2121,1.8340089810515,0.656404712852376,0,0,0.025,0.0849696975046964,0,0.129346904741637,0.0588342240822867,1,8,1.07789691858148,0,1,10,0,-7336.09244025496,-6897.25849420181,-438.833946053148
2126,1.8340089810515,0.656404712852376,0,0,0.025,0.0849696975046964,0,0.129346904741637,0.0588342240822867,1,8,1.07789691858148,0,1,10,0,-7336.08183987797,-6898.57770896211,-437.504130915865
2131,1.8340089810515,0.656404712852376,0,0,0.025,0.0849696975046964,0,0.129346904741637,0.0588342240822867,1,8,1.07789691858148,0,1,10,0,-7335.71071703482,-6897.39836960861,-438.31234742621
2136,1.8340089810515,0.696537749008738,0,0,0.025,0.0849696975046964,0,0.129346904741637,0.0588342240822867,1,8,1.07789691858148,0,1,10,0,-7336.39228201392,-6898.07993458771,-438.31234742621
2141,1.8340089810515,0.696537749008738,0,0,0.025,0.0849696975046964,0,0.129346904741637,0.0588342240822867,1,8,1.07789691858148,0,1,10,0,-7335.91794938253,-6896.66299391613,-439.254955466402
2146,1.8340089810515,0.696537749008738,0,0,0.025,0.0849696975046964,0,0.129346904741637,0.0588342240822867,1,8,1.07789691858148,0,1,10,0,-7331.12140752334,-6895.07447555698,-436.046931966362
2151,1.8340089810515,0.696537749008738,0,0,0.025,0.0849696975046964,0,0.129346904741637,0.0720689883140884,1,8,1.07789691858148,0,1,10,0,-7330.38321779709,-6894.33628583073,-436.046931966362
2156,1.83297702140822,0.696537749008738,0,0,0.025,0.0753658073961605,0,0.129346904741637,0.0720689883140884,1,8,1.07789691858148,0,1,10,0,-7327.56905119174,-6891.52211922538,-436.046931966362
2161,1.83297702140822,0.696537749008738,0,0,0.025,0.0753658073961605,0,0.129346904741637,0.0720689883140884,1,8,1.07789691858148,0,1,10,0,-7327.56905119174,-6891.52211922538,-436.046931966362
2166,1.83297702140822,0.696537749008738,0,0,0.025,0.0753658073961605,0,0.129346904741637,0.0720689883140884,1,8,1.07789691858148,0,1,10,0,-7327.56905119174,-6891.52211922538,-436.046931966362
2171,1.83297702140822,0.696537749008738,0,0,0.025,0.0753658073961605,0,0.129346904741637,0.075796003995948,1,8,1.07789691858148,0,1,10,0,-7327.62116883046,-6891.5742368641,-436.046931966362
2176,1.83297702140822,0.696537749008738,0,0,0.025,0.0753658073961605,0,0.129346904741637,0.075796003995948,1,8,1.07789691858148,0,1,10,0,-7330.06668857256,-6894.18786038853,-435.878828184028
2181,1.83297702140822,0.696537749008738,0,0,0.025,0.0753658073961605,0,0.129346904741637,0.0748293615707607,1,8,1.07789691858148,0,1,10,0,-7329.95420911462,-6894.07538093059,-435.878828184028
2186,1.83297702140822,0.696537749008738,0,0,0.025,0.0753658073961605,0,0.129346904741637,0.0748293615707607,1,8,1.07789691858148,0,1,10,0,-7331.28272319733,-6893.38899199276,-437.89373120457
2191,1.83297702140822,0.696537749008738,0,0,0.025,0.0753658073961605,0,0.129346904741637,0.0748293615707607,1,8,1.07789691858148,0,1,10,0,-7330.9353085238,-6892.19999594906,-438.735312574746
2196,1.83297702140822,0.696537749008738,0,0,0.025,0.0753658073961605,0,0.129346904741637,0.0748293615707607,1,8,1.07789691858148,0,1,10,0,-7327.22059134921,-6889.63041107877,-437.590180270443
2201,1.83297702140822,0.687723190423877,0,0,0.025,0.0753658073961605,0,0.129346904741637,0.0748293615707607,1,8,1.07789691858148,0,1,10,0,-7323.5306933359,-6887.83600835461,-435.694684981284
2206,1.83297702140822,0.687723190423877,0,0,0.025,0.0753658073961605,0,0.129346904741637,0.0748293615707607,1,8,1.07789691858148,0,1,10,0,-7328.46479650858,-6888.91985973364,-439.544936774941
2211,1.83297702140822,0.687723190423877,0,0,0.025,0.0753658073961605,0,0.129346904741637,0.0748293615707607,1,8,1.07789691858148,0,1,10,0,-7326.452321645,-6888.74566435492,-437.706657290078
2216,1.83297702140822,0.687723190423877,0,0,0.025,0.0753658073961605,0,0.129346904741637,0.0748293615707607,1,8,1.07789691858148,0,1,10,0,-7323.10936994141,-6886.87470173355,-436.234668207854
2221,1.83297702140822,0.687723190423877,0,0,0.025,0.0753658073961605,0,0.129346904741637,0.0748293615707607,1,8,1.07789691858148,0,1,10,0,-7323.10936994141,-6886.87470173355,-436.234668207854
2226,1.83297702140822,0.687723190423877,0,0,0.025,0.0753658073961605,0,0.129346904741637,0.0748293615707607,1,8,1.07789691858148,0,1,10,0,-7327.19462101214,-6891.30280606494,-435.891814947198
2231,1.83297702140822,0.687723190423877,0,0,0.025,0.0753658073961605,0,0.129346904741637,0.0748293615707607,1,8,1.07789691858148,0,1,10,0,-7332.29749975148,-6892.53825027617,-439.75924947531
2236,1.83297702140822,0.687723190423877,0,0,0.025,0.0753658073961605,0,0.129346904741637,0.0748293615707607,1,8,1.07789691858148,0,1,10,0,-7335.04798783586,-6893.7046182561,-441.34336957976
2241,1.83297702140822,0.687723190423877,0,0,0.025,0.074858286428501,0,0.129346904741637,0.0748293615707607,1,8,1.07789691858148,0,1,10,0,-7338.47802861252,-6894.43486981013,-444.043158802392
2246,1.84094126274556,0.644610646851461,0,0,0.025,0.074858286428501,0,0.129346904741637,0.0748293615707607,1,8,1.07789691858148,0,1,10,0,-7332.23524915102,-6893.01790095571,-439.217348195307
2251,1.84094126274556,0.644610646851461,0,0,0.025,0.074858286428501,0,0.129346904741637,0.0748293615707607,1,8,1.07789691858148,0,1,10,0,-7329.39586546788,-6891.92148657763,-437.474378890249
2256,1.84094126274556,0.644610646851461,0,0,0.025,0.074858286428501,0,0.129346904741637,0.0748293615707607,1,8,1.07789691858148,0,1,10,0,-7329.39586546788,-6891.92148657763,-437.474378890249
2261,1.84094126274556,0.644610646851461,0,0,0.025,0.074858286428501,0,0.129346904741637,0.0748293615707607,1,8,1.07789691858148,0,1,10,0,-7336.28454510665,-6895.28288019427,-441.001664912386
2266,1.84094126274556,0.644610646851461,0,0,0.025,0.074858286428501,0,0.129346904741637,0.0748293615707607,1,8,1.07789691858148,0,1,10,0,-7337.93862259646,-6897.6491530596,-440.289469536855
2271,1.84094126274556,0.663521759649774,0,0,0.025,0.074858286428501,0,0.129346904741637,0.0697111609019437,1,8,1.07789691858148,0,1,10,0,-7341.3985246791,-6898.16461616308,-443.233908516022
2276,1.84094126274556,0.663521759649774,0,0,0.025,0.074858286428501,0,0.132675832836865,0.0697111609019437,1,8,1.07789691858148,0,1,10,0,-7339.5035943991,-6898.24013714105,-441.26345725805
2281,1.84094126274556,0.663521759649774,0,0,0.025,0.074858286428501,0,0.132675832836865,0.0697111609019437,1,8,1.07789691858148,0,1,10,0,-7342.54567466984,-6903.04987932943,-439.495795340401
2286,1.84094126274556,0.663521759649774,0,0,0.025,0.074858286428501,0,0.132675832836865,0.0697111609019437,1,8,1.07789691858148,0,1,10,0,-7343.14877745338,-6902.41271930725,-440.736058146132
2291,1.84094126274556,0.663521759649774,0,0,0.025,0.074858286428501,0,0.132675832836865,0.0697111609019437,1,8,1.07789691858148,0,1,10,0,-7341.99881848486,-6901.73899451772,-440.259823967136
2296,1.84094126274556,0.663521759649774,0,0,0.025,0.074858286428501,0,0.132675832836865,0.0697111609019437,1,8,1.07789691858148,0,1,10,0,-7339.73447940927,-6902.08594997477,-437.648529434498
2301,1.84094126274556,0.663521759649774,0,0,0.025,0.074858286428501,0,0.132675832836865,0.0697111609019437,1,8,1.07789691858148,0,1,10,0,-7339.06607500738,-6901.70522764533,-437.360847362046
2306,1.84094126274556,0.663521759649774,0,0,0.025,0.074858286428501,0,0.132675832836865,0.0697111609019437,1,8,1.07789691858148,0,1,10,0,-7339.06607500738,-6901.70522764533,-437.360847362046
2311,1.84094126274556,0.663521759649774,0,0,0.025,0.074858286428501,0,0.131826465614325,0.0697111609019437,1,8,1.07789691858148,0,1,10,0,-7335.68992407324,-6903.3060450027,-432.383879070545
2316,1.84094126274556,0.663521759649774,0,0,0.025,0.074858286428501,0,0.131826465614325,0.0697111609019437,1,8,1.07789691858148,0,1,10,0,-7334.70999830417,-6904.36097686869,-430.349021435474
2321,1.84094126274556,0.663521759649774,0,0,0.025,0.074858286428501,0,0.131826465614325,0.0697111609019437,1,8,1.07789691858148,0,1,10,0,-7336.36334751706,-6904.01826614884,-432.345081368214
2326,1.84094126274556,0.663521759649774,0,0,0.025,0.074858286428501,0,0.131826465614325,0.0697111609019437,1,8,1.07789691858148,0,1,10,0,-7335.24592392575,-6903.57370622596,-431.672217699788
2331,1.84094126274556,0.663521759649774,0,0,0.025,0.0753214784639144,0,0.131826465614325,0.0601468295380154,1,8,1.07789691858148,0,1,10,0,-7341.03573906099,-6908.60671465513,-432.429024405859
2336,1.84094126274556,0.663521759649774,0,0,0.025,0.0753214784639144,0,0.131826465614325,0.0601468295380154,1,8,1.07789691858148,0,1,10,0,-7338.50510661646,-6908.22784441386,-430.2772622026
2341,1.84094126274556,0.663521759649774,0,0,0.025,0.0753214784639144,0,0.131826465614325,0.0601468295380154,1,8,1.07789691858148,0,1,10,0,-7338.50510661646,-6908.22784441386,-430.2772622026
2346,1.84094126274556,0.663521759649774,0,0,0.025,0.0753214784639144,0,0.131826465614325,0.0601468295380154,1,8,1.07789691858148,0,1,10,0,-7337.20197222826,-6907.26481203033,-429.937160197928
2351,1.84094126274556,0.663521759649774,0,0,0.025,0.0753214784639144,0,0.131826465614325,0.0601468295380154,1,8,1.07229701061093,0,1,10,0,-7337.53354578453,-6909.43466507147,-428.098880713065
2356,1.84094126274556,0.663521759649774,0,0,0.025,0.0753214784639144,0,0.131826465614325,0.0601468295380154,1,8,1.07229701061093,0,1,10,0,-7337.96785803569,-6905.90246613192,-432.065391903777
2361,1.84094126274556,0.687479681037529,0,0,0.025,0.0753214784639144,0,0.131826465614325,0.0704431870064642,1,8,1.07229701061093,0,1,10,0,-7336.0881355201,-6901.55889037573,-434.529245144368
2366,1.84094126274556,0.687479681037529,0,0,0.025,0.0753214784639144,0,0.131826465614325,0.0704431870064642,1,8,1.07229701061093,0,1,10,0,-7339.89184122499,-6904.65062140693,-435.241219818065
2371,1.84094126274556,0.687479681037529,0,0,0.025,0.0753214784639144,0,0.131826465614325,0.0704431870064642,1,8,1.07229701061093,0,1,10,0,-7343.5428213131,-6908.10144746194,-435.441373851155
2376,1.84094126274556,0.687479681037529,0,0,0.025,0.0753214784639144,0,0.131826465614325,0.0750908379842826,1,8,1.07229701061093,0,1,10,0,-7342.94599251471,-6909.18637723757,-433.759615277141
2381,1.84094126274556,0.687479681037529,0,0,0.025,0.0753214784639144,0,0.131826465614325,0.0750908379842826,1,8,1.07229701061093,0,1,10,0,-7345.01049386774,-6909.17621032767,-435.834283540068
2386,1.84094126274556,0.687479681037529,0,0,0.025,0.0753214784639144,0,0.131826465614325,0.0750908379842826,1,8,1.07229701061093,0,1,10,0,-7344.64617354307,-6908.1315799692,-436.514593573868
2391,1.84094126274556,0.687479681037529,0,0,0.025,0.0703118464387486,0,0.131826465614325,0.0750908379842826,1,8,1.07229701061093,0,1,10,0,-7344.93939607253,-6905.88621569941,-439.053180373119
2396,1.84094126274556,0.687479681037529,0,0,0.025,0.0703118464387486,0,0.131826465614325,0.0750908379842826,1,8,1.05269990433679,0,1,10,0,-7342.50519290398,-6901.25664152217,-441.248551381806
2401,1.84094126274556,0.687479681037529,0,0,0.025,0.0703118464387486,0,0.131826465614325,0.0750908379842826,1,8,1.05269990433679,0,1,10,0,-7341.43161828564,-6899.59799394481,-441.833624340837
2406,1.84094126274556,0.687479681037529,0,0,0.025,0.0703118464387486,0,0.131826465614325,0.0750908379842826,1,8,1.05269990433679,0,1,10,0,-7341.43161828564,-6899.59799394481,-441.833624340837
2411,1.84094126274556,0.687479681037529,0,0,0.025,0.0702228505107326,0,0.131826465614325,0.0750908379842826,1,8,1.05269990433679,0,1,10,0,-7351.71814067641,-6905.51355064826,-446.204590028151
2416,1.84094126274556,0.687479681037529,0,0,0.025,0.0702228505107326,0,0.131826465614325,0.0750908379842826,1,8,1.05269990433679,0,1,10,0,-7351.71814067641,-6905.51355064826,-446.204590028151
2421,1.84094126274556,0.687479681037529,0,0,0.025,0.0702228505107326,0,0.131826465614325,0.0750908379842826,1,8,1.05269990433679,0,1,10,0,-7347.90365388803,-6903.62087645735,-444.282777430675
2426,1.84094126274556,0.669529850744535,0,0,0.025,0.0702228505107326,0,0.131826465614325,0.0750908379842826,1,8,1.05269990433679,0,1,10,0,-7346.16382805823,-6899.70792360179,-446.455904456432
2431,1.84094126274556,0.669529850744535,0,0,0.025,0.0702228505107326,0,0.131826465614325,0.0750908379842826,1,8,1.05269990433679,0,1,10,0,-7344.63369169215,-6898.74577127333,-445.887920418826
2436,1.84094126274556,0.65591405533061,0,0,0.025,0.0702228505107326,0,0.131826465614325,0.0750908379842826,1,8,1.05269990433679,0,1,10,0,-7345.27601854181,-6899.38809812298,-445.887920418826
2441,1.84094126274556,0.65591405533061,0,0,0.025,0.0702228505107326,0,0.131826465614325,0.0750908379842826,1,8,1.05269990433679,0,1,10,0,-7343.80358249815,-6899.68332399698,-444.120258501177
2446,1.84094126274556,0.65591405533061,0,0,0.025,0.0702228505107326,0,0.131826465614325,0.0750908379842826,1,8,1.05269990433679,0,1,10,0,-7343.75578096319,-6897.71370986453,-446.042071098653
2451,1.84094126274556,0.65591405533061,0,0,0.025,0.0702228505107326,0,0.131826465614325,0.0750908379842826,1,8,1.05218529377458,0,1,10,0,-7343.7808712083,-6897.73880010965,-446.042071098653
2456,1.84094126274556,0.65591405533061,0,0,0.025,0.0710205279108839,0,0.131430178524288,0.0750908379842826,1,8,1.05218529377458,0,1,10,0,-7346.80341096051,-6899.32585525654,-447.477555703964
2461,1.84094126274556,0.65591405533061,0,0,0.025,0.0710205279108839,0,0.131430178524288,0.0750908379842826,1,8,1.05218529377458,0,1,10,0,-7348.3653504131,-6899.00479838549,-449.360552027609
2466,1.84094126274556,0.65591405533061,0,0,0.025,0.0700171031620647,0,0.131430178524288,0.0750908379842826,1,8,1.05218529377458,0,1,10,0,-7349.66208687164,-6898.64372334731,-451.018363524327
2471,1.84094126274556,0.65591405533061,0,0,0.025,0.0700171031620647,0,0.131430178524288,0.0750908379842826,1,8,1.05218529377458,0,1,10,0,-7344.06101963576,-6896.39384307252,-447.66717656324
2476,1.84094126274556,0.65591405533061,0,0,0.025,0.0700171031620647,0,0.131430178524288,0.0750908379842826,1,8,1.05218529377458,0,1,10,0,-7347.31112628005,-6900.00573976142,-447.305386518634
2481,1.84094126274556,0.65591405533061,0,0,0.025,0.0700171031620647,0,0.131430178524288,0.0750908379842826,1,8,1.05218529377458,0,1,10,0,-7339.03592353526,-6893.94974050068,-445.086183034579
2486,1.84094126274556,0.65591405533061,0,0,0.025,0.0700171031620647,0,0.131430178524288,0.0750908379842826,1,8,1.05218529377458,0,1,10,0,-7339.03592353526,-6893.94974050068,-445.086183034579
2491,1.84094126274556,0.65591405533061,0,0,0.025,0.0700171031620647,0,0.131430178524288,0.0750908379842826,1,8,1.05218529377458,0,1,10,0,-7338.0026578518,-6894.53956773167,-443.46309012013
2496,1.84094126274556,0.65591405533061,0,0,0.025,0.0700171031620647,0,0.131430178524288,0.0750908379842826,1,8,1.05218529377458,0,1,10,0,-7336.590213365,-6894.20569478265,-442.384518582345
2501,1.84094126274556,0.65591405533061,0,0,0.025,0.0700171031620647,0,0.127352519963932,0.0750908379842826,1,8,1.05218529377458,0,1,10,0,-7331.65778385594,-6891.01623457866,-440.641549277287
2506,1.84094126274556,0.65591405533061,0,0,0.025,0.0700171031620647,0,0.127352519963932,0.0750908379842826,1,8,1.05218529377458,0,1,10,0,-7326.89001126284,-6889.09368278267,-437.796328480167
2511,1.84094126274556,0.65591405533061,0,0,0.025,0.0700171031620647,0,0.127352519963932,0.0759096151783542,1,8,1.05218529377458,0,1,10,0,-7330.95469678608,-6891.36660883669,-439.588087949395
2516,1.84094126274556,0.65591405533061,0,0,0.025,0.0700171031620647,0,0.127352519963932,0.0759096151783542,1,8,1.05218529377458,0,1,10,0,-7329.05629944622,-6890.87860340952,-438.177696036696
2521,1.84094126274556,0.65591405533061,0,0,0.025,0.0700171031620647,0,0.127352519963932,0.0837572251644193,1,8,1.05218529377458,0,1,10,0,-7337.66212186304,-6896.93845891979,-440.723662943246
2526,1.84094126274556,0.65591405533061,0,0,0.025,0.0700171031620647,0,0.127352519963932,0.0837572251644193,1,8,1.05218529377458,0,1,10,0,-7337.66212186304,-6896.93845891979,-440.723662943246
2531,1.84094126274556,0.65591405533061,0,0,0.025,0.0700171031620647,0,0.127352519963932,0.0837572251644193,1,8,1.05218529377458,0,1,10,0,-7331.80562280219,-6892.14746603545,-439.658156766731
2536,1.84094126274556,0.676476541474861,0,0,0.025,0.0720102629221046,0,0.127352519963932,0.0837572251644193,1,8,1.05218529377458,0,1,10,0,-7330.60963070071,-6892.8990871774,-437.71054352331
2541,1.84094126274556,0.676476541474861,0,0,0.025,0.0720102629221046,0,0.127352519963932,0.0837572251644193,1,8,1.05218529377458,0,1,10,0,-7328.26424979216,-6889.75055819308,-438.513691599084
2546,1.84094126274556,0.676476541474861,0,0,0.025,0.0720102629221046,0,0.127352519963932,0.0837572251644193,1,8,1.05218529377458,0,1,10,0,-7327.90500480181,-6886.5291123218,-441.375892480014
2551,1.84094126274556,0.676476541474861,0,0,0.025,0.0720102629221046,0,0.127352519963932,0.0837572251644193,1,8,1.05218529377458,0,1,10,0,-7331.76032609541,-6890.22620961018,-441.534116485229
2556,1.84094126274556,0.676476541474861,0,0,0.025,0.0754447681731347,0,0.127352519963932,0.0837572251644193,1,8,1.05218529377458,0,1,10,0,-7330.93075890942,-6889.39664242419,-441.534116485229
2561,1.82925095641095,0.676476541474861,0,0,0.025,0.0754447681731347,0,0.127352519963932,0.0837572251644193,1,8,1.05218529377458,0,1,10,0,-7327.66620305103,-6885.95895343506,-441.707249615968
2566,1.82925095641095,0.676476541474861,0,0,0.025,0.0754447681731347,0,0.127352519963932,0.0711099985281633,1,8,1.05218529377458,0,1,10,0,-7327.75891401845,-6884.28400248483,-443.474911533617
2571,1.82925095641095,0.676476541474861,0,0,0.025,0.0799855724413425,0,0.127352519963932,0.0711099985281633,1,8,1.05218529377458,0,1,10,0,-7328.43106421438,-6884.06609566128,-444.364968553099
2576,1.82925095641095,0.676476541474861,0,0,0.025,0.0799855724413425,0,0.127352519963932,0.0702049238610213,1,8,1.05218529377458,0,1,10,0,-7332.66196069402,-6885.54829773888,-447.113662955139
2581,1.82925095641095,0.676476541474861,0,0,0.025,0.0799855724413425,0,0.127025506548704,0.0702049238610213,1,8,1.05218529377458,0,1,10,0,-7336.13152059991,-6887.0484169983,-449.083103601605
2586,1.82925095641095,0.676476541474861,0,0,0.025,0.0799855724413425,0,0.127025506548704,0.0702049238610213,1,8,1.05218529377458,0,1,10,0,-7336.09966792609,-6887.66108843921,-448.438579486877
2591,1.82925095641095,0.676476541474861,0,0,0.025,0.0799855724413425,0,0.127025506548704,0.0655982777169221,1,8,1.05218529377458,0,1,10,0,-7335.12031844929,-6890.60656850189,-444.513749947401
2596,1.82925095641095,0.676476541474861,0,0,0.025,0.0799855724413425,0,0.127025506548704,0.0655982777169221,1,8,1.05218529377458,0,1,10,0,-7340.58070102647,-6893.53325426511,-447.047446761359
2601,1.82925095641095,0.676476541474861,0,0,0.025,0.0799855724413425,0,0.12821388240661,0.0655982777169221,1,8,1.05218529377458,0,1,10,0,-7342.99229939324,-6894.13522769993,-448.857071693308
2606,1.82925095641095,0.689720486308678,0,0,0.025,0.0799855724413425,0,0.12821388240661,0.0655982777169221,1,8,1.05218529377458,0,1,10,0,-7340.45706493923,-6895.32623416838,-445.130830770849
2611,1.82925095641095,0.689720486308678,0,0,0.025,0.0799855724413425,0,0.12821388240661,0.0655982777169221,1,8,1.05218529377458,0,1,10,0,-7340.45706493923,-6895.32623416838,-445.130830770849
2616,1.82925095641095,0.637092001970277,0,0,0.025,0.0799855724413425,0,0.12821388240661,0.0655982777169221,1,8,1.05218529377458,0,1,10,0,-7340.90022831379,-6895.76939754294,-445.130830770849
2621,1.8268735627338,0.637092001970277,0,0,0.025,0.0799855724413425,0,0.12821388240661,0.0716425605449427,1,8,1.05218529377458,0,1,10,0,-7340.43327198133,-6897.15873920084,-443.274532780483
2626,1.8268735627338,0.637092001970277,0,0,0.025,0.0799855724413425,0,0.125328687697791,0.0716425605449427,1,8,1.05218529377458,0,1,10,0,-7344.74395926412,-6899.31928897611,-445.424670288016
2631,1.80666092157204,0.637092001970277,0,0,0.025,0.0799855724413425,0,0.125328687697791,0.0716425605449427,1,8,1.05218529377458,0,1,10,0,-7340.24690816278,-6897.5021171989,-442.74479096388
2636,1.80666092157204,0.637092001970277,0,0,0.025,0.0799855724413425,0,0.125328687697791,0.0716425605449427,1,8,1.05218529377458,0,1,10,0,-7340.20317765843,-6898.13714513766,-442.066032520772
2641,1.80666092157204,0.637092001970277,0,0,0.025,0.0799855724413425,0,0.125328687697791,0.0716425605449427,1,8,1.05218529377458,0,1,10,0,-7330.37292145319,-6890.80084541772,-439.572076035464
2646,1.80666092157204,0.637092001970277,0,0,0.025,0.0796858108890375,0,0.125328687697791,0.0716425605449427,1,8,1.05218529377458,0,1,10,0,-7330.20488100194,-6890.63280496648,-439.572076035464
2651,1.80666092157204,0.637092001970277,0,0,0.025,0.0796858108890375,0,0.125328687697791,0.0716425605449427,1,8,1.05218529377458,0,1,10,0,-7330.81671595897,-6890.49433432911,-440.322381629864
2656,1.80666092157204,0.637092001970277,0,0,0.025,0.0796858108890375,0,0.125328687697791,0.0711707945798647,1,8,1.05218529377458,0,1,10,0,-7328.97957450549,-6890.09755445802,-438.882020047474
2661,1.80666092157204,0.637092001970277,0,0,0.025,0.0796858108890375,0,0.125328687697791,0.0711707945798647,1,8,1.05218529377458,0,1,10,0,-7328.97957450549,-6890.09755445802,-438.882020047474
2666,1.80666092157204,0.637092001970277,0,0,0.025,0.0796858108890375,0,0.125328687697791,0.0635003465932159,1,8,1.05218529377458,0,1,10,0,-7329.38467815292,-6892.27032002309,-437.114358129825
2671,1.80666092157204,0.637092001970277,0,0,0.025,0.0796858108890375,0,0.125328687697791,0.0635003465932159,1,8,1.05218529377458,0,1,10,0,-7327.61299976908,-6892.08276174371,-435.530238025375
2676,1.80666092157204,0.637092001970277,0,0,0.025,0.0796858108890375,0,0.125328687697791,0.0635003465932159,1,8,1.05218529377458,0,1,10,0,-7325.74544382486,-6890.62229560332,-435.12314822154
2681,1.80666092157204,0.637092001970277,0,0,0.025,0.0796858108890375,0,0.125328687697791,0.0635003465932159,1,8,1.05218529377458,0,1,10,0,-7325.74544382486,-6890.62229560332,-435.12314822154
2686,1.80666092157204,0.637092001970277,0,0,0.025,0.0796858108890375,0,0.125328687697791,0.0635003465932159,1,8,1.05218529377458,0,1,10,0,-7324.42555944115,-6890.04159473986,-434.383964701292
2691,1.80666092157204,0.637092001970277,0,0,0.025,0.0796858108890375,0,0.125328687697791,0.0635003465932159,1,8,1.05218529377458,0,1,10,0,-7323.91475657854,-6890.71414539437,-433.200611184169
2696,1.80666092157204,0.637092001970277,0,0,0.025,0.0808710280407241,0,0.125328687697791,0.0635003465932159,1,8,1.05218529377458,0,1,10,0,-7325.89054127479,-6890.94696078556,-434.943580489227
2701,1.80666092157204,0.637092001970277,0,0,0.025,0.0808710280407241,0,0.125328687697791,0.0635003465932159,1,8,1.05218529377458,0,1,10,0,-7327.21441176795,-6892.27083127873,-434.943580489227
2706,1.80666092157204,0.637092001970277,0,0,0.025,0.0808710280407241,0,0.125328687697791,0.0635003465932159,1,8,1.05218529377458,0,1,10,0,-7327.55994044658,-6893.12558429975,-434.434356146828
2711,1.81827133775976,0.637092001970277,0,0,0.025,0.0808710280407241,0,0.125328687697791,0.0700607003767955,1,8,1.05218529377458,0,1,10,0,-7328.0953379392,-6892.07686168792,-436.018476251278
2716,1.81827133775976,0.694055884698571,0,0,0.025,0.0808710280407241,0,0.127153786963306,0.0700607003767955,1,8,1.05218529377458,0,1,10,0,-7325.26773752011,-6889.64374370291,-435.623993817197
2721,1.81827133775976,0.694055884698571,0,0,0.025,0.0808710280407241,0,0.127153786963306,0.0700607003767955,1,8,1.05218529377458,0,1,10,0,-7325.26773752011,-6889.64374370291,-435.623993817197
2726,1.81827133775976,0.694055884698571,0,0,0.025,0.0808710280407241,0,0.127153786963306,0.0723087776892298,1,8,1.05218529377458,0,1,10,0,-7324.04749079335,-6887.12629930402,-436.921191489332
2731,1.81827133775976,0.694055884698571,0,0,0.025,0.0808710280407241,0,0.127153786963306,0.0723087776892298,1,8,1.05218529377458,0,1,10,0,-7324.79614805453,-6887.91496189981,-436.881186154719
2736,1.81827133775976,0.694055884698571,0,0,0.025,0.0808710280407241,0,0.127153786963306,0.0723087776892298,1,8,1.05218529377458,0,1,10,0,-7324.79614805453,-6887.91496189981,-436.881186154719
2741,1.81827133775976,0.694055884698571,0,0,0.025,0.0808710280407241,0,0.127153786963306,0.0723087776892298,1,8,1.05218529377458,0,1,10,0,-7326.24138853888,-6887.00446348371,-439.23692505517
2746,1.81827133775976,0.694055884698571,0,0,0.025,0.0808710280407241,0,0.127153786963306,0.0723087776892298,1,8,1.05218529377458,0,1,10,0,-7323.71726504604,-6880.7873915955,-442.929873450543
2751,1.81827133775976,0.694055884698571,0,0,0.025,0.080214513005606,0,0.127153786963306,0.0723087776892298,1,8,1.05218529377458,0,1,10,0,-7324.79573611579,-6880.12289336019,-444.672842755602
2756,1.81827133775976,0.694055884698571,0,0,0.025,0.080214513005606,0,0.127153786963306,0.0723087776892298,1,8,1.05218529377458,0,1,10,0,-7320.43624766557,-6876.61707657531,-443.819171090254
2761,1.81827133775976,0.694055884698571,0,0,0.025,0.080214513005606,0,0.127153786963306,0.0723087776892298,1,8,1.05218529377458,0,1,10,0,-7321.80179300419,-6878.00859740034,-443.79319560385
2766,1.81827133775976,0.694055884698571,0,0,0.025,0.080214513005606,0,0.127153786963306,0.0723087776892298,1,8,1.05218529377458,0,1,10,0,-7321.77386469318,-6876.67233626968,-445.101528423501
2771,1.81827133775976,0.694055884698571,0,0,0.025,0.080214513005606,0,0.127153786963306,0.0723087776892298,1,8,1.05218529377458,0,1,10,0,-7321.28479494045,-6875.90069954517,-445.384095395286
2776,1.81827133775976,0.694055884698571,0,0,0.025,0.080214513005606,0,0.127153786963306,0.0723087776892298,1,8,1.05218529377458,0,1,10,0,-7321.28479494045,-6875.90069954517,-445.384095395286
2781,1.81827133775976,0.694055884698571,0,0,0.025,0.080214513005606,0,0.125856726077996,0.0723087776892298,1,8,1.05218529377458,0,1,10,0,-7318.55381680154,-6875.74674334495,-442.80707345659
2786,1.81827133775976,0.677211685395311,0,0,0.025,0.080214513005606,0,0.125856726077996,0.0723087776892298,1,8,1.05218529377458,0,1,10,0,-7318.50604597323,-6877.53210507074,-440.973940902484
2791,1.81827133775976,0.677211685395311,0,0,0.025,0.080214513005606,0,0.126558178684725,0.0714343574511105,1,8,1.05218529377458,0,1,10,0,-7318.03647394177,-6876.89345670924,-441.143017232528
2796,1.81827133775976,0.688366207498596,0,0,0.025,0.080214513005606,0,0.126558178684725,0.0714343574511105,1,8,1.05218529377458,0,1,10,0,-7318.08866269652,-6876.94564546399,-441.143017232528
2801,1.81827133775976,0.688366207498596,0,0,0.025,0.080214513005606,0,0.126558178684725,0.0794415233942927,1,8,1.05218529377458,0,1,10,0,-7320.1087181383,-6878.01166984592,-442.097048292385
2806,1.81827133775976,0.688366207498596,0,0,0.025,0.080214513005606,0,0.126558178684725,0.0794415233942927,1,8,1.05218529377458,0,1,10,0,-7316.76873046959,-6875.90034759412,-440.868382875468
2811,1.81827133775976,0.688366207498596,0,0,0.025,0.080214513005606,0,0.126558178684725,0.0794415233942927,1,8,1.05218529377458,0,1,10,0,-7316.81230976124,-6874.85855982385,-441.953749937386
2816,1.81827133775976,0.688366207498596,0,0,0.025,0.080214513005606,0,0.126558178684725,0.0794415233942927,1,8,1.05218529377458,0,1,10,0,-7313.86807811534,-6874.9314297575,-438.936648357844
2821,1.81827133775976,0.736878459622822,0,0,0.025,0.080214513005606,0,0.126558178684725,0.0794415233942927,1,8,1.05218529377458,0,1,10,0,-7318.58019265314,-6878.30854322857,-440.271649424576
2826,1.81827133775976,0.736878459622822,0,0,0.025,0.080214513005606,0,0.126558178684725,0.0794415233942927,1,8,1.05218529377458,0,1,10,0,-7318.58019265314,-6878.30854322857,-440.271649424576
2831,1.81827133775976,0.736878459622822,0,0,0.025,0.0811772849739427,0,0.126558178684725,0.0794415233942927,1,8,1.05218529377458,0,1,10,0,-7323.09991504656,-6882.72290510633,-440.377009940234
2836,1.81827133775976,0.736878459622822,0,0,0.025,0.0811772849739427,0,0.126558178684725,0.0794415233942927,1,8,1.05218529377458,0,1,10,0,-7328.5733998465,-6885.39505177074,-443.17834807576
2841,1.81827133775976,0.736878459622822,0,0,0.025,0.0811772849739427,0,0.126558178684725,0.0794415233942927,1,8,1.05218529377458,0,1,10,0,-7328.5733998465,-6885.39505177074,-443.17834807576
2846,1.81827133775976,0.736878459622822,0,0,0.025,0.0811772849739427,0,0.126558178684725,0.0794415233942927,1,8,1.05218529377458,0,1,10,0,-7322.85787965044,-6881.33431062423,-441.523569026213
2851,1.81827133775976,0.736878459622822,0,0,0.025,0.0811772849739427,0,0.126558178684725,0.0794415233942927,1,8,1.05218529377458,0,1,10,0,-7324.29607301549,-6883.021623027,-441.274449988495
2856,1.81827133775976,0.736878459622822,0,0,0.025,0.0811772849739427,0,0.126558178684725,0.0794415233942927,1,8,1.05218529377458,0,1,10,0,-7317.12589592538,-6878.79588491605,-438.330011009329
2861,1.81827133775976,0.736878459622822,0,0,0.025,0.0811772849739427,0,0.126558178684725,0.0794415233942927,1,8,1.05218529377458,0,1,10,0,-7318.54710509665,-6879.08329749525,-439.463807601408
2866,1.81827133775976,0.736878459622822,0,0,0.025,0.0811772849739427,0,0.126558178684725,0.0794415233942927,1,8,1.05218529377458,0,1,10,0,-7321.31954937593,-6884.27610990317,-437.043439472757
2871,1.81827133775976,0.736878459622822,0,0,0.025,0.0811772849739427,0,0.126558178684725,0.0794415233942927,1,8,1.05218529377458,0,1,10,0,-7321.31954937593,-6884.27610990317,-437.043439472757
2876,1.83848191886771,0.736878459622822,0,0,0.025,0.0811772849739427,0,0.126558178684725,0.0794415233942927,1,8,1.05218529377458,0,1,10,0,-7319.1830412124,-6884.43863524128,-434.744405971121
2881,1.83848191886771,0.736878459622822,0,0,0.025,0.0811772849739427,0,0.126558178684725,0.0794415233942927,1,8,1.05218529377458,0,1,10,0,-7319.1830412124,-6884.43863524128,-434.744405971121
2886,1.83848191886771,0.676654406093609,0,0,0.025,0.0799260631203277,0,0.126558178684725,0.0794415233942927,1,8,1.05218529377458,0,1,10,0,-7319.49025311754,-6884.74584714642,-434.744405971121
2891,1.83848191886771,0.676654406093609,0,0,0.025,0.0799260631203277,0,0.126558178684725,0.0794415233942927,1,8,1.05218529377458,0,1,10,0,-7319.49025311754,-6884.74584714642,-434.744405971121
2896,1.83848191886771,0.676654406093609,0,0,0.025,0.0759176647956241,0,0.126558178684725,0.0794415233942927,1,8,1.05218529377458,0,1,10,0,-7324.12981831128,-6886.29721483893,-437.832603472347
2901,1.83848191886771,0.659701271045675,0,0,0.025,0.0759176647956241,0,0.126558178684725,0.0794415233942927,1,8,1.05218529377458,0,1,10,0,-7322.27276055238,-6886.02427718448,-436.248483367898
2906,1.83848191886771,0.659701271045675,0,0,0.025,0.0759176647956241,0,0.126558178684725,0.0794415233942927,1,8,1.05218529377458,0,1,10,0,-7324.21152096576,-6885.84399431807,-438.367526647692
2911,1.83848191886771,0.659701271045675,0,0,0.025,0.0759176647956241,0,0.126558178684725,0.0794415233942927,1,8,1.05218529377458,0,1,10,0,-7319.73678947071,-6880.15624018318,-439.580549287538
2916,1.83848191886771,0.659701271045675,0,0,0.025,0.0759176647956241,0,0.126589156966485,0.0794415233942927,1,8,1.05218529377458,0,1,10,0,-7318.88951739302,-6879.11100377162,-439.778513621403
2921,1.83848191886771,0.659701271045675,0,0,0.025,0.0764949207156255,0,0.126589156966485,0.0794415233942927,1,8,1.05218529377458,0,1,10,0,-7318.78755868604,-6879.00904506464,-439.778513621403
2926,1.83848191886771,0.659701271045675,0,0,0.025,0.0764949207156255,0,0.126589156966485,0.0794415233942927,1,8,1.05218529377458,0,1,10,0,-7321.33772397723,-6880.48517295929,-440.852551017942
2931,1.83848191886771,0.67006974597147,0,0,0.025,0.0764949207156255,0,0.126589156966485,0.0794415233942927,1,8,1.05218529377458,0,1,10,0,-7317.62284818958,-6877.98331981148,-439.639528378096
2936,1.83848191886771,0.67006974597147,0,0,0.025,0.0764949207156255,0,0.126589156966485,0.0794415233942927,1,8,1.05218529377458,0,1,10,0,-7315.09608947894,-6877.24432399039,-437.851765488552
2941,1.83848191886771,0.67006974597147,0,0,0.025,0.0764949207156255,0,0.126589156966485,0.0794415233942927,1,8,1.05218529377458,0,1,10,0,-7315.25188224483,-6878.07044925907,-437.181432985758
2946,1.83848191886771,0.67006974597147,0,0,0.025,0.0764949207156255,0,0.126589156966485,0.0794415233942927,1,8,1.05218529377458,0,1,10,0,-7318.38665610038,-6878.26078413546,-440.125871964925
2951,1.83848191886771,0.67006974597147,0,0,0.025,0.0764949207156255,0,0.126589156966485,0.0794415233942927,1,8,1.05218529377458,0,1,10,0,-7317.21238876455,-6878.15915360189,-439.05323516266
2956,1.83848191886771,0.67006974597147,0,0,0.025,0.0764949207156255,0,0.126589156966485,0.0794415233942927,1,8,1.05218529377458,0,1,10,0,-7316.91209987416,-6876.81831622379,-440.093783650373
2961,1.83848191886771,0.67006974597147,0,0,0.025,0.0745700210514415,0,0.126589156966485,0.0794415233942927,1,8,1.05218529377458,0,1,10,0,-7317.27785716857,-6877.18407351819,-440.093783650373
2966,1.8112997035614,0.67006974597147,0,0,0.025,0.0745700210514415,0,0.126589156966485,0.0794415233942927,1,8,1.05218529377458,0,1,10,0,-7314.11619148555,-6874.92954569592,-439.18664578963
2971,1.8112997035614,0.67006974597147,0,0,0.025,0.0745700210514415,0,0.126589156966485,0.0873999071313926,1,8,1.05218529377458,0,1,10,0,-7319.24197193653,-6880.01532081229,-439.226651124244
2976,1.87235060957174,0.670885959498623,0,0,0.025,0.0745700210514415,0,0.126589156966485,0.0873999071313926,1,8,1.05218529377458,0,1,10,0,-7321.7829003801,-6879.71244790539,-442.070452474709
2981,1.87235060957174,0.670885959498623,0,0,0.025,0.0745700210514415,0,0.126589156966485,0.0873999071313926,1,8,1.05218529377458,0,1,10,0,-7321.7829003801,-6879.71244790539,-442.070452474709
2986,1.87235060957174,0.670885959498623,0,0,0.025,0.0837012498772225,0,0.126589156966485,0.0873999071313926,1,8,1.05218529377458,0,1,10,0,-7317.94684827778,-6878.82083478224,-439.126013495542
2991,1.87235060957174,0.670885959498623,0,0,0.025,0.0837012498772225,0,0.126589156966485,0.0754100361383521,1,8,1.05837924983279,0,1,10,0,-7316.99280552524,-6878.40969037335,-438.583115151888
2996,1.87235060957174,0.670885959498623,0,0,0.025,0.0837012498772225,0,0.126589156966485,0.0754100361383521,1,8,1.05837924983279,0,1,10,0,-7316.7431177019,-6877.57791390622,-439.165203795676
3001,1.87235060957174,0.641546734398852,0,0,0.025,0.0837012498772225,0,0.126589156966485,0.0754100361383521,1,8,1.05837924983279,0,1,10,0,-7314.4546387531,-6877.08241468306,-437.372224070042
3006,1.87235060957174,0.641546734398852,0,0,0.025,0.0837012498772225,0,0.126589156966485,0.0754100361383521,1,8,1.05837924983279,0,1,10,0,-7311.94429240531,-6877.94951900118,-433.994773404133
3011,1.87235060957174,0.703698517132712,0,0,0.025,0.0837012498772225,0,0.126589156966485,0.0754100361383521,1,8,1.05837924983279,0,1,10,0,-7312.4632630651,-6878.46848966097,-433.994773404133
3016,1.87235060957174,0.703698517132712,0,0,0.025,0.0837012498772225,0,0.126589156966485,0.0754100361383521,1,8,1.05837924983279,0,1,10,0,-7310.33472877112,-6878.08292467205,-432.251804099074
3021,1.83687647417205,0.692591320987805,0,0,0.025,0.0753350338247097,0,0.126589156966485,0.0754100361383521,1,8,1.05837924983279,0,1,10,0,-7310.19854676775,-6878.27652871239,-431.922018055352
3026,1.83687647417205,0.692591320987805,0,0,0.025,0.0753350338247097,0,0.126589156966485,0.0754100361383521,1,8,1.05837924983279,0,1,10,0,-7311.87511128158,-6877.17238537955,-434.70272590203
3031,1.83687647417205,0.692591320987805,0,0,0.025,0.0753350338247097,0,0.126589156966485,0.0754100361383521,1,8,1.05837924983279,0,1,10,0,-7312.62488764052,-6877.0561717451,-435.568715895429
3036,1.83687647417205,0.692591320987805,0,0,0.025,0.0753350338247097,0,0.126589156966485,0.0754100361383521,1,8,1.05837924983279,0,1,10,0,-7314.45849585399,-6877.12211804091,-437.336377813078
3041,1.83687647417205,0.692591320987805,0,0,0.025,0.0753350338247097,0,0.126589156966485,0.077910885849907,1,8,1.05837924983279,0,1,10,0,-7318.943229613,-6881.98821935645,-436.955010256549
3046,1.83687647417205,0.692591320987805,0,0,0.025,0.0753350338247097,0,0.126589156966485,0.077910885849907,1,8,1.05837924983279,0,1,10,0,-7313.03976043199,-6877.7063624821,-435.333397949882
3051,1.83687647417205,0.692591320987805,0,0,0.025,0.0753350338247097,0,0.126589156966485,0.077910885849907,1,8,1.05837924983279,0,1,10,0,-7313.03976043199,-6877.7063624821,-435.333397949882
3056,1.83687647417205,0.719404926333567,0,0,0.025,0.0753350338247097,0,0.126589156966485,0.077910885849907,1,8,1.05837924983279,0,1,10,0,-7314.3069277244,-6876.84749345923,-437.459434265168
3061,1.83687647417205,0.719404926333567,0,0,0.025,0.0753350338247097,0,0.126589156966485,0.077910885849907,1,8,1.05837924983279,0,1,10,0,-7314.2200678371,-6876.17402963927,-438.046038197821
3066,1.82670907433383,0.69947863636701,0,0,0.025,0.0778498459047117,0,0.126589156966485,0.077910885849907,1,8,1.05837924983279,0,1,10,0,-7314.21672868467,-6873.3791819311,-440.837546753565
3071,1.82670907433383,0.69947863636701,0,0,0.025,0.0778498459047117,0,0.126589156966485,0.077910885849907,1,8,1.05837924983279,0,1,10,0,-7314.18969167836,-6871.61544523275,-442.57424644561
3076,1.82670907433383,0.69947863636701,0,0,0.025,0.0758998011986834,0,0.126589156966485,0.077910885849907,1,8,1.05837924983279,0,1,10,0,-7315.11757465024,-6871.25554620983,-443.862028440405
3081,1.82670907433383,0.69947863636701,0,0,0.025,0.0758998011986834,0,0.126589156966485,0.077910885849907,1,8,1.05837924983279,0,1,10,0,-7313.75094231664,-6872.40191226089,-441.34903005575
3086,1.82670907433383,0.69947863636701,0,0,0.025,0.0786729454484779,0,0.126589156966485,0.077910885849907,1,8,1.05837924983279,0,1,10,0,-7310.83412793649,-6870.07633878051,-440.75778915598
3091,1.82670907433383,0.69947863636701,0,0,0.025,0.0786729454484779,0,0.126589156966485,0.077910885849907,1,8,1.05837924983279,0,1,10,0,-7310.11927875281,-6868.99969955222,-441.119579200586
3096,1.82670907433383,0.69947863636701,0,0,0.025,0.0786729454484779,0,0.126589156966485,0.077910885849907,1,8,1.05837924983279,0,1,10,0,-7308.25808117986,-6868.88147128434,-439.376609895527
3101,1.82670907433383,0.69947863636701,0,0,0.025,0.0786729454484779,0,0.126589156966485,0.077910885849907,1,8,1.05837924983279,0,1,10,0,-7308.25808117986,-6868.88147128434,-439.376609895527
3106,1.82670907433383,0.69947863636701,0,0,0.025,0.0786729454484779,0,0.126589156966485,0.077910885849907,1,8,1.05837924983279,0,1,10,0,-7307.46889782936,-6869.43543705487,-438.033460774495
3111,1.82670907433383,0.69947863636701,0,0,0.025,0.0786729454484779,0,0.126589156966485,0.077910885849907,1,8,1.05837924983279,0,1,10,0,-7307.46889782936,-6869.43543705487,-438.033460774495
3116,1.8180887336509,0.69947863636701,0,0,0.025,0.0786729454484779,0,0.126589156966485,0.077910885849907,1,8,1.05837924983279,0,1,10,0,-7309.93191593053,-6869.72370343455,-440.208212495979
3121,1.8180887336509,0.69947863636701,0,0,0.025,0.0786729454484779,0,0.126589156966485,0.077910885849907,1,8,1.05837924983279,0,1,10,0,-7314.45581365896,-6871.95298423964,-442.502829419324
3126,1.8180887336509,0.69947863636701,0,0,0.025,0.0786729454484779,0,0.126589156966485,0.077910885849907,1,8,1.05837924983279,0,1,10,0,-7313.57356557409,-6871.80991967502,-441.763645899076
3131,1.8180887336509,0.69947863636701,0,0,0.025,0.0786729454484779,0,0.126589156966485,0.07312631230529,1,8,1.05837924983279,0,1,10,0,-7311.91021806747,-6871.32047992799,-440.589738139481
3136,1.78939371043542,0.69947863636701,0,0,0.025,0.0786729454484779,0,0.126589156966485,0.07312631230529,1,8,1.05837924983279,0,1,10,0,-7317.54410790602,-6876.3463474079,-441.197760498127
3141,1.78939371043542,0.69947863636701,0,0,0.025,0.0786729454484779,0,0.126589156966485,0.07312631230529,1,8,1.05837924983279,0,1,10,0,-7317.54410790602,-6876.3463474079,-441.197760498127
3146,1.78939371043542,0.749892587204515,0,0,0.025,0.0786729454484779,0,0.126589156966485,0.07312631230529,1,8,1.05837924983279,0,1,10,0,-7311.24098688262,-6870.90067661635,-440.340310266276
3151,1.78939371043542,0.749892587204515,0,0,0.025,0.0786729454484779,0,0.126589156966485,0.0804797825579329,1,8,1.05837924983279,0,1,10,0,-7312.39027530831,-6872.68019839718,-439.710076911126
3156,1.78939371043542,0.749892587204515,0,0,0.025,0.0786729454484779,0,0.126589156966485,0.0804797825579329,1,8,1.05837924983279,0,1,10,0,-7312.39027530831,-6872.68019839718,-439.710076911126
3161,1.78939371043542,0.749892587204515,0,0,0.025,0.0786729454484779,0,0.126589156966485,0.0804797825579329,1,8,1.05837924983279,0,1,10,0,-7312.39027530831,-6872.68019839718,-439.710076911126
3166,1.78939371043542,0.749892587204515,0,0,0.025,0.0786729454484779,0,0.126589156966485,0.0804797825579329,1,8,1.05837924983279,0,1,10,0,-7312.39027530831,-6872.68019839718,-439.710076911126
3171,1.8042878592373,0.749892587204515,0,0,0.025,0.0786729454484779,0,0.126589156966485,0.0804797825579329,1,8,1.05837924983279,0,1,10,0,-7312.25511383461,-6872.54503692348,-439.710076911126
3176,1.8042878592373,0.749892587204515,0,0,0.025,0.0786729454484779,0,0.126589156966485,0.0804797825579329,1,8,1.05837924983279,0,1,10,0,-7312.08779007986,-6876.04929267519,-436.038497404672
3181,1.8042878592373,0.749892587204515,0,0,0.025,0.0786729454484779,0,0.126589156966485,0.0804797825579329,1,8,1.05837924983279,0,1,10,0,-7312.16022666279,-6877.86469856317,-434.295528099613
3186,1.8042878592373,0.749892587204515,0,0,0.025,0.0786729454484779,0,0.126589156966485,0.0804797825579329,1,8,1.05837924983279,0,1,10,0,-7314.96810798607,-6880.84775344998,-434.120354536085
3191,1.8042878592373,0.749892587204515,0,0,0.025,0.0786729454484779,0,0.126589156966485,0.0804797825579329,1,8,1.05837924983279,0,1,10,0,-7320.26971810328,-6886.14936356719,-434.120354536085
3196,1.8042878592373,0.749892587204515,0,0,0.025,0.0786729454484779,0,0.126589156966485,0.0804797825579329,1,8,1.05837924983279,0,1,10,0,-7316.87228149151,-6882.40570838052,-434.466573110989
3201,1.8042878592373,0.749892587204515,0,0,0.025,0.0786729454484779,0,0.126589156966485,0.0804797825579329,1,8,1.05837924983279,0,1,10,0,-7318.42626969481,-6882.49335951503,-435.932910179782
3206,1.8042878592373,0.749892587204515,0,0,0.025,0.0786729454484779,0,0.126589156966485,0.0804797825579329,1,8,1.05837924983279,0,1,10,0,-7318.0877316446,-6880.7479078165,-437.339823828105
3211,1.8042878592373,0.749892587204515,0,0,0.025,0.0788455919229935,0,0.126589156966485,0.0804797825579329,1,8,1.05837924983279,0,1,10,0,-7319.16282324016,-6882.21669967859,-436.946123561577
3216,1.78640401391794,0.740026542617231,0,0,0.025,0.0788455919229935,0,0.126589156966485,0.0804797825579329,1,8,1.05837924983279,0,1,10,0,-7319.37180594484,-6882.42568238326,-436.946123561577
3221,1.78640401391794,0.740026542617231,0,0,0.025,0.0716145277554954,0,0.12785876271981,0.0804797825579329,1,8,1.05837924983279,0,1,10,0,-7316.4568357981,-6878.74506955393,-437.711766244175
3226,1.76794411274069,0.750620378903128,0,0,0.025,0.0716145277554954,0,0.12785876271981,0.0804797825579329,1,8,1.05837924983279,0,1,10,0,-7313.62131567894,-6877.0882044311,-436.533111247833
3231,1.76794411274069,0.750620378903128,0,0,0.025,0.0716145277554954,0,0.12785876271981,0.0804797825579329,1,8,1.06267698769844,0,1,10,0,-7313.61745904609,-6877.08434779825,-436.533111247833
3236,1.76794411274069,0.750620378903128,0,0,0.025,0.0716145277554954,0,0.12785876271981,0.0804797825579329,1,8,1.06267698769844,0,1,10,0,-7313.61745904609,-6877.08434779825,-436.533111247833
3241,1.76794411274069,0.750620378903128,0,0,0.025,0.0716145277554954,0,0.129292015616153,0.0804797825579329,1,8,1.06267698769844,0,1,10,0,-7317.68231895693,-6881.57999062518,-436.102328331741
3246,1.76794411274069,0.750620378903128,0,0,0.025,0.0708999936898749,0,0.129292015616153,0.0804797825579329,1,8,1.06267698769844,0,1,10,0,-7322.20968476846,-6887.52692763354,-434.682757134927
3251,1.76794411274069,0.750620378903128,0,0,0.025,0.0708999936898749,0,0.129292015616153,0.0804797825579329,1,8,1.06267698769844,0,1,10,0,-7322.84576999784,-6887.78208886372,-435.063681134119
3256,1.76794411274069,0.750620378903128,0,0,0.025,0.0708999936898749,0,0.129292015616153,0.0804797825579329,1,8,1.06267698769844,0,1,10,0,-7321.30857667634,-6882.3081799242,-439.000396752138
3261,1.76794411274069,0.750620378903128,0,0,0.025,0.0708999936898749,0,0.129292015616153,0.0804797825579329,1,8,1.06267698769844,0,1,10,0,-7319.08461045099,-6883.09521344454,-435.989397006453
3266,1.76794411274069,0.750620378903128,0,0,0.025,0.0692315314698291,0,0.129292015616153,0.0804797825579329,1,8,1.06267698769844,0,1,10,0,-7324.34528904155,-6884.43817100855,-439.907118032996
3271,1.76794411274069,0.750620378903128,0,0,0.025,0.0692315314698291,0,0.129292015616153,0.0804797825579329,1,8,1.06267698769844,0,1,10,0,-7325.50831080481,-6884.01707266736,-441.491238137446
3276,1.76794411274069,0.750620378903128,0,0,0.025,0.0692315314698291,0,0.129292015616153,0.0804797825579329,1,8,1.06267698769844,0,1,10,0,-7325.50831080481,-6884.01707266736,-441.491238137446
3281,1.76794411274069,0.750620378903128,0,0,0.025,0.0682882507676935,0,0.129292015616153,0.0804797825579329,1,8,1.06267698769844,0,1,10,0,-7325.30391298524,-6884.0383401338,-441.265572851435
3286,1.76794411274069,0.750620378903128,0,0,0.025,0.0682882507676935,0,0.129292015616153,0.0804797825579329,1,8,1.06267698769844,0,1,10,0,-7321.10145858502,-6881.40314203198,-439.698316553038
3291,1.77609055218787,0.750620378903128,0,0,0.025,0.0682882507676935,0,0.129292015616153,0.0804797825579329,1,8,1.06267698769844,0,1,10,0,-7305.40084500571,-6865.70252845267,-439.698316553038
3296,1.77609055218787,0.750620378903128,0,0,0.025,0.0682882507676935,0,0.129292015616153,0.0804797825579329,1,8,1.06267698769844,0,1,10,0,-7310.06986466591,-6872.67479088429,-437.395073781624
3301,1.77609055218787,0.750620378903128,0,0,0.025,0.0682882507676935,0,0.129292015616153,0.0804797825579329,1,8,1.06267698769844,0,1,10,0,-7310.76760122224,-6874.39637407871,-436.371227143529
3306,1.77609055218787,0.750620378903128,0,0,0.025,0.0682882507676935,0,0.129292015616153,0.0804797825579329,1,8,1.06267698769844,0,1,10,0,-7310.15014861121,-6873.73891613306,-436.411232478143
3311,1.77609055218787,0.750620378903128,0,0,0.025,0.0729618414766987,0,0.123655775516497,0.0804797825579329,1,8,1.06267698769844,0,1,10,0,-7308.20517315962,-6872.78577376299,-435.419399396628
3316,1.77609055218787,0.750620378903128,0,0,0.025,0.0729618414766987,0,0.123655775516497,0.0804797825579329,1,8,1.06267698769844,0,1,10,0,-7314.38195535106,-6876.8533533656,-437.528601985468
3321,1.77609055218787,0.750620378903128,0,0,0.025,0.0804094720863808,0,0.123655775516497,0.0804797825579329,1,8,1.06267698769844,0,1,10,0,-7310.34121604625,-6872.81261406078,-437.528601985468
3326,1.75520676056419,0.750620378903128,0,0,0.025,0.0804094720863808,0,0.123655775516497,0.0804797825579329,1,8,1.06267698769844,0,1,10,0,-7306.17972315686,-6869.64870123483,-436.531021922032
3331,1.75520676056419,0.750620378903128,0,0,0.025,0.0804094720863808,0,0.123655775516497,0.0804797825579329,1,8,1.06267698769844,0,1,10,0,-7305.29742340786,-6870.69537063724,-434.602052770621
3336,1.75520676056419,0.774036586033536,0,0,0.025,0.0804094720863808,0,0.123655775516497,0.0804797825579329,1,8,1.06267698769844,0,1,10,0,-7305.37530176948,-6870.77324899886,-434.602052770621
3341,1.75520676056419,0.774036586033536,0,0,0.025,0.0804094720863808,0,0.123655775516497,0.0804797825579329,1,8,1.06267698769844,0,1,10,0,-7305.37530176948,-6870.77324899886,-434.602052770621
3346,1.75520676056419,0.774036586033536,0,0,0.025,0.0791525857434685,0,0.123655775516497,0.0804797825579329,1,8,1.06267698769844,0,1,10,0,-7305.28196735746,-6870.67991458684,-434.602052770621
3351,1.75520676056419,0.774036586033536,0,0,0.025,0.0791525857434685,0,0.123655775516497,0.0804797825579329,1,8,1.06267698769844,0,1,10,0,-7304.33793722162,-6870.70774503403,-433.630192187592
3356,1.75520676056419,0.774036586033536,0,0,0.025,0.0791525857434685,0,0.123655775516497,0.0803958283849596,1,8,1.06267698769844,0,1,10,0,-7301.295640236,-6866.97491283829,-434.320727397704
3361,1.75520676056419,0.760591482844997,0,0,0.025,0.0791525857434685,0,0.123655775516497,0.0803958283849596,1,8,1.06267698769844,0,1,10,0,-7300.07039438319,-6867.92441870697,-432.145975676219
3366,1.75520676056419,0.760591482844997,0,0,0.025,0.0791525857434685,0,0.123655775516497,0.0849193003531015,1,8,1.06267698769844,0,1,10,0,-7305.17452989921,-6872.21762400677,-432.956905892436
3371,1.75520676056419,0.760591482844997,0,0,0.025,0.0791525857434685,0,0.123655775516497,0.0849193003531015,1,8,1.06267698769844,0,1,10,0,-7304.2125531165,-6873.40740942732,-430.805143689176
3376,1.75520676056419,0.760591482844997,0,0,0.025,0.0791525857434685,0,0.123655775516497,0.0849193003531015,1,8,1.06267698769844,0,1,10,0,-7302.1597806663,-6872.12566194121,-430.034118725086
3381,1.75520676056419,0.742119778517672,0,0,0.025,0.0791525857434685,0,0.123655775516497,0.0849193003531015,1,8,1.06267698769844,0,1,10,0,-7301.20001146383,-6871.26554850625,-429.934462957587
3386,1.75520676056419,0.742119778517672,0,0,0.025,0.0791525857434685,0,0.123655775516497,0.0849193003531015,1,8,1.06267698769844,0,1,10,0,-7301.30078619801,-6871.21374365283,-430.087042545183
3391,1.75520676056419,0.742119778517672,0,0,0.025,0.0791525857434685,0,0.123655775516497,0.0849193003531015,1,8,1.06267698769844,0,1,10,0,-7301.76717630203,-6870.00407615708,-431.763100144958
3396,1.75520676056419,0.742119778517672,0,0,0.025,0.0791525857434685,0,0.123655775516497,0.0849193003531015,1,8,1.06267698769844,0,1,10,0,-7305.19633417515,-6873.87197392719,-431.324360247965
3401,1.75520676056419,0.742119778517672,0,0,0.025,0.0791525857434685,0,0.123655775516497,0.0849193003531015,1,8,1.06267698769844,0,1,10,0,-7302.30792906401,-6871.68368466592,-430.624244398089
3406,1.75520676056419,0.742119778517672,0,0,0.025,0.0791525857434685,0,0.123655775516497,0.0849193003531015,1,8,1.06267698769844,0,1,10,0,-7306.32151320868,-6875.07921791377,-431.242295294911
3411,1.75520676056419,0.742119778517672,0,0,0.025,0.0791525857434685,0,0.123655775516497,0.0849193003531015,1,8,1.06267698769844,0,1,10,0,-7307.23319584159,-6875.01903996365,-432.21415587794
3416,1.75520676056419,0.742119778517672,0,0,0.025,0.0791525857434685,0,0.123655775516497,0.0849193003531015,1,8,1.06267698769844,0,1,10,0,-7307.23319584159,-6875.01903996365,-432.21415587794
3421,1.75520676056419,0.742119778517672,0,0,0.025,0.0791525857434685,0,0.123655775516497,0.0849193003531015,1,8,1.06267698769844,0,1,10,0,-7312.53361248223,-6878.10025312023,-434.433359361995
3426,1.75520676056419,0.742119778517672,0,0,0.025,0.0756757817976606,0,0.123655775516497,0.0849193003531015,1,8,1.06267698769844,0,1,10,0,-7307.74649851135,-6874.46190122171,-433.284597289641
3431,1.75520676056419,0.742119778517672,0,0,0.025,0.0756757817976606,0,0.123655775516497,0.0849193003531015,1,8,1.06267698769844,0,1,10,0,-7311.94187302175,-6876.73198487026,-435.209888151494
3436,1.75520676056419,0.742119778517672,0,0,0.025,0.0813347213266474,0,0.123655775516497,0.0849193003531015,1,8,1.06267698769844,0,1,10,0,-7312.40659457892,-6876.23529526027,-436.171299318648
3441,1.75520676056419,0.742119778517672,0,0,0.025,0.0813347213266474,0,0.123655775516497,0.0849193003531015,1,8,1.06267698769844,0,1,10,0,-7312.42598482847,-6877.21609667697,-435.209888151494
3446,1.75520676056419,0.742119778517672,0,0,0.025,0.0813347213266474,0,0.123655775516497,0.0849193003531015,1,8,1.06267698769844,0,1,10,0,-7307.00697139433,-6875.22481617812,-431.782155216206
3451,1.75520676056419,0.799390507224251,0,0,0.025,0.0813347213266474,0,0.123655775516497,0.0849193003531015,1,8,1.06267698769844,0,1,10,0,-7311.15852529806,-6877.93988597621,-433.218639321849
3456,1.75520676056419,0.799390507224251,0,0,0.025,0.0814958020614184,0,0.123655775516497,0.0849193003531015,1,8,1.06267698769844,0,1,10,0,-7311.54301120815,-6876.36758235739,-435.175428850761
3461,1.75520676056419,0.799390507224251,0,0,0.025,0.0814958020614184,0,0.123655775516497,0.0849193003531015,1,8,1.06267698769844,0,1,10,0,-7309.6552102737,-6873.3318963497,-436.323313923998
3466,1.75520676056419,0.799390507224251,0,0,0.025,0.0814958020614184,0,0.123655775516497,0.0849193003531015,1,8,1.06267698769844,0,1,10,0,-7304.84573425845,-6867.48698694741,-437.358747311044
3471,1.75520676056419,0.799390507224251,0,0,0.025,0.0814958020614184,0,0.123655775516497,0.0849193003531015,1,8,1.06267698769844,0,1,10,0,-7304.84573425845,-6867.48698694741,-437.358747311044
3476,1.74795961938879,0.799390507224251,0,0,0.025,0.0814958020614184,0,0.123655775516497,0.0849193003531015,1,8,1.06267698769844,0,1,10,0,-7306.87396847132,-6868.28307747898,-438.590890992337
3481,1.74795961938879,0.799390507224251,0,0,0.025,0.0814958020614184,0,0.123655775516497,0.0849193003531015,1,8,1.06267698769844,0,1,10,0,-7307.07322556528,-6866.01848133235,-441.054744232927
3486,1.74795961938879,0.799390507224251,0,0,0.025,0.0814958020614184,0,0.123655775516497,0.0849193003531015,1,8,1.06267698769844,0,1,10,0,-7307.07322556528,-6866.01848133235,-441.054744232927
3491,1.74795961938879,0.799390507224251,0,0,0.025,0.0789703755611257,0,0.123655775516497,0.0849193003531015,1,8,1.06267698769844,0,1,10,0,-7305.29594430405,-6865.57200574663,-439.723938557425
3496,1.74795961938879,0.779349375587996,0,0,0.025,0.0789703755611257,0,0.123655775516497,0.0849193003531015,1,8,1.06267698769844,0,1,10,0,-7305.05339926061,-6865.61714277563,-439.436256484973
3501,1.74795961938879,0.779349375587996,0,0,0.025,0.0789703755611257,0,0.123655775516497,0.0849193003531015,1,8,1.06267698769844,0,1,10,0,-7305.05339926061,-6865.61714277563,-439.436256484973
3506,1.75479130531573,0.779349375587996,0,0,0.025,0.0789703755611257,0,0.123655775516497,0.0849193003531015,1,8,1.06267698769844,0,1,10,0,-7302.56001523755,-6864.80485265391,-437.755162583632
3511,1.75479130531573,0.779349375587996,0,0,0.025,0.0789703755611257,0,0.123655775516497,0.0828629516425901,1,8,1.06267698769844,0,1,10,0,-7303.01348413973,-6866.19263079348,-436.820853346256
3516,1.75479130531573,0.779349375587996,0,0,0.025,0.0789703755611257,0,0.123655775516497,0.0828629516425901,1,8,1.06267698769844,0,1,10,0,-7305.2040535284,-6870.22147966701,-434.982573861393
3521,1.75479130531573,0.779349375587996,0,0,0.025,0.0789703755611257,0,0.123655775516497,0.0828629516425901,1,8,1.06267698769844,0,1,10,0,-7304.32249381017,-6870.08713435061,-434.235359459562
3526,1.75479130531573,0.779349375587996,0,0,0.025,0.0789703755611257,0,0.123655775516497,0.0828629516425901,1,8,1.06267698769844,0,1,10,0,-7303.07919608615,-6869.53698380715,-433.542212279003
3531,1.75479130531573,0.779349375587996,0,0,0.025,0.0789703755611257,0,0.123655775516497,0.0852398675389888,1,8,1.06267698769844,0,1,10,0,-7303.23064226059,-6870.58017960454,-432.650462656045
3536,1.75479130531573,0.779349375587996,0,0,0.025,0.0789703755611257,0,0.123655775516497,0.0852398675389888,1,8,1.06267698769844,0,1,10,0,-7306.68769195576,-6874.74002068926,-431.947671266497
3541,1.75479130531573,0.779349375587996,0,0,0.025,0.0789703755611257,0,0.123655775516497,0.0852398675389888,1,8,1.06267698769844,0,1,10,0,-7307.63691574917,-6872.95921537486,-434.677700374318
3546,1.75479130531573,0.779349375587996,0,0,0.025,0.0789703755611257,0,0.123655775516497,0.0852398675389888,1,8,1.06267698769844,0,1,10,0,-7307.47582841851,-6873.67359678154,-433.802231636964
3551,1.75479130531573,0.763570473782657,0,0,0.025,0.0789703755611257,0,0.123655775516497,0.0852398675389888,1,8,1.06267698769844,0,1,10,0,-7307.35683666736,-6876.59115929847,-430.76567736889
3556,1.75479130531573,0.763570473782657,0,0,0.025,0.0789703755611257,0,0.123655775516497,0.086282550215372,1,8,1.06267698769844,0,1,10,0,-7308.03996292806,-6874.8577255773,-433.182237350768
3561,1.75479130531573,0.763570473782657,0,0,0.025,0.0789703755611257,0,0.123655775516497,0.086282550215372,1,8,1.06267698769844,0,1,10,0,-7308.15268363891,-6875.69548981208,-432.457193826832
3566,1.75479130531573,0.763570473782657,0,0,0.025,0.0789703755611257,0,0.123655775516497,0.086282550215372,1,8,1.06267698769844,0,1,10,0,-7307.34982581668,-6877.44125445403,-429.908571362658
3571,1.75479130531573,0.752537257440442,0,0,0.025,0.0717860671913061,0,0.123655775516497,0.086282550215372,1,8,1.06267698769844,0,1,10,0,-7305.81817299731,-6875.34101717674,-430.477155820576
3576,1.75479130531573,0.752537257440442,0,0,0.025,0.0717860671913061,0,0.123655775516497,0.0902899029158384,1,8,1.06267698769844,0,1,10,0,-7306.01675539797,-6872.86696150228,-433.149793895697
3581,1.75479130531573,0.752537257440442,0,0,0.025,0.0717860671913061,0,0.123655775516497,0.0902899029158384,1,8,1.06267698769844,0,1,10,0,-7310.03649568898,-6876.6333061988,-433.403189490182
3586,1.75479130531573,0.752537257440442,0,0,0.025,0.0717860671913061,0,0.123655775516497,0.0902899029158384,1,8,1.06267698769844,0,1,10,0,-7307.158349974,-6874.1434360888,-433.014913885201
3591,1.75479130531573,0.752537257440442,0,0,0.025,0.0717860671913061,0,0.123655775516497,0.0902899029158384,1,8,1.06267698769844,0,1,10,0,-7307.84925572447,-6876.99156108199,-430.857694642479
3596,1.76744523350687,0.752537257440442,0,0,0.025,0.0708732887824114,0,0.123655775516497,0.0902899029158384,1,8,1.06267698769844,0,1,10,0,-7303.40592224918,-6873.01672860606,-430.389193643117
3601,1.76744523350687,0.752537257440442,0,0,0.025,0.0708732887824114,0,0.123655775516497,0.0877969163712645,1,8,1.06267698769844,0,1,10,0,-7311.3040778172,-6874.20137814697,-437.102699670229
3606,1.76744523350687,0.752537257440442,0,0,0.025,0.0708732887824114,0,0.123655775516497,0.0877969163712645,1,8,1.06267698769844,0,1,10,0,-7311.3040778172,-6874.20137814697,-437.102699670229
3611,1.71774160897124,0.752537257440442,0,0,0.025,0.0708732887824114,0,0.123655775516497,0.0827082655468217,1,8,1.06267698769844,0,1,10,0,-7306.55183309922,-6871.03325353344,-435.51857956578
3616,1.71774160897124,0.752537257440442,0,0,0.025,0.0708732887824114,0,0.123655775516497,0.0827082655468217,1,8,1.06267698769844,0,1,10,0,-7306.55183309922,-6871.03325353344,-435.51857956578
3621,1.71774160897124,0.752537257440442,0,0,0.025,0.0708732887824114,0,0.123655775516497,0.0827082655468217,1,8,1.06267698769844,0,1,10,0,-7306.55183309922,-6871.03325353344,-435.51857956578
3626,1.71774160897124,0.752537257440442,0,0,0.025,0.0708732887824114,0,0.123655775516497,0.0827082655468217,1,8,1.06267698769844,0,1,10,0,-7305.06694475344,-6871.31602710531,-433.750917648131
3631,1.72057985748056,0.752537257440442,0,0,0.025,0.0708732887824114,0,0.123655775516497,0.0827082655468217,1,8,1.06267698769844,0,1,10,0,-7305.03036453244,-6871.27944688431,-433.750917648131
3636,1.72057985748056,0.752537257440442,0,0,0.025,0.0708732887824114,0,0.123655775516497,0.0827082655468217,1,8,1.06267698769844,0,1,10,0,-7305.03036453244,-6871.27944688431,-433.750917648131
3641,1.72057985748056,0.763000443570348,0,0,0.025,0.0708732887824114,0,0.123655775516497,0.0827082655468217,1,8,1.06267698769844,0,1,10,0,-7309.92588495189,-6875.85606731008,-434.069817641808
3646,1.72057985748056,0.763000443570348,0,0,0.025,0.0708732887824114,0,0.123655775516497,0.0827082655468217,1,8,1.06267698769844,0,1,10,0,-7306.23950955913,-6873.77912982976,-432.460379729374
3651,1.70700588191515,0.763000443570348,0,0,0.025,0.0708732887824114,0,0.123655775516497,0.0827082655468217,1,8,1.06267698769844,0,1,10,0,-7305.47519688468,-6875.07405598967,-430.401140895011
3656,1.70700588191515,0.763000443570348,0,0,0.025,0.0708732887824114,0,0.123655775516497,0.0827082655468217,1,8,1.06267698769844,0,1,10,0,-7307.3995835646,-6872.29220240874,-435.107381155865
3661,1.70700588191515,0.763000443570348,0,0,0.025,0.0708732887824114,0,0.123304457160305,0.0827082655468217,1,8,1.06267698769844,0,1,10,0,-7306.24915227814,-6870.40535695821,-435.843795319938
3666,1.70700588191515,0.763000443570348,0,0,0.025,0.0708732887824114,0,0.123304457160305,0.0827082655468217,1,8,1.06267698769844,0,1,10,0,-7307.29891749346,-6868.70642777148,-438.592489721979
3671,1.70700588191515,0.763000443570348,0,0,0.025,0.0708732887824114,0,0.123304457160305,0.0827082655468217,1,8,1.06267698769844,0,1,10,0,-7304.89218695847,-6866.99877915258,-437.893407805899
3676,1.70700588191515,0.763000443570348,0,0,0.025,0.0708732887824114,0,0.123304457160305,0.0827082655468217,1,8,1.06796344003802,0,1,10,0,-7303.9815564365,-6867.76842386632,-436.213132570179
3681,1.70700588191515,0.763000443570348,0,0,0.025,0.0708732887824114,0,0.123304457160305,0.0827082655468217,1,8,1.05447103725169,0,1,10,0,-7302.94864532316,-6866.73551275298,-436.213132570179
3686,1.70700588191515,0.763000443570348,0,0,0.025,0.0708732887824114,0,0.123304457160305,0.0827082655468217,1,8,1.05447103725169,0,1,10,0,-7301.34882891814,-6864.08017620235,-437.268652715792
3691,1.70700588191515,0.763000443570348,0,0,0.025,0.0708732887824114,0,0.123304457160305,0.0827082655468217,1,8,1.05447103725169,0,1,10,0,-7301.34882891814,-6864.08017620235,-437.268652715792
3696,1.6792446479464,0.763000443570348,0,0,0.025,0.0711326569307409,0,0.123304457160305,0.0827082655468217,1,8,1.05447103725169,0,1,10,0,-7301.32320910348,-6865.29774990517,-436.025459198313
3701,1.6792446479464,0.763000443570348,0,0,0.025,0.0711326569307409,0,0.123304457160305,0.0827082655468217,1,8,1.05447103725169,0,1,10,0,-7304.42147095766,-6870.39151574909,-434.029955208568
3706,1.6792446479464,0.763000443570348,0,0,0.025,0.0711326569307409,0,0.123304457160305,0.0827082655468217,1,8,1.05447103725169,0,1,10,0,-7307.98231504349,-6869.11154852322,-438.870766520271
3711,1.71873204199786,0.763000443570348,0,0,0.025,0.0711326569307409,0,0.123304457160305,0.0801155716859986,1,8,1.05447103725169,0,1,10,0,-7305.43402820026,-6867.07524941894,-438.358778781324
3716,1.71873204199786,0.763000443570348,0,0,0.025,0.0711326569307409,0,0.123304457160305,0.0801155716859986,1,8,1.05447103725169,0,1,10,0,-7300.87389030861,-6864.17871971052,-436.69517059809
3721,1.71873204199786,0.724588210971011,0,0,0.025,0.0711326569307409,0,0.123304457160305,0.0801155716859986,1,8,1.05447103725169,0,1,10,0,-7297.24462680546,-6860.49777837155,-436.746848433917
3726,1.71873204199786,0.724588210971011,0,0,0.025,0.0711326569307409,0,0.123304457160305,0.0801155716859986,1,8,1.05447103725169,0,1,10,0,-7297.24462680546,-6860.49777837155,-436.746848433917
3731,1.71873204199786,0.724588210971011,0,0,0.025,0.0711326569307409,0,0.123304457160305,0.0801155716859986,1,8,1.05447103725169,0,1,10,0,-7297.02491952862,-6859.71317824967,-437.311741278953
3736,1.71873204199786,0.724588210971011,0,0,0.025,0.0711326569307409,0,0.123304457160305,0.0801155716859986,1,8,1.05447103725169,0,1,10,0,-7297.02491952862,-6859.71317824967,-437.311741278953
3741,1.71873204199786,0.724588210971011,0,0,0.025,0.0667542181023397,0,0.123304457160305,0.0801155716859986,1,8,1.05447103725169,0,1,10,0,-7298.41583880021,-6861.91038735792,-436.505451442293
3746,1.71873204199786,0.724588210971011,0,0,0.025,0.0667542181023397,0,0.123304457160305,0.0801155716859986,1,8,1.05447103725169,0,1,10,0,-7296.53994132599,-6861.46078957943,-435.079151746559
3751,1.71873204199786,0.724588210971011,0,0,0.025,0.0667542181023397,0,0.123304457160305,0.0801155716859986,1,8,1.05447103725169,0,1,10,0,-7302.20932993181,-6868.13570005085,-434.073629880957
3756,1.71873204199786,0.724588210971011,0,0,0.025,0.0667542181023397,0,0.123304457160305,0.0801155716859986,1,8,1.05447103725169,0,1,10,0,-7299.58334828567,-6867.48379943074,-432.099548854935
3761,1.71873204199786,0.724588210971011,0,0,0.025,0.0667542181023397,0,0.123304457160305,0.0801155716859986,1,8,1.05447103725169,0,1,10,0,-7296.8842734107,-6868.09124389744,-428.793029513263
3766,1.71873204199786,0.724588210971011,0,0,0.025,0.0667542181023397,0,0.123304457160305,0.0801155716859986,1,8,1.05447103725169,0,1,10,0,-7296.02914408967,-6865.4592807574,-430.569863332275
3771,1.71873204199786,0.724588210971011,0,0,0.025,0.0667542181023397,0,0.123304457160305,0.0801155716859986,1,8,1.05447103725169,0,1,10,0,-7295.83680979946,-6864.81337278076,-431.023437018703
3776,1.71873204199786,0.724588210971011,0,0,0.025,0.0667542181023397,0,0.123304457160305,0.0801155716859986,1,8,1.05447103725169,0,1,10,0,-7298.70813964065,-6865.73879247289,-432.969347167758
3781,1.71873204199786,0.724588210971011,0,0,0.025,0.0667542181023397,0,0.124984035096864,0.0832622765068758,1,8,1.05447103725169,0,1,10,0,-7299.97936158379,-6867.01001441603,-432.969347167758
3786,1.74774546734489,0.724588210971011,0,0,0.025,0.0684213481484367,0,0.120998650564466,0.0832622765068758,1,8,1.05447103725169,0,1,10,0,-7300.31289579783,-6867.34354863008,-432.969347167758
3791,1.74774546734489,0.724588210971011,0,0,0.025,0.0684213481484367,0,0.120998650564466,0.0979963395186252,1,8,1.05447103725169,0,1,10,0,-7301.07620128277,-6868.97327301685,-432.102928265924
3796,1.74774546734489,0.724588210971011,0,0,0.025,0.0684213481484367,0,0.120998650564466,0.0979963395186252,1,8,1.05447103725169,0,1,10,0,-7301.79295737721,-6868.4380828027,-433.354874574513
3801,1.74774546734489,0.724588210971011,0,0,0.025,0.0684213481484367,0,0.120998650564466,0.0979963395186252,1,8,1.05447103725169,0,1,10,0,-7297.19252909719,-6864.08141736119,-433.111111735996
3806,1.74774546734489,0.724588210971011,0,0,0.025,0.0684213481484367,0,0.120998650564466,0.0979963395186252,1,8,1.05447103725169,0,1,10,0,-7295.27251896567,-6858.64049965816,-436.632019307505
3811,1.71313301206141,0.768801338242407,0,0,0.025,0.0684213481484367,0,0.120998650564466,0.0979963395186252,1,8,1.05447103725169,0,1,10,0,-7293.23952228391,-6857.01011702125,-436.229405262665
3816,1.71313301206141,0.768801338242407,0,0,0.025,0.0731148285867182,0,0.120998650564466,0.0879974631076668,1,8,1.05447103725169,0,1,10,0,-7285.41337204803,-6851.33572898862,-434.077643059406
3821,1.71313301206141,0.768801338242407,0,0,0.025,0.0731148285867182,0,0.120998650564466,0.0879974631076668,1,8,1.05447103725169,0,1,10,0,-7283.84002047276,-6852.39246607299,-431.447554399773
3826,1.71313301206141,0.768801338242407,0,0,0.025,0.0731148285867182,0,0.120998650564466,0.0879974631076668,1,8,1.05447103725169,0,1,10,0,-7283.53397416982,-6852.15386105085,-431.380113118978
3831,1.71313301206141,0.768801338242407,0,0,0.025,0.0731148285867182,0,0.120998650564466,0.0879974631076668,1,8,1.05447103725169,0,1,10,0,-7290.27376599155,-6857.58532005292,-432.688445938628
3836,1.7140877046573,0.768801338242407,0,0,0.025,0.0731148285867182,0,0.120998650564466,0.0879974631076668,1,8,1.05447103725169,0,1,10,0,-7292.08935164573,-6858.21528204145,-433.874069604285
3841,1.7140877046573,0.768801338242407,0,0,0.025,0.0731148285867182,0,0.120998650564466,0.0879974631076668,1,8,1.05447103725169,0,1,10,0,-7289.98549485876,-6856.63177063858,-433.353724220179
3846,1.7140877046573,0.768801338242407,0,0,0.025,0.0731148285867182,0,0.120998650564466,0.0879974631076668,1,8,1.05447103725169,0,1,10,0,-7289.98549485876,-6856.63177063858,-433.353724220179
3851,1.7140877046573,0.768801338242407,0,0,0.025,0.0731148285867182,0,0.120998650564466,0.0879974631076668,1,8,1.05447103725169,0,1,10,0,-7291.70069636736,-6857.28412035586,-434.416576011498
3856,1.7140877046573,0.768801338242407,0,0,0.025,0.0731148285867182,0,0.120998650564466,0.0879974631076668,1,8,1.05447103725169,0,1,10,0,-7288.39058212511,-6855.15962977927,-433.230952345841
3861,1.7140877046573,0.768801338242407,0,0,0.025,0.0731148285867182,0,0.120998650564466,0.0879974631076668,1,8,1.05447103725169,0,1,10,0,-7286.52530353071,-6851.69142795346,-434.833875577254
3866,1.72879130774611,0.768801338242407,0,0,0.025,0.0731148285867182,0,0.120998650564466,0.0879974631076668,1,8,1.05447103725169,0,1,10,0,-7288.4763749987,-6851.31208539028,-437.164289608418
3871,1.72879130774611,0.768801338242407,0,0,0.025,0.0731148285867182,0,0.120998650564466,0.088402537017559,1,8,1.05447103725169,0,1,10,0,-7286.56522384461,-6850.36234540335,-436.202878441264
3876,1.72879130774611,0.768801338242407,0,0,0.025,0.0731148285867182,0,0.120998650564466,0.088402537017559,1,8,1.05447103725169,0,1,10,0,-7287.63407084435,-6852.50163381479,-435.132437029562
3881,1.72879130774611,0.768801338242407,0,0,0.025,0.0731148285867182,0,0.120998650564466,0.0965197321877661,1,8,1.05447103725169,0,1,10,0,-7284.74381023366,-6849.39457312671,-435.349237106954
3886,1.72879130774611,0.768801338242407,0,0,0.025,0.0731148285867182,0,0.120998650564466,0.0965197321877661,1,8,1.05447103725169,0,1,10,0,-7283.61437170945,-6847.62755727309,-435.986814436359
3891,1.72879130774611,0.768801338242407,0,0,0.025,0.0731148285867182,0,0.120998650564466,0.0965197321877661,1,8,1.05447103725169,0,1,10,0,-7283.61437170945,-6847.62755727309,-435.986814436359
3896,1.72879130774611,0.768801338242407,0,0,0.025,0.0731148285867182,0,0.120998650564466,0.0965197321877661,1,8,1.05447103725169,0,1,10,0,-7283.61437170945,-6847.62755727309,-435.986814436359
3901,1.72879130774611,0.768801338242407,0,0,0.025,0.0731148285867182,0,0.120998650564466,0.0965197321877661,1,8,1.05447103725169,0,1,10,0,-7287.10028431808,-6849.59137397944,-437.508910338638
3906,1.72879130774611,0.768801338242407,0,0,0.025,0.0731148285867182,0,0.120998650564466,0.0965197321877661,1,8,1.05447103725169,0,1,10,0,-7288.69688066342,-6850.11752891308,-438.57935175034
3911,1.72879130774611,0.768801338242407,0,0,0.025,0.0731148285867182,0,0.120998650564466,0.0965197321877661,1,8,1.05447103725169,0,1,10,0,-7297.1269717865,-6854.20103554813,-442.925936238364
3916,1.72879130774611,0.768801338242407,0,0,0.025,0.0731148285867182,0,0.120998650564466,0.0965197321877661,1,8,1.05447103725169,0,1,10,0,-7290.1667607073,-6851.41316915213,-438.753591555169
3921,1.75681243584753,0.768801338242407,0,0,0.025,0.0731148285867182,0,0.120998650564466,0.0965197321877661,1,8,1.05447103725169,0,1,10,0,-7290.32333565426,-6851.56974409909,-438.753591555169
3926,1.75681243584753,0.768801338242407,0,0,0.025,0.0731148285867182,0,0.120998650564466,0.0899718353254609,1,8,1.05447103725169,0,1,10,0,-7291.53921479294,-6852.78562323777,-438.753591555169
3931,1.75681243584753,0.768801338242407,0,0,0.025,0.0792189891736615,0,0.120998650564466,0.0899718353254609,1,8,1.05447103725169,0,1,10,0,-7285.29211579935,-6849.01716128096,-436.274954518395
3936,1.75681243584753,0.768801338242407,0,0,0.025,0.0792189891736615,0,0.120998650564466,0.0899718353254609,1,8,1.05447103725169,0,1,10,0,-7285.29211579935,-6849.01716128096,-436.274954518395
3941,1.75681243584753,0.768801338242407,0,0,0.025,0.0792189891736615,0,0.120998650564466,0.0866644315297174,1,8,1.05447103725169,0,1,10,0,-7288.12451935538,-6850.67433450152,-437.450184853855
3946,1.75681243584753,0.768801338242407,0,0,0.025,0.0792189891736615,0,0.120998650564466,0.0866644315297174,1,8,1.05447103725169,0,1,10,0,-7290.22529175335,-6853.74696748252,-436.478324270826
3951,1.75681243584753,0.768801338242407,0,0,0.025,0.0792189891736615,0,0.120998650564466,0.0866644315297174,1,8,1.05447103725169,0,1,10,0,-7290.22529175335,-6853.74696748252,-436.478324270826
3956,1.75681243584753,0.768801338242407,0,0,0.025,0.0792189891736615,0,0.120998650564466,0.0866644315297174,1,8,1.05447103725169,0,1,10,0,-7292.33352965911,-6852.45037823857,-439.883151420539
3961,1.75681243584753,0.768801338242407,0,0,0.025,0.0792189891736615,0,0.119863300202894,0.0937384880245453,1,8,1.05447103725169,0,1,10,0,-7294.84682684028,-6856.90958556879,-437.937241271483
3966,1.75681243584753,0.768801338242407,0,0,0.025,0.0762972475480179,0,0.119863300202894,0.0937384880245453,1,8,1.05447103725169,0,1,10,0,-7291.79743345329,-6852.90307945542,-438.894353997878
3971,1.75681243584753,0.768801338242407,0,0,0.025,0.0762972475480179,0,0.119863300202894,0.0937384880245453,1,8,1.05447103725169,0,1,10,0,-7295.97601143206,-6855.30859009797,-440.667421334094
3976,1.75681243584753,0.68235869767554,0,0,0.025,0.0787020845618181,0,0.119863300202894,0.0937384880245453,1,8,1.05447103725169,0,1,10,0,-7293.29000757374,-6855.7795866608,-437.510420912944
3981,1.75681243584753,0.705971538050908,0,0,0.025,0.0787020845618181,0,0.119863300202894,0.0907586731927689,1,8,1.05447103725169,0,1,10,0,-7286.04290149927,-6847.56062000329,-438.482281495973
3986,1.75681243584753,0.705971538050908,0,0,0.025,0.0727243197421652,0,0.119863300202894,0.0907586731927689,1,8,1.05447103725169,0,1,10,0,-7284.45923755931,-6845.88343000532,-438.575807553983
3991,1.75681243584753,0.705971538050908,0,0,0.025,0.0727243197421652,0,0.119863300202894,0.0907586731927689,1,8,1.05447103725169,0,1,10,0,-7285.86921692703,-6846.96798697261,-438.901229954418
3996,1.75681243584753,0.705971538050908,0,0,0.025,0.0727243197421652,0,0.119863300202894,0.0907586731927689,1,8,1.05447103725169,0,1,10,0,-7286.6903174844,-6847.02880104659,-439.661516437816
4001,1.73556094112984,0.705971538050908,0,0,0.025,0.0727243197421652,0,0.119863300202894,0.0907586731927689,1,8,1.05447103725169,0,1,10,0,-7290.09765310884,-6847.10637351648,-442.991279592357
4006,1.73556094112984,0.705971538050908,0,0,0.025,0.0727243197421652,0,0.119863300202894,0.0928774009318636,1,8,1.05447103725169,0,1,10,0,-7289.70521927496,-6848.18724542071,-441.517973854248
4011,1.73556094112984,0.705971538050908,0,0,0.025,0.0727243197421652,0,0.119863300202894,0.0928774009318636,1,8,1.05447103725169,0,1,10,0,-7289.70521927496,-6848.18724542071,-441.517973854248
4016,1.73556094112984,0.705971538050908,0,0,0.025,0.0727243197421652,0,0.119863300202894,0.0907815913297688,1,8,1.05447103725169,0,1,10,0,-7287.63627997113,-6847.88596803453,-439.750311936599
4021,1.73556094112984,0.705971538050908,0,0,0.025,0.0744535548473576,0,0.120613207023243,0.0907815913297688,1,8,1.05447103725169,0,1,10,0,-7286.3938991122,-6847.95191999525,-438.441979116949
4026,1.73556094112984,0.705971538050908,0,0,0.025,0.0744535548473576,0,0.120613207023243,0.0907815913297688,1,8,1.05447103725169,0,1,10,0,-7288.80118631449,-6850.35920719754,-438.441979116949
4031,1.73556094112984,0.705971538050908,0,0,0.025,0.0696291911587804,0,0.120613207023243,0.0907815913297688,1,8,1.05447103725169,0,1,10,0,-7287.43289846314,-6850.43128092858,-437.001617534558
4036,1.73556094112984,0.705971538050908,0,0,0.025,0.0696291911587804,0,0.120613207023243,0.0907815913297688,1,8,1.05447103725169,0,1,10,0,-7288.91675789809,-6853.86105051259,-435.055707385503
4041,1.73556094112984,0.705971538050908,0,0,0.025,0.0696291911587804,0,0.120613207023243,0.0907815913297688,1,8,1.05447103725169,0,1,10,0,-7289.80127196389,-6853.87009584103,-435.931176122857
4046,1.73556094112984,0.705971538050908,0,0,0.025,0.0696291911587804,0,0.120613207023243,0.0907815913297688,1,8,1.05447103725169,0,1,10,0,-7289.92700735706,-6854.03583656881,-435.891170788243
4051,1.73556094112984,0.705971538050908,0,0,0.025,0.0696291911587804,0,0.120613207023243,0.0907815913297688,1,8,1.05447103725169,0,1,10,0,-7287.63244762501,-6851.17638399173,-436.45606363328
4056,1.73556094112984,0.705971538050908,0,0,0.025,0.0696291911587804,0,0.120613207023243,0.0907815913297688,1,8,1.05447103725169,0,1,10,0,-7287.76900901518,-6852.02671184966,-435.742297165517
4061,1.73556094112984,0.705971538050908,0,0,0.025,0.0696291911587804,0,0.120613207023243,0.0907815913297688,1,8,1.05447103725169,0,1,10,0,-7294.08958974374,-6854.30368287647,-439.785906867269
4066,1.73556094112984,0.705971538050908,0,0,0.025,0.0696291911587804,0,0.121222045469235,0.0907815913297688,1,8,1.05447103725169,0,1,10,0,-7289.78807764197,-6852.3208296769,-437.467247965073
4071,1.73556094112984,0.705971538050908,0,0,0.025,0.0696291911587804,0,0.121222045469235,0.0834548585907701,1,8,1.05447103725169,0,1,10,0,-7293.96104741051,-6857.22854052329,-436.732506887214
4076,1.73556094112984,0.705971538050908,0,0,0.025,0.0696291911587804,0,0.121222045469235,0.0834548585907701,1,8,1.05447103725169,0,1,10,0,-7295.96845396096,-6858.64043836275,-437.32801559821
4081,1.73556094112984,0.705971538050908,0,0,0.025,0.0696291911587804,0,0.121222045469235,0.0834548585907701,1,8,1.05447103725169,0,1,10,0,-7298.98144965888,-6858.31762112084,-440.663828538037
4086,1.73556094112984,0.705971538050908,0,0,0.025,0.0696291911587804,0,0.121222045469235,0.0834548585907701,1,8,1.05447103725169,0,1,10,0,-7298.98144965888,-6858.31762112084,-440.663828538037
4091,1.73556094112984,0.693936008618127,0,0,0.025,0.0696291911587804,0,0.121222045469235,0.0834548585907701,1,8,1.05447103725169,0,1,10,0,-7298.37467514679,-6859.07848985325,-439.296185293543
4096,1.73556094112984,0.693936008618127,0,0,0.025,0.0696291911587804,0,0.121222045469235,0.0834548585907701,1,8,1.05447103725169,0,1,10,0,-7298.58120450075,-6859.40446960465,-439.1767348961
4101,1.73556094112984,0.693936008618127,0,0,0.025,0.0696291911587804,0,0.121222045469235,0.0834548585907701,1,8,1.05447103725169,0,1,10,0,-7298.58120450075,-6859.40446960465,-439.1767348961
4106,1.73556094112984,0.693936008618127,0,0,0.025,0.0696291911587804,0,0.121222045469235,0.0834548585907701,1,8,1.05933367328681,0,1,10,0,-7294.92226297116,-6857.18588965745,-437.73637331371
4111,1.73556094112984,0.693936008618127,0,0,0.025,0.0696291911587804,0,0.121222045469235,0.0834548585907701,1,8,1.05933367328681,0,1,10,0,-7294.62987915171,-6855.45314425561,-439.1767348961
4116,1.69472359994961,0.693936008618127,0,0,0.025,0.0696291911587804,0,0.121222045469235,0.0834548585907701,1,8,1.05933367328681,0,1,10,0,-7295.40067453666,-6856.22393964056,-439.1767348961
4121,1.69472359994961,0.693936008618127,0,0,0.025,0.0696291911587804,0,0.11829899197863,0.0834548585907701,1,8,1.05933367328681,0,1,10,0,-7297.32018030139,-6857.2089553332,-440.111224968189
4126,1.69472359994961,0.693936008618127,0,0,0.025,0.0696291911587804,0,0.11829899197863,0.0834548585907701,1,8,1.05933367328681,0,1,10,0,-7299.15805390571,-6856.86284958694,-442.295204318775
4131,1.69472359994961,0.693936008618127,0,0,0.025,0.06839836480378,0,0.11829899197863,0.0834548585907701,1,8,1.05933367328681,0,1,10,0,-7300.00247493646,-6857.70727061768,-442.295204318775
4136,1.69472359994961,0.693936008618127,0,0,0.025,0.06839836480378,0,0.11829899197863,0.0834548585907701,1,8,1.05933367328681,0,1,10,0,-7297.85305280855,-6855.07292603245,-442.780126776097
4141,1.69472359994961,0.693936008618127,0,0,0.025,0.06839836480378,0,0.11829899197863,0.0834548585907701,1,8,1.05933367328681,0,1,10,0,-7298.08683151433,-6856.61503755788,-441.471793956447
4146,1.69472359994961,0.693936008618127,0,0,0.025,0.06839836480378,0,0.11829899197863,0.0834548585907701,1,8,1.05933367328681,0,1,10,0,-7296.71102276496,-6855.2686034172,-441.442419347767
4151,1.69472359994961,0.693936008618127,0,0,0.025,0.06839836480378,0,0.11829899197863,0.0834548585907701,1,8,1.05933367328681,0,1,10,0,-7294.73999633438,-6851.929301131,-442.810695203385
4156,1.69472359994961,0.658698807819471,0,0,0.025,0.06839836480378,0,0.11829899197863,0.0834548585907701,1,8,1.05933367328681,0,1,10,0,-7300.35891187924,-6854.46774317385,-445.891168705394
4161,1.7214331196643,0.658698807819471,0,0,0.025,0.06839836480378,0,0.11829899197863,0.0957362770229532,1,8,1.05933367328681,0,1,10,0,-7299.61056342195,-6851.27785180419,-448.332711617762
4166,1.7214331196643,0.658698807819471,0,0,0.025,0.06839836480378,0,0.11829899197863,0.0957362770229532,1,8,1.05933367328681,0,1,10,0,-7300.03706607889,-6850.34907592911,-449.687990149783
4171,1.7214331196643,0.612725196151736,0,0,0.025,0.06839836480378,0,0.11829899197863,0.0957362770229532,1,8,1.05933367328681,0,1,10,0,-7300.23856155996,-6850.31709384232,-449.92146771764
4176,1.7214331196643,0.612725196151736,0,0,0.025,0.06839836480378,0,0.11829899197863,0.0957362770229532,1,8,1.05933367328681,0,1,10,0,-7300.23856155996,-6850.31709384232,-449.92146771764
4181,1.71292931840384,0.727306188201396,0,0,0.025,0.06839836480378,0,0.11829899197863,0.0957362770229532,1,8,1.05933367328681,0,1,10,0,-7299.7302563589,-6852.37082678851,-447.359429570385
4186,1.71292931840384,0.727306188201396,0,0,0.025,0.06839836480378,0,0.11829899197863,0.0991788897914216,1,8,1.05933367328681,0,1,10,0,-7296.74434812792,-6854.12171206694,-442.62263606098
4191,1.71292931840384,0.727306188201396,0,0,0.025,0.0712500023545684,0,0.11829899197863,0.0991788897914216,1,8,1.05933367328681,0,1,10,0,-7298.47334193082,-6853.31276527416,-445.160576656655
4196,1.71292931840384,0.727306188201396,0,0,0.025,0.0712500023545684,0,0.11829899197863,0.0991788897914216,1,8,1.05933367328681,0,1,10,0,-7297.61226774841,-6853.7391970087,-443.873070739715
4201,1.71292931840384,0.727306188201396,0,0,0.025,0.0755079958428601,0,0.11829899197863,0.0991788897914216,1,8,1.05933367328681,0,1,10,0,-7303.28256412384,-6853.79880133254,-449.483762791306
4206,1.71292931840384,0.727306188201396,0,0,0.025,0.0755079958428601,0,0.11829899197863,0.0991788897914216,1,8,1.05933367328681,0,1,10,0,-7303.28256412384,-6853.79880133254,-449.483762791306
4211,1.71292931840384,0.727306188201396,0,0,0.025,0.0755079958428601,0,0.11829899197863,0.0991788897914216,1,8,1.05933367328681,0,1,10,0,-7302.32043249893,-6852.38307211376,-449.937360385164
4216,1.74631014875314,0.69385001521141,0,0,0.025,0.0755079958428601,0,0.11829899197863,0.0991788897914216,1,8,1.05933367328681,0,1,10,0,-7301.88471833316,-6851.947357948,-449.937360385164
4221,1.74631014875314,0.69385001521141,0,0,0.025,0.0755079958428601,0,0.11829899197863,0.0991788897914216,1,8,1.05933367328681,0,1,10,0,-7301.88471833316,-6851.947357948,-449.937360385164
4226,1.74631014875314,0.69385001521141,0,0,0.025,0.0755079958428601,0,0.11829899197863,0.0991788897914216,1,8,1.05933367328681,0,1,10,0,-7302.49684118676,-6852.53595030419,-449.960890882574
4231,1.74631014875314,0.69385001521141,0,0,0.025,0.0755079958428601,0,0.11829899197863,0.0991788897914216,1,8,1.05933367328681,0,1,10,0,-7299.82002412097,-6852.14094856991,-447.679075551067
4236,1.74631014875314,0.69385001521141,0,0,0.025,0.0755079958428601,0,0.11829899197863,0.0991788897914216,1,8,1.05933367328681,0,1,10,0,-7299.82002412097,-6852.14094856991,-447.679075551067
4241,1.73269998220517,0.69385001521141,0,0,0.025,0.0755079958428601,0,0.11829899197863,0.0991788897914216,1,8,1.05933367328681,0,1,10,0,-7297.7440564536,-6850.85871532,-446.885341133602
4246,1.73269998220517,0.683559496568821,0,0,0.025,0.0755079958428601,0,0.117892804924297,0.0991788897914216,1,8,1.05933367328681,0,1,10,0,-7293.76124596054,-6847.00159797878,-446.759647981763
4251,1.73269998220517,0.690112709321502,0,0,0.025,0.0755079958428601,0,0.117892804924297,0.0991788897914216,1,8,1.05933367328681,0,1,10,0,-7296.41874164307,-6845.08052415712,-451.338217485954
4256,1.73269998220517,0.690112709321502,0,0,0.025,0.0755079958428601,0,0.117892804924297,0.100668973242704,1,8,1.05933367328681,0,1,10,0,-7295.39359929422,-6844.2282246211,-451.165374673115
4261,1.73269998220517,0.666470365965921,0,0,0.025,0.0755079958428601,0,0.117892804924297,0.100668973242704,1,8,1.05933367328681,0,1,10,0,-7297.63399362779,-6844.47546178159,-453.158531846198
4266,1.73269998220517,0.666470365965921,0,0,0.025,0.0722937623141879,0,0.117892804924297,0.0994537179171546,1,8,1.05933367328681,0,1,10,0,-7299.87000599528,-6844.76556400002,-455.104441995253
4271,1.73269998220517,0.666470365965921,0,0,0.025,0.0722937623141879,0,0.117892804924297,0.0994537179171546,1,8,1.05933367328681,0,1,10,0,-7300.68992881516,-6846.45048425739,-454.239444557766
4276,1.73269998220517,0.666470365965921,0,0,0.025,0.0722937623141879,0,0.118844061207549,0.0994537179171546,1,8,1.05933367328681,0,1,10,0,-7303.36660924883,-6850.82361398049,-452.542995268343
4281,1.73269998220517,0.707252297788882,0,0,0.025,0.0722937623141879,0,0.118844061207549,0.0994537179171546,1,8,1.05933367328681,0,1,10,0,-7302.74193122425,-6850.19893595591,-452.542995268343
4286,1.7291358959081,0.707252297788882,0,0,0.025,0.0722937623141879,0,0.118844061207549,0.0994537179171546,1,8,1.05933367328681,0,1,10,0,-7296.94054756852,-6848.67754620929,-448.263001359234
4291,1.7291358959081,0.707252297788882,0,0,0.025,0.0722937623141879,0,0.118844061207549,0.0994537179171546,1,8,1.05933367328681,0,1,10,0,-7296.94054756852,-6848.67754620929,-448.263001359234
4296,1.7291358959081,0.707252297788882,0,0,0.025,0.0722937623141879,0,0.118844061207549,0.0994537179171546,1,8,1.05933367328681,0,1,10,0,-7294.76460893874,-6848.87651333408,-445.88809560466
4301,1.7291358959081,0.707252297788882,0,0,0.025,0.0722937623141879,0,0.118844061207549,0.0991105306373098,1,8,1.05933367328681,0,1,10,0,-7294.1050414924,-6846.92596170642,-447.179079785976
4306,1.7291358959081,0.707252297788882,0,0,0.025,0.0722937623141879,0,0.118844061207549,0.0991105306373098,1,8,1.05933367328681,0,1,10,0,-7298.94965033458,-6850.93927763787,-448.010372696711
4311,1.7291358959081,0.707252297788882,0,0,0.025,0.0722937623141879,0,0.118844061207549,0.0991105306373098,1,8,1.05933367328681,0,1,10,0,-7299.98604694275,-6851.36655247429,-448.61949446846
4316,1.7291358959081,0.707252297788882,0,0,0.025,0.0722937623141879,0,0.118844061207549,0.0991105306373098,1,8,1.05933367328681,0,1,10,0,-7297.86089602151,-6850.28658329799,-447.574312723518
4321,1.7291358959081,0.707252297788882,0,0,0.025,0.0722937623141879,0,0.118844061207549,0.096875660221066,1,8,1.05933367328681,0,1,10,0,-7296.20854761256,-6845.16548693577,-451.043060676788
4326,1.7291358959081,0.707252297788882,0,0,0.025,0.0722937623141879,0,0.118844061207549,0.096875660221066,1,8,1.05933367328681,0,1,10,0,-7296.54521153622,-6845.95110107948,-450.59411045674
4331,1.72818502777349,0.707252297788882,0,0,0.025,0.0722937623141879,0,0.118844061207549,0.096875660221066,1,8,1.05933367328681,0,1,10,0,-7295.14455525106,-6844.09390261016,-451.050652640893
4336,1.72818502777349,0.707252297788882,0,0,0.025,0.0722937623141879,0,0.118844061207549,0.096875660221066,1,8,1.05933367328681,0,1,10,0,-7295.14455525106,-6844.09390261016,-451.050652640893
4341,1.72818502777349,0.702545940193926,0,0,0.025,0.0722937623141879,0,0.118844061207549,0.096875660221066,1,8,1.05933367328681,0,1,10,0,-7295.10078678949,-6844.0501341486,-451.050652640893
4346,1.72818502777349,0.702545940193926,0,0,0.025,0.0722937623141879,0,0.118844061207549,0.101459334513274,1,8,1.05933367328681,0,1,10,0,-7295.5811078035,-6844.5304551626,-451.050652640893
4351,1.72818502777349,0.702545940193926,0,0,0.025,0.0722937623141879,0,0.118844061207549,0.101459334513274,1,8,1.05933367328681,0,1,10,0,-7298.54450416626,-6852.00244088335,-446.542063282911
4356,1.72818502777349,0.702545940193926,0,0,0.025,0.0722937623141879,0,0.118844061207549,0.101459334513274,1,8,1.05933367328681,0,1,10,0,-7295.5368986939,-6849.66328997896,-445.873608714941
4361,1.72818502777349,0.702545940193926,0,0,0.025,0.0722937623141879,0,0.118844061207549,0.101459334513274,1,8,1.05933367328681,0,1,10,0,-7295.92024383677,-6848.86798012549,-447.052263711283
4366,1.72818502777349,0.702545940193926,0,0,0.025,0.0722937623141879,0,0.118844061207549,0.101459334513274,1,8,1.06748881901465,0,1,10,0,-7291.04917728542,-6842.51322686701,-448.535950418412
4371,1.72818502777349,0.702545940193926,0,0,0.025,0.0722937623141879,0,0.118844061207549,0.101459334513274,1,8,1.06748881901465,0,1,10,0,-7293.17125869758,-6844.78788786676,-448.383370830816
4376,1.72818502777349,0.702545940193926,0,0,0.025,0.0722937623141879,0,0.118844061207549,0.101459334513274,1,8,1.06748881901465,0,1,10,0,-7294.21335509692,-6844.62381607122,-449.589539025706
4381,1.72818502777349,0.702545940193926,0,0,0.025,0.0722937623141879,0,0.118844061207549,0.101459334513274,1,8,1.06748881901465,0,1,10,0,-7294.48099459796,-6844.87165294496,-449.609341653002
4386,1.72818502777349,0.702545940193926,0,0,0.025,0.0722937623141879,0,0.118844061207549,0.101459334513274,1,8,1.06748881901465,0,1,10,0,-7294.48099459796,-6844.87165294496,-449.609341653002
4391,1.72818502777349,0.702545940193926,0,0,0.025,0.0722937623141879,0,0.118844061207549,0.101459334513274,1,8,1.06748881901465,0,1,10,0,-7292.01520713708,-6843.89752036086,-448.117686776224
4396,1.72818502777349,0.702545940193926,0,0,0.025,0.0722937623141879,0,0.118844061207549,0.101459334513274,1,8,1.06748881901465,0,1,10,0,-7292.63203801651,-6844.38918809733,-448.242849919178
4401,1.72818502777349,0.702545940193926,0,0,0.025,0.0722937623141879,0,0.118844061207549,0.101459334513274,1,8,1.06748881901465,0,1,10,0,-7295.88410958936,-6848.83688523302,-447.04722435634
4406,1.72818502777349,0.702545940193926,0,0,0.025,0.0722937623141879,0,0.118844061207549,0.101459334513274,1,8,1.06748881901465,0,1,10,0,-7296.59284047753,-6851.66587965739,-444.92696082014
4411,1.72818502777349,0.702545940193926,0,0,0.025,0.0722937623141879,0,0.118844061207549,0.101459334513274,1,8,1.06748881901465,0,1,10,0,-7298.31385927794,-6851.44098830874,-446.872870969195
4416,1.72818502777349,0.702545940193926,0,0,0.025,0.0722937623141879,0,0.118844061207549,0.101459334513274,1,8,1.06748881901465,0,1,10,0,-7297.73932534629,-6850.08915207731,-447.650173268982
4421,1.72818502777349,0.702545940193926,0,0,0.025,0.0722937623141879,0,0.118844061207549,0.101459334513274,1,8,1.06748881901465,0,1,10,0,-7297.96048978601,-6850.6586232113,-447.301866574714
4426,1.72818502777349,0.702545940193926,0,0,0.025,0.0722937623141879,0,0.115891282552691,0.101459334513274,1,8,1.06748881901465,0,1,10,0,-7297.03886719544,-6852.60139689222,-444.437470303221
4431,1.69606354780858,0.702545940193926,0,0,0.025,0.0722937623141879,0,0.115891282552691,0.101459334513274,1,8,1.06748881901465,0,1,10,0,-7296.7335902507,-6852.52211656778,-444.211473682924
4436,1.69606354780858,0.702545940193926,0,0,0.025,0.0722937623141879,0,0.115891282552691,0.101459334513274,1,8,1.06748881901465,0,1,10,0,-7290.40042301859,-6843.71258244742,-446.687840571164
4441,1.69606354780858,0.702545940193926,0,0,0.025,0.0722937623141879,0,0.115891282552691,0.101459334513274,1,8,1.06748881901465,0,1,10,0,-7289.41367693953,-6843.62980661585,-445.783870323678
4446,1.69606354780858,0.702545940193926,0,0,0.025,0.0722937623141879,0,0.115891282552691,0.101459334513274,1,8,1.06748881901465,0,1,10,0,-7287.35464675528,-6845.48183230284,-441.87281445244
4451,1.69606354780858,0.713152149937441,0,0,0.025,0.0722937623141879,0,0.115891282552691,0.101459334513274,1,8,1.06748881901465,0,1,10,0,-7287.05527127039,-6845.18245681795,-441.87281445244
4456,1.69606354780858,0.713152149937441,0,0,0.025,0.0722937623141879,0,0.115891282552691,0.101459334513274,1,8,1.06748881901465,0,1,10,0,-7287.05527127039,-6845.18245681795,-441.87281445244
4461,1.69606354780858,0.713152149937441,0,0,0.025,0.0722937623141879,0,0.115355502426007,0.101459334513274,1,8,1.06748881901465,0,1,10,0,-7286.56945952466,-6844.09856300346,-442.470896521203
4466,1.69606354780858,0.713152149937441,0,0,0.025,0.0722937623141879,0,0.115355502426007,0.101459334513274,1,8,1.06748881901465,0,1,10,0,-7290.01482132894,-6845.39216260447,-444.622658724463
4471,1.69606354780858,0.713152149937441,0,0,0.025,0.0722937623141879,0,0.115355502426007,0.101459334513274,1,8,1.06748881901465,0,1,10,0,-7290.41415937122,-6845.43757673619,-444.976582635029
4476,1.70201617916745,0.713152149937441,0,0,0.025,0.0722937623141879,0,0.115355502426007,0.101459334513274,1,8,1.06748881901465,0,1,10,0,-7290.58634943323,-6845.6097667982,-444.976582635029
4481,1.70201617916745,0.713152149937441,0,0,0.025,0.0722937623141879,0,0.115355502426007,0.101459334513274,1,8,1.06748881901465,0,1,10,0,-7291.47325937676,-6849.15901390747,-442.314245469289
4486,1.70201617916745,0.713152149937441,0,0,0.025,0.0722937623141879,0,0.115355502426007,0.101459334513274,1,8,1.06748881901465,0,1,10,0,-7291.47325937676,-6849.15901390747,-442.314245469289
4491,1.70201617916745,0.713152149937441,0,0,0.025,0.0751605149322772,0,0.115355502426007,0.101459334513274,1,8,1.06748881901465,0,1,10,0,-7293.85004614064,-6849.60748628419,-444.242559856454
4496,1.70201617916745,0.713152149937441,0,0,0.025,0.0751605149322772,0,0.115355502426007,0.101459334513274,1,8,1.06748881901465,0,1,10,0,-7292.29692608816,-6849.69354611334,-442.603379974821
4501,1.70201617916745,0.713152149937441,0,0,0.025,0.0751605149322772,0,0.115355502426007,0.101459334513274,1,8,1.06748881901465,0,1,10,0,-7290.28024999995,-6849.64631067159,-440.633939328356
4506,1.70201617916745,0.713152149937441,0,0,0.025,0.0706773742876574,0,0.115355502426007,0.101459334513274,1,8,1.06748881901465,0,1,10,0,-7298.39832931564,-6853.54488228211,-444.853447033532
4511,1.69529051119444,0.713152149937441,0,0,0.025,0.0706773742876574,0,0.115355502426007,0.101362095194124,1,8,1.06748881901465,0,1,10,0,-7303.95310011712,-6857.37967329675,-446.573426820366
4516,1.69529051119444,0.713152149937441,0,0,0.025,0.0706773742876574,0,0.115355502426007,0.101362095194124,1,8,1.06748881901465,0,1,10,0,-7306.38571223443,-6857.88058509559,-448.505127138849
4521,1.69529051119444,0.713152149937441,0,0,0.025,0.0706773742876574,0,0.115355502426007,0.101362095194124,1,8,1.06748881901465,0,1,10,0,-7306.38571223443,-6857.88058509559,-448.505127138849
4526,1.69529051119444,0.713152149937441,0,0,0.025,0.0706773742876574,0,0.115355502426007,0.101362095194124,1,8,1.06748881901465,0,1,10,0,-7308.22091859829,-6857.58755975359,-450.633358844698
4531,1.69529051119444,0.713152149937441,0,0,0.025,0.0706773742876574,0,0.115355502426007,0.101362095194124,1,8,1.06748881901465,0,1,10,0,-7319.58462281214,-6864.7636314708,-454.820991341344
4536,1.69529051119444,0.713152149937441,0,0,0.025,0.0706773742876574,0,0.115355502426007,0.101362095194124,1,8,1.06748881901465,0,1,10,0,-7319.58462281214,-6864.7636314708,-454.820991341344
4541,1.69529051119444,0.713152149937441,0,0,0.025,0.0706773742876574,0,0.115355502426007,0.101362095194124,1,8,1.06748881901465,0,1,10,0,-7314.65492468417,-6860.99429734173,-453.660627342445
4546,1.69529051119444,0.713152149937441,0,0,0.025,0.0706773742876574,0,0.115355502426007,0.101362095194124,1,8,1.06748881901465,0,1,10,0,-7312.24128264556,-6861.69304405207,-450.548238593491
4551,1.69529051119444,0.707160949151125,0,0,0.025,0.0706773742876574,0,0.115355502426007,0.101362095194124,1,8,1.06748881901465,0,1,10,0,-7311.79646456556,-6861.0395297165,-450.756934849059
4556,1.69529051119444,0.707160949151125,0,0,0.025,0.0706773742876574,0,0.115355502426007,0.09643684764385,1,8,1.06748881901465,0,1,10,0,-7312.34727881209,-6861.59034396303,-450.756934849059
4561,1.69529051119444,0.707160949151125,0,0,0.025,0.0706773742876574,0,0.115355502426007,0.09643684764385,1,8,1.06748881901465,0,1,10,0,-7313.46353489628,-6862.3471923742,-451.116342522079
4566,1.69529051119444,0.707160949151125,0,0,0.025,0.0706773742876574,0,0.115355502426007,0.103569905169632,1,8,1.06748881901465,0,1,10,0,-7317.7000435229,-6867.10979409672,-450.590249426182
4571,1.69529051119444,0.707160949151125,0,0,0.025,0.0706773742876574,0,0.115393092343972,0.103569905169632,1,8,1.06748881901465,0,1,10,0,-7319.74561948197,-6867.07943114465,-452.666188337311
4576,1.69529051119444,0.707160949151125,0,0,0.025,0.0706773742876574,0,0.115393092343972,0.103569905169632,1,8,1.06748881901465,0,1,10,0,-7318.48562101161,-6863.23432585941,-455.251295152197
4581,1.69529051119444,0.707160949151125,0,0,0.025,0.0706773742876574,0,0.115393092343972,0.103569905169632,1,8,1.06748881901465,0,1,10,0,-7314.316885424,-6861.01335398951,-453.303531434493
4586,1.69529051119444,0.711623501512886,0,0,0.025,0.0675286593368105,0,0.115393092343972,0.103569905169632,1,8,1.06748881901465,0,1,10,0,-7312.98759646682,-6860.52559011363,-452.462006353191
4591,1.69529051119444,0.711623501512886,0,0,0.025,0.0675286593368105,0,0.115393092343972,0.103180411538292,1,8,1.06748881901465,0,1,10,0,-7316.22645001994,-6861.44943605375,-454.777013966184
4596,1.69529051119444,0.711623501512886,0,0,0.025,0.0675286593368105,0,0.115393092343972,0.103180411538292,1,8,1.06748881901465,0,1,10,0,-7316.01562177079,-6859.31679520713,-456.69882656366
4601,1.69529051119444,0.711623501512886,0,0,0.025,0.0675286593368105,0,0.115393092343972,0.103180411538292,1,8,1.06748881901465,0,1,10,0,-7307.99172114173,-6854.23733355724,-453.754387584494
4606,1.69529051119444,0.689062075070901,0,0,0.025,0.0675286593368105,0,0.115393092343972,0.103180411538292,1,8,1.06748881901465,0,1,10,0,-7314.24771408212,-6859.26948161915,-454.978232462971
4611,1.69529051119444,0.689062075070901,0,0,0.025,0.0675286593368105,0,0.115393092343972,0.103180411538292,1,8,1.06748881901465,0,1,10,0,-7311.92544527016,-6859.16211406811,-452.763331202047
4616,1.69529051119444,0.689062075070901,0,0,0.025,0.072259115544597,0,0.115393092343972,0.103180411538292,1,8,1.06748881901465,0,1,10,0,-7312.26618675756,-6859.50285555552,-452.763331202047
4621,1.69529051119444,0.689062075070901,0,0,0.025,0.072259115544597,0,0.115393092343972,0.103180411538292,1,8,1.06748881901465,0,1,10,0,-7313.77487539887,-6860.09135862069,-453.683516778182
4626,1.69529051119444,0.689062075070901,0,0,0.025,0.072259115544597,0,0.115393092343972,0.0898085884429683,1,8,1.06748881901465,0,1,10,0,-7313.78167025641,-6860.37114483527,-453.410525421141
4631,1.69529051119444,0.689062075070901,0,0,0.025,0.072259115544597,0,0.115393092343972,0.0898085884429683,1,8,1.06748881901465,0,1,10,0,-7309.30332592283,-6856.54772646943,-452.755599453401
4636,1.69529051119444,0.689062075070901,0,0,0.025,0.072259115544597,0,0.115393092343972,0.0898085884429683,1,8,1.06748881901465,0,1,10,0,-7312.36984764939,-6859.04287400857,-453.326973640824
4641,1.69529051119444,0.66099353980608,0,0,0.025,0.072259115544597,0,0.115393092343972,0.0898085884429683,1,8,1.06748881901465,0,1,10,0,-7311.41783757883,-6859.24556569333,-452.172271885505
4646,1.69529051119444,0.66099353980608,0,0,0.025,0.072259115544597,0,0.115393092343972,0.103432376228615,1,8,1.06748881901465,0,1,10,0,-7311.34787366632,-6859.09655857347,-452.251315092845
4651,1.69529051119444,0.66099353980608,0,0,0.025,0.0690450345741174,0,0.115393092343972,0.103432376228615,1,8,1.06748881901465,0,1,10,0,-7313.21520947676,-6862.54733931008,-450.667870166679
4656,1.69043114500036,0.66099353980608,0,0,0.025,0.0690450345741174,0,0.115393092343972,0.103432376228615,1,8,1.06748881901465,0,1,10,0,-7314.0674320983,-6863.57391531877,-450.493516779534
4661,1.69043114500036,0.66099353980608,0,0,0.025,0.0690450345741174,0,0.115393092343972,0.103432376228615,1,8,1.06748881901465,0,1,10,0,-7312.68523090669,-6862.82083166655,-449.864399240146
4666,1.69043114500036,0.66099353980608,0,0,0.025,0.0690450345741174,0,0.115393092343972,0.103432376228615,1,8,1.06748881901465,0,1,10,0,-7307.23144168104,-6859.51880464415,-447.712637036886
4671,1.69043114500036,0.66099353980608,0,0,0.025,0.0731164019345697,0,0.115393092343972,0.103432376228615,1,8,1.06748881901465,0,1,10,0,-7311.54460929983,-6862.08900295789,-449.455606341945
4676,1.73817986584313,0.603362773745926,0,0,0.025,0.0731164019345697,0,0.115393092343972,0.103432376228615,1,8,1.06748881901465,0,1,10,0,-7302.06739455792,-6855.4273943233,-446.640000234621
4681,1.73817986584313,0.603362773745926,0,0,0.025,0.0731164019345697,0,0.115393092343972,0.0953973588014733,1,8,1.06748881901465,0,1,10,0,-7303.88551634879,-6857.33512827286,-446.550388075932
4686,1.73817986584313,0.603362773745926,0,0,0.025,0.0731164019345697,0,0.115393092343972,0.0953973588014733,1,8,1.06748881901465,0,1,10,0,-7301.76251378226,-6855.54348284228,-446.219030939977
4691,1.73817986584313,0.603362773745926,0,0,0.025,0.0731164019345697,0,0.115393092343972,0.0953973588014733,1,8,1.06748881901465,0,1,10,0,-7301.76251378226,-6855.54348284228,-446.219030939977
4696,1.73817986584313,0.603362773745926,0,0,0.025,0.0731164019345697,0,0.115393092343972,0.0953973588014733,1,8,1.06748881901465,0,1,10,0,-7306.40678985877,-6860.159700966,-446.247088892772
4701,1.73817986584313,0.603362773745926,0,0,0.025,0.0731164019345697,0,0.115393092343972,0.0953973588014733,1,8,1.06748881901465,0,1,10,0,-7306.69339822919,-6863.21889805866,-443.474500170532
4706,1.73817986584313,0.603362773745926,0,0,0.025,0.0731164019345697,0,0.115393092343972,0.084721316541392,1,8,1.06748881901465,0,1,10,0,-7300.17552788167,-6859.43105681896,-440.744471062711
4711,1.73817986584313,0.603362773745926,0,0,0.025,0.0731164019345697,0,0.115393092343972,0.084721316541392,1,8,1.06748881901465,0,1,10,0,-7296.18416641741,-6855.87393385115,-440.310232566256
4716,1.73817986584313,0.603362773745926,0,0,0.025,0.0731164019345697,0,0.115750271327483,0.084721316541392,1,8,1.06748881901465,0,1,10,0,-7296.0099857572,-6855.69975319095,-440.310232566256
4721,1.73817986584313,0.603362773745926,0,0,0.025,0.0731164019345697,0,0.115750271327483,0.084721316541392,1,8,1.06748881901465,0,1,10,0,-7296.0099857572,-6855.69975319095,-440.310232566256
4726,1.73817986584313,0.603362773745926,0,0,0.025,0.0731164019345697,0,0.115750271327483,0.084721316541392,1,8,1.06748881901465,0,1,10,0,-7296.4599270433,-6856.41205874151,-440.047868301789
4731,1.74479917648656,0.603362773745926,0,0,0.025,0.0731164019345697,0,0.115750271327483,0.084721316541392,1,8,1.06748881901465,0,1,10,0,-7295.6162347619,-6856.12190320197,-439.49433155993
4736,1.74479917648656,0.603362773745926,0,0,0.025,0.0731164019345697,0,0.115750271327483,0.0895948590566806,1,8,1.06748881901465,0,1,10,0,-7294.01240146354,-6852.12017463081,-441.892226832728
4741,1.74479917648656,0.603362773745926,0,0,0.025,0.0731164019345697,0,0.115750271327483,0.0895948590566806,1,8,1.06748881901465,0,1,10,0,-7297.8992339123,-6854.90186024358,-442.997373668717
4746,1.74479917648656,0.593421773818426,0,0,0.025,0.0731164019345697,0,0.115750271327483,0.0919528558079078,1,8,1.06748881901465,0,1,10,0,-7305.81629984466,-6859.46592270018,-446.350377144471
4751,1.74479917648656,0.593421773818426,0,0,0.025,0.0731164019345697,0,0.115750271327483,0.0919528558079078,1,8,1.06748881901465,0,1,10,0,-7303.07147933013,-6852.02210513288,-451.04937419726
4756,1.74479917648656,0.593421773818426,0,0,0.025,0.0731164019345697,0,0.115750271327483,0.0919528558079078,1,8,1.06748881901465,0,1,10,0,-7298.80847286695,-6849.3328643653,-449.475608501648
4761,1.74479917648656,0.593421773818426,0,0,0.025,0.0731164019345697,0,0.115750271327483,0.0919528558079078,1,8,1.06748881901465,0,1,10,0,-7305.00660420987,-6850.92012750112,-454.086476708751
4766,1.74479917648656,0.593421773818426,0,0,0.025,0.0693729786377347,0,0.115750271327483,0.0919528558079078,1,8,1.06748881901465,0,1,10,0,-7303.75669995368,-6851.33051013926,-452.426189814425
4771,1.74479917648656,0.593421773818426,0,0,0.025,0.0693729786377347,0,0.115750271327483,0.0919528558079078,1,8,1.0463911304114,0,1,10,0,-7304.66358222999,-6850.79385407545,-453.869728154543
4776,1.74479917648656,0.593421773818426,0,0,0.025,0.0693729786377347,0,0.115750271327483,0.0919528558079078,1,8,1.0463911304114,0,1,10,0,-7302.69468113206,-6848.31606346278,-454.378617669282
4781,1.74479917648656,0.593421773818426,0,0,0.025,0.0693729786377347,0,0.115750271327483,0.0919528558079078,1,8,1.0463911304114,0,1,10,0,-7300.70778947197,-6849.14524563687,-451.562543835103
4786,1.74479917648656,0.593421773818426,0,0,0.025,0.0693729786377347,0,0.115750271327483,0.0919528558079078,1,8,1.0463911304114,0,1,10,0,-7302.07499120681,-6851.94153189792,-450.133459308886
4791,1.74479917648656,0.593421773818426,0,0,0.025,0.0693729786377347,0,0.115750271327483,0.0919528558079078,1,8,1.0463911304114,0,1,10,0,-7302.07499120681,-6851.94153189792,-450.133459308886
4796,1.74479917648656,0.593421773818426,0,0,0.025,0.0693729786377347,0,0.115750271327483,0.0939465584916904,1,8,1.0463911304114,0,1,10,0,-7296.32353725962,-6848.61044607938,-447.713091180235
4801,1.74906774617625,0.593421773818426,0,0,0.025,0.0693729786377347,0,0.115750271327483,0.0939465584916904,1,8,1.0463911304114,0,1,10,0,-7298.49144816106,-6851.03972174496,-447.451726416101
4806,1.74906774617625,0.593421773818426,0,0,0.025,0.0678133023531365,0,0.115750271327483,0.0939465584916904,1,8,1.0463911304114,0,1,10,0,-7299.2782712963,-6851.8265448802,-447.451726416101
4811,1.74906774617625,0.593421773818426,0,0,0.025,0.0678133023531365,0,0.115750271327483,0.0939465584916904,1,8,1.0463911304114,0,1,10,0,-7298.87275640999,-6851.64987156632,-447.222884843672
4816,1.74906774617625,0.593421773818426,0,0,0.025,0.0678133023531365,0,0.115750271327483,0.101997334416751,1,8,1.03849012469252,0,1,10,0,-7302.61908630076,-6852.93890561705,-449.680180683716
4821,1.74906774617625,0.593421773818426,0,0,0.025,0.0678133023531365,0,0.115750271327483,0.101997334416751,1,8,1.03849012469252,0,1,10,0,-7305.14969914351,-6855.3495156674,-449.800183476111
4826,1.74906774617625,0.593421773818426,0,0,0.025,0.0678133023531365,0,0.115750271327483,0.101997334416751,1,8,1.03849012469252,0,1,10,0,-7300.85340574167,-6851.17322505796,-449.680180683716
4831,1.74906774617625,0.593421773818426,0,0,0.025,0.0678133023531365,0,0.114585521124096,0.101997334416751,1,8,1.03849012469252,0,1,10,0,-7302.53999389907,-6853.82373199621,-448.716261902853
4836,1.72440872505134,0.593421773818426,0,0,0.025,0.0678133023531365,0,0.114585521124096,0.101997334416751,1,8,1.03849012469252,0,1,10,0,-7305.84766718935,-6853.34773231495,-452.499934874398
4841,1.72440872505134,0.593421773818426,0,0,0.025,0.0678133023531365,0,0.114585521124096,0.101997334416751,1,8,1.03849012469252,0,1,10,0,-7301.93630790289,-6850.25258030181,-451.683727601081
4846,1.72440872505134,0.593421773818426,0,0,0.025,0.0678133023531365,0,0.114585521124096,0.101997334416751,1,8,1.03849012469252,0,1,10,0,-7301.53129950752,-6850.02041471928,-451.510884788242
4851,1.72440872505134,0.593421773818426,0,0,0.025,0.0678133023531365,0,0.114585521124096,0.101997334416751,1,8,1.03849012469252,0,1,10,0,-7298.12035525046,-6846.98734761381,-451.133007636653
4856,1.72440872505134,0.593421773818426,0,0,0.025,0.0678133023531365,0,0.114585521124096,0.101997334416751,1,8,1.03849012469252,0,1,10,0,-7298.12035525046,-6846.98734761381,-451.133007636653
4861,1.72440872505134,0.593421773818426,0,0,0.025,0.0678133023531365,0,0.114585521124096,0.101997334416751,1,8,1.03849012469252,0,1,10,0,-7298.12035525046,-6846.98734761381,-451.133007636653
4866,1.72440872505134,0.593421773818426,0,0,0.025,0.0678133023531365,0,0.114585521124096,0.101997334416751,1,8,1.03849012469252,0,1,10,0,-7300.72028426551,-6848.29629244754,-452.423991817968
4871,1.72440872505134,0.593421773818426,0,0,0.025,0.0678133023531365,0,0.114585521124096,0.101997334416751,1,8,1.03849012469252,0,1,10,0,-7298.67095678532,-6847.19654167686,-451.47441510846
4876,1.72440872505134,0.593421773818426,0,0,0.025,0.0752264814363158,0,0.114585521124096,0.101997334416751,1,8,1.03849012469252,0,1,10,0,-7298.23576992167,-6848.23303675265,-450.002733169015
4881,1.72440872505134,0.593421773818426,0,0,0.025,0.0752264814363158,0,0.114585521124096,0.101997334416751,1,8,1.03849012469252,0,1,10,0,-7299.01456472436,-6847.1734005668,-451.841164157553
4886,1.72440872505134,0.593421773818426,0,0,0.025,0.072975747449783,0,0.114585521124096,0.101997334416751,1,8,1.03849012469252,0,1,10,0,-7302.89111900681,-6848.41089751965,-454.480221487168
4891,1.72440872505134,0.655261413647109,0,0,0.025,0.072975747449783,0,0.114585521124096,0.101997334416751,1,8,1.03849012469252,0,1,10,0,-7301.51761404616,-6849.2713145166,-452.246299529558
4896,1.72440872505134,0.655261413647109,0,0,0.025,0.072975747449783,0,0.114585521124096,0.102605607861511,1,8,1.03849012469252,0,1,10,0,-7293.92045810542,-6844.83930900137,-449.081149104046
4901,1.72440872505134,0.655261413647109,0,0,0.025,0.0799554644742213,0,0.114585521124096,0.102605607861511,1,8,1.03849012469252,0,1,10,0,-7293.16202504074,-6844.08087593669,-449.081149104046
4906,1.72440872505134,0.655261413647109,0,0,0.025,0.0799554644742213,0,0.114585521124096,0.102605607861511,1,8,1.03849012469252,0,1,10,0,-7293.1542149017,-6844.01025697403,-449.143957927677
4911,1.72440872505134,0.655261413647109,0,0,0.025,0.0799554644742213,0,0.114401789790859,0.102605607861511,1,8,1.03849012469252,0,1,10,0,-7287.32847973741,-6841.1193453302,-446.20913440721
4916,1.72440872505134,0.655261413647109,0,0,0.025,0.0799554644742213,0,0.114401789790859,0.102605607861511,1,8,1.03849012469252,0,1,10,0,-7288.67373500334,-6843.3721871535,-445.301547849842
4921,1.72440872505134,0.655261413647109,0,0,0.025,0.0799554644742213,0,0.114401789790859,0.102605607861511,1,8,1.03849012469252,0,1,10,0,-7287.79211203746,-6844.43647433667,-443.355637700787
4926,1.72440872505134,0.655261413647109,0,0,0.025,0.0799554644742213,0,0.114401789790859,0.102605607861511,1,8,1.03849012469252,0,1,10,0,-7287.79211203746,-6844.43647433667,-443.355637700787
4931,1.72440872505134,0.655261413647109,0,0,0.025,0.0833734576504825,0,0.114401789790859,0.102605607861511,1,8,1.03849012469252,0,1,10,0,-7289.62504592783,-6845.79798515114,-443.827060776687
4936,1.72440872505134,0.655261413647109,0,0,0.025,0.0833734576504825,0,0.114401789790859,0.102605607861511,1,8,1.03849012469252,0,1,10,0,-7290.38404952265,-6848.10104862413,-442.283000898522
4941,1.72440872505134,0.655261413647109,0,0,0.025,0.0833734576504825,0,0.114401789790859,0.102605607861511,1,8,1.03849012469252,0,1,10,0,-7291.84169999077,-6849.02013671351,-442.82156327726
4946,1.72440872505134,0.655261413647109,0,0,0.025,0.072675835715383,0,0.114401789790859,0.102605607861511,1,8,1.03849012469252,0,1,10,0,-7287.58692293123,-6848.33997354687,-439.246949384356
4951,1.72440872505134,0.655261413647109,0,0,0.025,0.072675835715383,0,0.114401789790859,0.102605607861511,1,8,1.03849012469252,0,1,10,0,-7288.27418482936,-6849.61478115117,-438.659403678188
4956,1.72440872505134,0.674599611798965,0,0,0.025,0.0905679281122346,0,0.114401789790859,0.102605607861511,1,8,1.03849012469252,0,1,10,0,-7288.86259563442,-6850.05061236864,-438.811983265783
4961,1.72440872505134,0.674599611798965,0,0,0.025,0.0905679281122346,0,0.114401789790859,0.0879915367331283,1,8,1.03849012469252,0,1,10,0,-7285.18893704892,-6847.94614129295,-437.24279575597
4966,1.72440872505134,0.674599611798965,0,0,0.025,0.0905679281122346,0,0.114401789790859,0.0879915367331283,1,8,1.03849012469252,0,1,10,0,-7285.82529688594,-6845.49145867661,-440.333838209329
4971,1.72440872505134,0.674599611798965,0,0,0.025,0.0905679281122346,0,0.114401789790859,0.0879915367331283,1,8,1.03849012469252,0,1,10,0,-7283.56448057305,-6844.31456393698,-439.24991663607
4976,1.72440872505134,0.674599611798965,0,0,0.025,0.0905679281122346,0,0.114401789790859,0.0879915367331283,1,8,1.03849012469252,0,1,10,0,-7283.56448057305,-6844.31456393698,-439.24991663607
4981,1.72440872505134,0.682968051134947,0,0,0.025,0.0905679281122346,0,0.114401789790859,0.0879915367331283,1,8,1.03849012469252,0,1,10,0,-7285.5499231764,-6845.06193428725,-440.487988889156
4986,1.72440872505134,0.682968051134947,0,0,0.025,0.0905679281122346,0,0.114401789790859,0.0879915367331283,1,8,1.04838497336633,0,1,10,0,-7282.86739493217,-6843.80212814266,-439.065266789517
4991,1.72440872505134,0.682968051134947,0,0,0.025,0.092596624225213,0,0.114401789790859,0.0879915367331283,1,8,1.04838497336633,0,1,10,0,-7291.31380498533,-6852.53767753926,-438.776127446067
4996,1.72440872505134,0.682968051134947,0,0,0.025,0.092596624225213,0,0.114401789790859,0.0879915367331283,1,8,1.04838497336633,0,1,10,0,-7291.15814468671,-6853.52714954494,-437.630995141764
5001,1.72440872505134,0.789317771582424,0,0,0.025,0.100695855262256,0,0.114401789790859,0.0879915367331283,1,8,1.04838497336633,0,1,10,0,-7292.50012773751,-6854.86913259575,-437.630995141764
5006,1.75333879723638,0.789317771582424,0,0,0.025,0.100695855262256,0,0.114401789790859,0.0925014485911644,1,8,1.04838497336633,0,1,10,0,-7294.43558213934,-6854.08030560154,-440.355276537795
5011,1.75333879723638,0.808975923232183,0,0,0.025,0.100695855262256,0,0.114401789790859,0.0925014485911644,1,8,1.04838497336633,0,1,10,0,-7293.57490971389,-6851.30724571908,-442.267663994812
5016,1.75333879723638,0.808975923232183,0,0,0.025,0.100695855262256,0,0.114401789790859,0.0913086886024056,1,8,1.04838497336633,0,1,10,0,-7296.18610451687,-6851.79020881621,-444.395895700661
5021,1.75333879723638,0.808975923232183,0,0,0.025,0.100695855262256,0,0.114401789790859,0.0913086886024056,1,8,1.04838497336633,0,1,10,0,-7296.18610451687,-6851.79020881621,-444.395895700661
5026,1.75333879723638,0.808975923232183,0,0,0.025,0.100695855262256,0,0.114401789790859,0.0913086886024056,1,8,1.04838497336633,0,1,10,0,-7294.95175635338,-6852.50177080177,-442.449985551606
5031,1.75333879723638,0.808975923232183,0,0,0.025,0.0992485154817484,0,0.114401789790859,0.107436560929723,1,8,1.04838497336633,0,1,10,0,-7294.27652336856,-6849.83022489381,-444.446298474746
5036,1.75333879723638,0.808975923232183,0,0,0.025,0.0992485154817484,0,0.114401789790859,0.107436560929723,1,8,1.04838497336633,0,1,10,0,-7296.0052915875,-6852.53210031967,-443.473191267828
5041,1.75333879723638,0.808975923232183,0,0,0.025,0.0992485154817484,0,0.114401789790859,0.0910670678190103,1,8,1.04838497336633,0,1,10,0,-7291.44313188185,-6851.95388752959,-439.489244352261
5046,1.75333879723638,0.666943130111934,0,0,0.025,0.0992485154817484,0,0.114401789790859,0.0910670678190103,1,8,1.04838497336633,0,1,10,0,-7293.0327197542,-6853.81280833572,-439.219911418477
5051,1.75333879723638,0.666943130111934,0,0,0.025,0.0992485154817484,0,0.114401789790859,0.0924048644516992,1,8,1.04838497336633,0,1,10,0,-7293.92625808988,-6852.91024880058,-441.016009289304
5056,1.75333879723638,0.666943130111934,0,0,0.025,0.0992485154817484,0,0.114401789790859,0.0924048644516992,1,8,1.04838497336633,0,1,10,0,-7292.59283269786,-6852.48915373921,-440.103678958646
5061,1.75333879723638,0.666943130111934,0,0,0.025,0.0992485154817484,0,0.114401789790859,0.0924048644516992,1,8,1.04838497336633,0,1,10,0,-7291.79474232334,-6852.82132527521,-438.973417048129
5066,1.75333879723638,0.666943130111934,0,0,0.025,0.0840209835478653,0,0.114401789790859,0.0924048644516992,1,8,1.04838497336633,0,1,10,0,-7290.58183386461,-6850.02574914512,-440.556084719499
5071,1.75333879723638,0.666943130111934,0,0,0.025,0.0840209835478653,0,0.114401789790859,0.0924048644516992,1,8,1.04838497336633,0,1,10,0,-7290.71369953232,-6851.80772376499,-438.905975767334
5076,1.75333879723638,0.666943130111934,0,0,0.025,0.0840209835478653,0,0.114401789790859,0.0924048644516992,1,8,1.04838497336633,0,1,10,0,-7294.57726197232,-6855.99948253231,-438.577779440016
5081,1.75333879723638,0.666943130111934,0,0,0.025,0.082826388257328,0,0.114401789790859,0.0924048644516992,1,8,1.04838497336633,0,1,10,0,-7294.87760769529,-6856.89533696627,-437.98227072902
5086,1.75333879723638,0.666943130111934,0,0,0.025,0.082826388257328,0,0.114401789790859,0.103880466380717,1,8,1.04838497336633,0,1,10,0,-7294.23361528166,-6859.69409093721,-434.539524344445
5091,1.75333879723638,0.666943130111934,0,0,0.025,0.082826388257328,0,0.114401789790859,0.103880466380717,1,8,1.04838497336633,0,1,10,0,-7293.7720261781,-6859.52018390611,-434.251842271993
5096,1.75333879723638,0.666943130111934,0,0,0.025,0.082826388257328,0,0.114401789790859,0.103880466380717,1,8,1.04838497336633,0,1,10,0,-7296.54512903015,-6860.27838373762,-436.266745292536
5101,1.75333879723638,0.668489171361795,0,0,0.025,0.082826388257328,0,0.114401789790859,0.103880466380717,1,8,1.04838497336633,0,1,10,0,-7296.20939645206,-6857.93717327944,-438.272223172618
5106,1.75333879723638,0.668489171361795,0,0,0.025,0.082826388257328,0,0.114401789790859,0.113158364266377,1,8,1.04838497336633,0,1,10,0,-7293.93161672006,-6855.02407345343,-438.907543266629
5111,1.75333879723638,0.668489171361795,0,0,0.025,0.0771967851108171,0,0.114401789790859,0.113158364266377,1,8,1.04838497336633,0,1,10,0,-7288.85397551631,-6853.316707721,-435.537267795305
5116,1.75333879723638,0.668489171361795,0,0,0.025,0.0771967851108171,0,0.114401789790859,0.113158364266377,1,8,1.04838497336633,0,1,10,0,-7288.85397551631,-6853.316707721,-435.537267795305
5121,1.75333879723638,0.668489171361795,0,0,0.025,0.0771967851108171,0,0.115394873398012,0.0936136401898689,1,8,1.04838497336633,0,1,10,0,-7290.9098343228,-6855.84037476618,-435.069459556623
5126,1.75333879723638,0.593841594553836,0,0,0.025,0.0771967851108171,0,0.115394873398012,0.0936136401898689,1,8,1.04838497336633,0,1,10,0,-7293.55004031422,-6855.93369480002,-437.616345514196
5131,1.75333879723638,0.593841594553836,0,0,0.025,0.0771967851108171,0,0.115394873398012,0.0936136401898689,1,8,1.04838497336633,0,1,10,0,-7294.70887481624,-6856.89837328761,-437.810501528637
5136,1.75333879723638,0.566643283694107,0,0,0.025,0.0771967851108171,0,0.115394873398012,0.0936136401898689,1,8,1.04838497336633,0,1,10,0,-7296.11312820102,-6858.30262667238,-437.810501528637
5141,1.75333879723638,0.566643283694107,0,0,0.025,0.0771967851108171,0,0.115394873398012,0.0936136401898689,1,8,1.04838497336633,0,1,10,0,-7296.37563125702,-6860.98549785704,-435.390133399986
5146,1.75333879723638,0.566643283694107,0,0,0.025,0.0771967851108171,0,0.115394873398012,0.0936136401898689,1,8,1.04838497336633,0,1,10,0,-7298.93955491836,-6862.10091397276,-436.838640945608
5151,1.75333879723638,0.566643283694107,0,0,0.025,0.0771967851108171,0,0.115394873398012,0.0951399870888569,1,8,1.04838497336633,0,1,10,0,-7299.58753022001,-6861.63192784706,-437.955602372944
5156,1.75333879723638,0.566643283694107,0,0,0.025,0.0771967851108171,0,0.115394873398012,0.0951399870888569,1,8,1.04838497336633,0,1,10,0,-7299.58753022001,-6861.63192784706,-437.955602372944
5161,1.75333879723638,0.566643283694107,0,0,0.025,0.0771967851108171,0,0.115394873398012,0.0951399870888569,1,8,1.04838497336633,0,1,10,0,-7297.40031041446,-6860.6714955236,-436.728814890852
5166,1.75333879723638,0.566643283694107,0,0,0.025,0.0771967851108171,0,0.115394873398012,0.0951399870888569,1,8,1.04838497336633,0,1,10,0,-7295.24282333372,-6859.96490141948,-435.277921914246
5171,1.75333879723638,0.566643283694107,0,0,0.025,0.0771967851108171,0,0.115394873398012,0.0951399870888569,1,8,1.04838497336633,0,1,10,0,-7292.69004720805,-6854.37310514543,-438.316942062614
5176,1.75333879723638,0.566643283694107,0,0,0.025,0.0771967851108171,0,0.115394873398012,0.0951399870888569,1,8,1.04838497336633,0,1,10,0,-7296.86165603709,-6859.29848577685,-437.563170260238
5181,1.75333879723638,0.713751564260293,0,0,0.025,0.0771967851108171,0,0.115394873398012,0.0951399870888569,1,8,1.04838497336633,0,1,10,0,-7296.81263962725,-6859.58990200485,-437.2227376224
5186,1.75333879723638,0.713751564260293,0,0,0.025,0.0771967851108171,0,0.115394873398012,0.0951399870888569,1,8,1.04838497336633,0,1,10,0,-7297.20362891012,-6858.31535590866,-438.888273001454
5191,1.75333879723638,0.676279830949869,0,0,0.025,0.0771967851108171,0,0.115394873398012,0.0951399870888569,1,8,1.04838497336633,0,1,10,0,-7293.36487448265,-6855.99413745323,-437.370737029422
5196,1.75333879723638,0.676279830949869,0,0,0.025,0.0771967851108171,0,0.115394873398012,0.0951399870888569,1,8,1.04838497336633,0,1,10,0,-7293.08039775751,-6855.56952078533,-437.510876972179
5201,1.75333879723638,0.676279830949869,0,0,0.025,0.0753285699270889,0,0.115394873398012,0.0951399870888569,1,8,1.04838497336633,0,1,10,0,-7295.59171469269,-6856.96499376187,-438.626720930819
5206,1.75333879723638,0.676279830949869,0,0,0.025,0.0753285699270889,0,0.115394873398012,0.0951399870888569,1,8,1.04838497336633,0,1,10,0,-7295.59171469269,-6856.96499376187,-438.626720930819
5211,1.75333879723638,0.676279830949869,0,0,0.025,0.0753285699270889,0,0.115394873398012,0.104448867889834,1,8,1.04838497336633,0,1,10,0,-7295.72668687582,-6858.07182652803,-437.65486034779
5216,1.75333879723638,0.676279830949869,0,0,0.025,0.0753285699270889,0,0.115394873398012,0.104448867889834,1,8,1.04838497336633,0,1,10,0,-7299.7404077981,-6860.13436024415,-439.606047553947
5221,1.75333879723638,0.676279830949869,0,0,0.025,0.0753285699270889,0,0.115394873398012,0.104448867889834,1,8,1.04838497336633,0,1,10,0,-7295.02978237314,-6857.92424240942,-437.105539963716
5226,1.75333879723638,0.676279830949869,0,0,0.025,0.073137293199576,0,0.115232755254998,0.104448867889834,1,8,1.04838497336633,0,1,10,0,-7293.66470967004,-6857.42558860816,-436.239121061882
5231,1.75333879723638,0.676279830949869,0,0,0.025,0.073137293199576,0,0.115232755254998,0.104448867889834,1,8,1.04838497336633,0,1,10,0,-7291.72220909876,-6856.56578740061,-435.156421698152
5236,1.75333879723638,0.676279830949869,0,0,0.025,0.0743358752105574,0,0.115232755254998,0.104448867889834,1,8,1.04838497336633,0,1,10,0,-7291.69712242907,-6855.51297043731,-436.184151991761
5241,1.75333879723638,0.676279830949869,0,0,0.025,0.0743358752105574,0,0.115232755254998,0.104448867889834,1,8,1.04838497336633,0,1,10,0,-7291.69712242907,-6855.51297043731,-436.184151991761
5246,1.75333879723638,0.676279830949869,0,0,0.025,0.0743358752105574,0,0.115232755254998,0.104448867889834,1,8,1.04838497336633,0,1,10,0,-7292.95027560399,-6857.00831535852,-435.941960245476
5251,1.75333879723638,0.676279830949869,0,0,0.025,0.0743358752105574,0,0.115232755254998,0.104448867889834,1,8,1.04838497336633,0,1,10,0,-7292.86098059206,-6855.95448013722,-436.906500454834
5256,1.75333879723638,0.676279830949869,0,0,0.025,0.077185665653111,0,0.115232755254998,0.110364542359475,1,8,1.04838497336633,0,1,10,0,-7294.65307741915,-6857.74657696431,-436.906500454834
5261,1.78088554769145,0.676279830949869,0,0,0.025,0.077185665653111,0,0.115232755254998,0.110364542359475,1,8,1.04838497336633,0,1,10,0,-7292.89521143093,-6853.56834284745,-439.326868583485
5266,1.78088554769145,0.676279830949869,0,0,0.025,0.077185665653111,0,0.115232755254998,0.110364542359475,1,8,1.04838497336633,0,1,10,0,-7294.95755084996,-6854.54549299814,-440.41205785182
5271,1.78088554769145,0.676279830949869,0,0,0.025,0.077185665653111,0,0.115232755254998,0.110364542359475,1,8,1.04838497336633,0,1,10,0,-7295.8617602397,-6856.35367263537,-439.508087604334
5276,1.78088554769145,0.676279830949869,0,0,0.025,0.077185665653111,0,0.115232755254998,0.110364542359475,1,8,1.04838497336633,0,1,10,0,-7292.22199684144,-6854.84214094296,-437.379855898485
5281,1.78088554769145,0.575619462850927,0,0,0.025,0.077185665653111,0,0.115232755254998,0.110364542359475,1,8,1.04838497336633,0,1,10,0,-7295.99519063334,-6854.70331172943,-441.291878903913
5286,1.78088554769145,0.575619462850927,0,0,0.025,0.077185665653111,0,0.115232755254998,0.0923566789814786,1,8,1.04838497336633,0,1,10,0,-7292.61151706165,-6854.28516263801,-438.326354423638
5291,1.78088554769145,0.575619462850927,0,0,0.025,0.077185665653111,0,0.115232755254998,0.101080006124277,1,8,1.04838497336633,0,1,10,0,-7294.95614468781,-6854.61488724363,-440.34125744418
5296,1.78088554769145,0.575619462850927,0,0,0.025,0.077185665653111,0,0.115232755254998,0.101080006124277,1,8,1.04838497336633,0,1,10,0,-7290.08403322869,-6853.65479878994,-436.429234438752
5301,1.78088554769145,0.575619462850927,0,0,0.025,0.077185665653111,0,0.115232755254998,0.101080006124277,1,8,1.04838497336633,0,1,10,0,-7290.08403322869,-6853.65479878994,-436.429234438752
5306,1.78088554769145,0.575619462850927,0,0,0.025,0.077185665653111,0,0.115232755254998,0.101080006124277,1,8,1.04838497336633,0,1,10,0,-7293.9799886021,-6854.60631518418,-439.373673417918
5311,1.78088554769145,0.575619462850927,0,0,0.025,0.077185665653111,0,0.115232755254998,0.0946678208491693,1,8,1.04838497336633,0,1,10,0,-7289.7975255009,-6853.36829106215,-436.429234438752
5316,1.78088554769145,0.575619462850927,0,0,0.025,0.0705175202238605,0,0.116043313721249,0.0946678208491693,1,8,1.04838497336633,0,1,10,0,-7287.44719943843,-6854.36410260416,-433.083096834273
5321,1.78088554769145,0.575619462850927,0,0,0.025,0.0705175202238605,0,0.116043313721249,0.0946678208491693,1,8,1.04838497336633,0,1,10,0,-7287.44719943843,-6854.36410260416,-433.083096834273
5326,1.78088554769145,0.575619462850927,0,0,0.025,0.0705175202238605,0,0.116043313721249,0.0946678208491693,1,8,1.04838497336633,0,1,10,0,-7289.71087431352,-6853.45599326191,-436.254881051607
5331,1.78088554769145,0.575619462850927,0,0,0.025,0.0705175202238605,0,0.116043313721249,0.0922708470494985,1,8,1.04838497336633,0,1,10,0,-7290.85628434568,-6854.64174475926,-436.214539586418
5336,1.78088554769145,0.575619462850927,0,0,0.025,0.0677625912758763,0,0.116043313721249,0.0922708470494985,1,8,1.04838497336633,0,1,10,0,-7292.48027174882,-6856.2657321624,-436.214539586418
5341,1.78088554769145,0.575619462850927,0,0,0.025,0.0677625912758763,0,0.116043313721249,0.0922708470494985,1,8,1.04838497336633,0,1,10,0,-7294.49032344979,-6855.49136068349,-438.998962766304
5346,1.78088554769145,0.575619462850927,0,0,0.025,0.0677625912758763,0,0.116043313721249,0.0922708470494985,1,8,1.04838497336633,0,1,10,0,-7294.49032344979,-6855.49136068349,-438.998962766304
5351,1.78088554769145,0.575619462850927,0,0,0.025,0.0677625912758763,0,0.116043313721249,0.0922708470494985,1,8,1.04838497336633,0,1,10,0,-7296.24518011369,-6856.02244191576,-440.222738197927
5356,1.78088554769145,0.575619462850927,0,0,0.025,0.0677625912758763,0,0.118842929128747,0.0922708470494985,1,8,1.04838497336633,0,1,10,0,-7293.31376939604,-6855.14288992517,-438.170879470862
5361,1.78088554769145,0.568936101967514,0,0,0.025,0.0677625912758763,0,0.118842929128747,0.0922708470494985,1,8,1.04838497336633,0,1,10,0,-7293.10541446003,-6855.27100722579,-437.834407234241
5366,1.78088554769145,0.568936101967514,0,0,0.025,0.0677625912758763,0,0.118842929128747,0.0922708470494985,1,8,1.04838497336633,0,1,10,0,-7293.10541446003,-6855.27100722579,-437.834407234241
5371,1.78088554769145,0.56902193285019,0,0,0.025,0.0677625912758763,0,0.118842929128747,0.0922708470494985,1,8,1.04838497336633,0,1,10,0,-7292.6918857864,-6855.72125124975,-436.97063453665
5376,1.78088554769145,0.56902193285019,0,0,0.025,0.0677625912758763,0,0.118842929128747,0.0922708470494985,1,8,1.04838497336633,0,1,10,0,-7292.6918857864,-6855.72125124975,-436.97063453665
5381,1.78088554769145,0.56902193285019,0,0,0.025,0.0677625912758763,0,0.118842929128747,0.0922708470494985,1,8,1.04838497336633,0,1,10,0,-7298.51091176291,-6855.95678091748,-442.554130845432
5386,1.78088554769145,0.576305093473417,0,0,0.025,0.0677625912758763,0,0.118842929128747,0.0922708470494985,1,8,1.04838497336633,0,1,10,0,-7294.29730500081,-6855.45486828726,-438.842436713552
5391,1.78088554769145,0.576305093473417,0,0,0.025,0.0677625912758763,0,0.117258782316474,0.0922708470494985,1,8,1.04838497336633,0,1,10,0,-7293.94713396246,-6855.10469724891,-438.842436713552
5396,1.78088554769145,0.576305093473417,0,0,0.025,0.0676649755872201,0,0.117258782316474,0.0922708470494985,1,8,1.04838497336633,0,1,10,0,-7293.27011459583,-6855.30687448975,-437.963240106084
5401,1.78088554769145,0.576305093473417,0,0,0.025,0.0676649755872201,0,0.117258782316474,0.0921080946472344,1,8,1.04838497336633,0,1,10,0,-7290.2330763965,-6850.8918178386,-439.3412585579
5406,1.78088554769145,0.576305093473417,0,0,0.025,0.0742595028524347,0,0.117258782316474,0.0921080946472344,1,8,1.04838497336633,0,1,10,0,-7287.89024772484,-6849.7518803054,-438.138367419444
5411,1.78088554769145,0.576305093473417,0,0,0.025,0.0742595028524347,0,0.117258782316474,0.0921080946472344,1,8,1.04838497336633,0,1,10,0,-7286.01525252743,-6849.82279525704,-436.192457270389
5416,1.78088554769145,0.532753373270115,0,0,0.025,0.0742595028524347,0,0.117258782316474,0.0921080946472344,1,8,1.04838497336633,0,1,10,0,-7292.4900134828,-6851.35751507117,-441.132498411631
5421,1.8007280038123,0.532753373270115,0,0,0.025,0.0742595028524347,0,0.117258782316474,0.0890521594130769,1,8,1.04838497336633,0,1,10,0,-7284.87613273675,-6845.68954447417,-439.186588262576
5426,1.8007280038123,0.532753373270115,0,0,0.025,0.0742595028524347,0,0.117258782316474,0.0891609137898372,1,8,1.04838497336633,0,1,10,0,-7284.36625313101,-6846.54866773244,-437.817585398566
5431,1.8007280038123,0.526651124614843,0,0,0.025,0.0742595028524347,0,0.117258782316474,0.0891609137898372,1,8,1.04838497336633,0,1,10,0,-7291.28045331153,-6853.34117097799,-437.939282333544
5436,1.8007280038123,0.526651124614843,0,0,0.025,0.0742595028524347,0,0.117258782316474,0.0891609137898372,1,8,1.04838497336633,0,1,10,0,-7292.22454923288,-6854.10864336366,-438.115905869223
5441,1.8007280038123,0.526651124614843,0,0,0.025,0.0742595028524347,0,0.117258782316474,0.0891609137898372,1,8,1.04838497336633,0,1,10,0,-7298.8872144163,-6860.72478853145,-438.162425884858
5446,1.8007280038123,0.526651124614843,0,0,0.025,0.0742595028524347,0,0.117258782316474,0.0891609137898372,1,8,1.04838497336633,0,1,10,0,-7301.18917850615,-6859.95691237558,-441.232266130566
5451,1.8007280038123,0.572596619525261,0,0,0.025,0.0742595028524347,0,0.117258782316474,0.0891609137898372,1,8,1.04838497336633,0,1,10,0,-7297.5557897145,-6860.23982314612,-437.31596656837
5456,1.8007280038123,0.572596619525261,0,0,0.025,0.0742595028524347,0,0.117258782316474,0.0891609137898372,1,8,1.04838497336633,0,1,10,0,-7302.78891142531,-6861.73706254923,-441.05184887608
5461,1.8007280038123,0.572596619525261,0,0,0.025,0.0742595028524347,0,0.117258782316474,0.0891609137898372,1,8,1.04838497336633,0,1,10,0,-7303.36312329883,-6863.08333191145,-440.279791387375
5466,1.7598446154264,0.572596619525261,0,0,0.025,0.0742595028524347,0,0.117258782316474,0.0835562906194981,1,8,1.04838497336633,0,1,10,0,-7298.65363289067,-6860.38874452383,-438.264888366833
5471,1.7598446154264,0.572596619525261,0,0,0.025,0.0742595028524347,0,0.117258782316474,0.0835562906194981,1,8,1.04838497336633,0,1,10,0,-7294.66883985773,-6859.57980993069,-435.089029927049
5476,1.7598446154264,0.5645073447741,0,0,0.025,0.0742595028524347,0,0.117258782316474,0.0835562906194981,1,8,1.04838497336633,0,1,10,0,-7301.81562994656,-6863.05362834844,-438.762001598128
5481,1.7598446154264,0.5645073447741,0,0,0.025,0.0742595028524347,0,0.117258782316474,0.0799508022318109,1,8,1.04838497336633,0,1,10,0,-7301.19367358045,-6862.43167198232,-438.762001598128
5486,1.7598446154264,0.5645073447741,0,0,0.025,0.0742595028524347,0,0.117258782316474,0.0799508022318109,1,8,1.04838497336633,0,1,10,0,-7302.85323750178,-6863.83035202436,-439.022885477425
5491,1.7598446154264,0.5645073447741,0,0,0.025,0.0742595028524347,0,0.117258782316474,0.0799508022318109,1,8,1.04838497336633,0,1,10,0,-7303.24500673493,-6862.76023853906,-440.484768195869
5496,1.7598446154264,0.5645073447741,0,0,0.025,0.0742595028524347,0,0.117258782316474,0.0799508022318109,1,8,1.04838497336633,0,1,10,0,-7303.24500673493,-6862.76023853906,-440.484768195869
5501,1.74877923257202,0.5645073447741,0,0,0.025,0.0742595028524347,0,0.117258782316474,0.0769982231842727,1,8,1.04838497336633,0,1,10,0,-7302.34677436528,-6864.38391377562,-437.962860589666
5506,1.74877923257202,0.5645073447741,0,0,0.025,0.0742595028524347,0,0.117258782316474,0.0769982231842727,1,8,1.04838497336633,0,1,10,0,-7308.35428262734,-6865.43208003796,-442.922202589375
5511,1.74877923257202,0.5645073447741,0,0,0.025,0.0742595028524347,0,0.117258782316474,0.0769982231842727,1,8,1.04838497336633,0,1,10,0,-7308.20025683802,-6861.95096483913,-446.249291998883
5516,1.74877923257202,0.5645073447741,0,0,0.025,0.0742595028524347,0,0.117258782316474,0.0769982231842727,1,8,1.04838497336633,0,1,10,0,-7308.20025683802,-6861.95096483913,-446.249291998883
5521,1.74877923257202,0.572423871611648,0,0,0.025,0.0742595028524347,0,0.117258782316474,0.0769982231842727,1,8,1.04838497336633,0,1,10,0,-7304.80649000473,-6859.64452265368,-445.161967351045
5526,1.74877923257202,0.572423871611648,0,0,0.025,0.0742595028524347,0,0.117258782316474,0.0769982231842727,1,8,1.04838497336633,0,1,10,0,-7306.10880803338,-6861.34456273617,-444.764245297213
5531,1.75053091597085,0.572423871611648,0,0,0.025,0.0742595028524347,0,0.117258782316474,0.0769982231842727,1,8,1.04838497336633,0,1,10,0,-7315.90925503796,-6873.3075804796,-442.601674558363
5536,1.75053091597085,0.572423871611648,0,0,0.025,0.0742595028524347,0,0.117258782316474,0.0769982231842727,1,8,1.04838497336633,0,1,10,0,-7311.98024709601,-6870.51198137825,-441.468265717756
5541,1.75053091597085,0.572423871611648,0,0,0.025,0.0742595028524347,0,0.114794921114097,0.0769982231842727,1,8,1.04838497336633,0,1,10,0,-7301.91063321576,-6864.26007982396,-437.650553391799
5546,1.75053091597085,0.572423871611648,0,0,0.025,0.0742595028524347,0,0.114794921114097,0.0769982231842727,1,8,1.04838497336633,0,1,10,0,-7302.34625340152,-6862.51649393789,-439.829759463633
5551,1.75053091597085,0.572423871611648,0,0,0.025,0.0742595028524347,0,0.114794921114097,0.0769982231842727,1,8,1.04838497336633,0,1,10,0,-7301.28906007355,-6859.99646617167,-441.292593901875
5556,1.75053091597085,0.572423871611648,0,0,0.025,0.0742595028524347,0,0.114794921114097,0.0760051222524266,1,8,1.04838497336633,0,1,10,0,-7298.10397188446,-6860.72340098801,-437.380570896447
5561,1.75053091597085,0.572423871611648,0,0,0.025,0.0725327087101465,0,0.114794921114097,0.0760051222524266,1,8,1.04838497336633,0,1,10,0,-7300.24078660893,-6861.97802442936,-438.262762179561
5566,1.75053091597085,0.572423871611648,0,0,0.025,0.0725327087101465,0,0.114794921114097,0.0760051222524266,1,8,1.04838497336633,0,1,10,0,-7290.96708387999,-6857.67333301103,-433.293750868961
5571,1.75053091597085,0.572423871611648,0,0,0.025,0.0725327087101465,0,0.114794921114097,0.0760051222524266,1,8,1.04838497336633,0,1,10,0,-7296.38194215797,-6862.16620253602,-434.21573962195
5576,1.75053091597085,0.572423871611648,0,0,0.025,0.0725327087101465,0,0.114794921114097,0.0760051222524266,1,8,1.04838497336633,0,1,10,0,-7300.02152505511,-6864.0628161281,-435.958708927008
5581,1.75053091597085,0.572423871611648,0,0,0.025,0.0725327087101465,0,0.114794921114097,0.0760051222524266,1,8,1.04838497336633,0,1,10,0,-7299.33017555597,-6862.7742548236,-436.55592073237
5586,1.74611329531423,0.572423871611648,0,0,0.025,0.0725327087101465,0,0.114794921114097,0.0760051222524266,1,8,1.04838497336633,0,1,10,0,-7301.07310896318,-6864.07535547853,-436.997753484649
5591,1.74611329531423,0.572423871611648,0,0,0.025,0.0725327087101465,0,0.114794921114097,0.0763634651575469,1,8,1.04838497336633,0,1,10,0,-7300.1687987552,-6865.59141339921,-434.577385355999
5596,1.74611329531423,0.572423871611648,0,0,0.025,0.0725327087101465,0,0.114794921114097,0.0763634651575469,1,8,1.04838497336633,0,1,10,0,-7302.97350309638,-6867.7070438852,-435.266459211171
5601,1.74611329531423,0.569363992960494,0,0,0.025,0.0725327087101465,0,0.114794921114097,0.0729000096034307,1,8,1.04838497336633,0,1,10,0,-7298.05137911952,-6864.6159907978,-433.435388321728
5606,1.74611329531423,0.569363992960494,0,0,0.025,0.0725327087101465,0,0.114794921114097,0.0729000096034307,1,8,1.04838497336633,0,1,10,0,-7299.65541324525,-6863.82212965073,-435.833283594526
5611,1.74611329531423,0.569363992960494,0,0,0.025,0.0725327087101465,0,0.114794921114097,0.0729000096034307,1,8,1.04838497336633,0,1,10,0,-7300.57464519853,-6864.741361604,-435.833283594526
5616,1.74611329531423,0.569363992960494,0,0,0.025,0.0725327087101465,0,0.114794921114097,0.0729000096034307,1,8,1.04838497336633,0,1,10,0,-7301.47815191503,-6863.47396105149,-438.004190863545
5621,1.74611329531423,0.569363992960494,0,0,0.025,0.0740944518283585,0,0.114794921114097,0.0729000096034307,1,8,1.04838497336633,0,1,10,0,-7309.78025427419,-6868.18393962499,-441.596314649195
5626,1.74611329531423,0.569363992960494,0,0,0.025,0.0740944518283585,0,0.114794921114097,0.0764660000622506,1,8,1.04838497336633,0,1,10,0,-7305.96328051291,-6865.80732744611,-440.155953066805
5631,1.74611329531423,0.569363992960494,0,0,0.025,0.0740944518283585,0,0.114794921114097,0.0764660000622506,1,8,1.04838497336633,0,1,10,0,-7307.05681123973,-6869.23412421752,-437.822687022206
5636,1.74611329531423,0.569363992960494,0,0,0.025,0.0740944518283585,0,0.114794921114097,0.0764660000622506,1,8,1.04838497336633,0,1,10,0,-7309.33718310468,-6870.2689384977,-439.06824460698
5641,1.74611329531423,0.569363992960494,0,0,0.025,0.0740944518283585,0,0.114794921114097,0.0764660000622506,1,8,1.04838497336633,0,1,10,0,-7312.63038264198,-6874.3124436294,-438.31793901258
5646,1.74611329531423,0.569363992960494,0,0,0.025,0.0740944518283585,0,0.114794921114097,0.0764660000622506,1,8,1.04838497336633,0,1,10,0,-7312.63038264198,-6874.3124436294,-438.31793901258
5651,1.74611329531423,0.569363992960494,0,0,0.025,0.0740944518283585,0,0.114794921114097,0.0707159756148387,1,8,1.04838497336633,0,1,10,0,-7309.46457440271,-6873.09254553918,-436.372028863524
5656,1.74611329531423,0.569363992960494,0,0,0.025,0.0740944518283585,0,0.114794921114097,0.0707159756148387,1,8,1.04838497336633,0,1,10,0,-7307.70801501509,-6875.99285771193,-431.715157303159
5661,1.74611329531423,0.569363992960494,0,0,0.025,0.0740944518283585,0,0.114794921114097,0.080795125080213,1,8,1.04838497336633,0,1,10,0,-7309.96214534436,-6878.2469880412,-431.715157303159
5666,1.74611329531423,0.569363992960494,0,0,0.025,0.070555871074969,0,0.114794921114097,0.080795125080213,1,8,1.04838497336633,0,1,10,0,-7307.60283692756,-6875.83541119586,-431.767425731705
5671,1.74611329531423,0.569363992960494,0,0,0.025,0.070555871074969,0,0.114794921114097,0.080795125080213,1,8,1.04838497336633,0,1,10,0,-7310.89961584669,-6870.48064087107,-440.418974975621
5676,1.74611329531423,0.582940363365446,0,0,0.025,0.070555871074969,0,0.114794921114097,0.080795125080213,1,8,1.04838497336633,0,1,10,0,-7307.56187063088,-6869.78195298488,-437.779917646005
5681,1.74611329531423,0.582940363365446,0,0,0.025,0.070555871074969,0,0.114794921114097,0.0759414745945909,1,8,1.04838497336633,0,1,10,0,-7301.19110641924,-6863.7375368131,-437.453569606146
5686,1.74611329531423,0.582940363365446,0,0,0.025,0.070555871074969,0,0.114794921114097,0.0759414745945909,1,8,1.04838497336633,0,1,10,0,-7299.47852363464,-6863.04758041018,-436.430943224456
5691,1.74611329531423,0.582940363365446,0,0,0.025,0.070555871074969,0,0.114794921114097,0.0759414745945909,1,8,1.04838497336633,0,1,10,0,-7299.47852363464,-6863.04758041018,-436.430943224456
5696,1.74611329531423,0.582940363365446,0,0,0.025,0.0763303802130828,0,0.114794921114097,0.0717120993209033,1,8,1.04838497336633,0,1,10,0,-7298.72809958449,-6860.88838914306,-437.839710441428
5701,1.74611329531423,0.582940363365446,0,0,0.025,0.0763303802130828,0,0.114794921114097,0.0717120993209033,1,8,1.04838497336633,0,1,10,0,-7300.1448354582,-6862.62357874789,-437.521256710309
5706,1.74611329531423,0.582940363365446,0,0,0.025,0.0763303802130828,0,0.114794921114097,0.0717120993209033,1,8,1.04838497336633,0,1,10,0,-7300.1448354582,-6862.62357874789,-437.521256710309
5711,1.74611329531423,0.582940363365446,0,0,0.025,0.0763303802130828,0,0.114794921114097,0.0717120993209033,1,8,1.04838497336633,0,1,10,0,-7300.1448354582,-6862.62357874789,-437.521256710309
5716,1.74611329531423,0.582940363365446,0,0,0.025,0.0763303802130828,0,0.114794921114097,0.0717120993209033,1,8,1.04838497336633,0,1,10,0,-7304.90279256641,-6866.35890947441,-438.543883092
5721,1.74611329531423,0.582940363365446,0,0,0.025,0.0763303802130828,0,0.114794921114097,0.0717120993209033,1,8,1.04838497336633,0,1,10,0,-7304.90279256641,-6866.35890947441,-438.543883092
5726,1.74611329531423,0.582940363365446,0,0,0.025,0.0763303802130828,0,0.114794921114097,0.0717120993209033,1,8,1.04838497336633,0,1,10,0,-7299.10037955547,-6861.54554654963,-437.554833005843
5731,1.74611329531423,0.582940363365446,0,0,0.025,0.0763303802130828,0,0.114794921114097,0.0717120993209033,1,8,1.04838497336633,0,1,10,0,-7298.65542748038,-6862.20130539986,-436.454122080518
5736,1.74611329531423,0.582940363365446,0,0,0.025,0.0763303802130828,0,0.114794921114097,0.0717120993209033,1,8,1.04838497336633,0,1,10,0,-7298.85941588336,-6861.29913430854,-437.560281574821
5741,1.74611329531423,0.582940363365446,0,0,0.025,0.0763303802130828,0,0.114794921114097,0.0708239096241842,1,8,1.04838497336633,0,1,10,0,-7302.35736016592,-6866.40953296754,-435.947827198377
5746,1.74611329531423,0.582940363365446,0,0,0.025,0.0763303802130828,0,0.114794921114097,0.0708239096241842,1,8,1.04838497336633,0,1,10,0,-7295.90312221181,-6868.44313172933,-427.459990482472
5751,1.74611329531423,0.582940363365446,0,0,0.025,0.07952252832861,0,0.115397037294672,0.0708239096241842,1,8,1.04838497336633,0,1,10,0,-7296.81142050382,-6867.24899896144,-429.562421542377
5756,1.74611329531423,0.582940363365446,0,0,0.025,0.07952252832861,0,0.115397037294672,0.0708239096241842,1,8,1.04838497336633,0,1,10,0,-7304.87310179271,-6868.02155741482,-436.851544377888
5761,1.74611329531423,0.582940363365446,0,0,0.025,0.07952252832861,0,0.115397037294672,0.0708239096241842,1,8,1.04838497336633,0,1,10,0,-7302.01480628013,-6865.16326190224,-436.851544377888
5766,1.74611329531423,0.613905165814547,0,0,0.025,0.07952252832861,0,0.115397037294672,0.0708239096241842,1,8,1.04838497336633,0,1,10,0,-7302.10230112925,-6865.25075675136,-436.851544377888
5771,1.71253723865147,0.613905165814547,0,0,0.025,0.07952252832861,0,0.115397037294672,0.0708239096241842,1,8,1.04838497336633,0,1,10,0,-7301.9234724937,-6865.07192811582,-436.851544377888
5776,1.71253723865147,0.613905165814547,0,0,0.025,0.0722115260973319,0,0.115397037294672,0.0708239096241842,1,8,1.04838497336633,0,1,10,0,-7302.55914407008,-6865.90315528699,-436.655988783093
5781,1.71253723865147,0.611474761649602,0,0,0.025,0.0722115260973319,0,0.115397037294672,0.0708239096241842,1,8,1.04838497336633,0,1,10,0,-7301.94316495915,-6865.94680066458,-435.996364294571
5786,1.71253723865147,0.611474761649602,0,0,0.025,0.0728980175231688,0,0.115397037294672,0.0708239096241842,1,8,1.04838497336633,0,1,10,0,-7294.32710087032,-6866.37366173913,-427.953439131187
5791,1.71253723865147,0.611474761649602,0,0,0.025,0.0728980175231688,0,0.115397037294672,0.0708239096241842,1,8,1.04838497336633,0,1,10,0,-7295.2477225529,-6868.46224129349,-426.785481259416
5796,1.71253723865147,0.611474761649602,0,0,0.025,0.0728980175231688,0,0.115397037294672,0.0708239096241842,1,8,1.04838497336633,0,1,10,0,-7292.00123052001,-6866.68798605151,-425.313244468495
5801,1.69406912352949,0.611474761649602,0,0,0.025,0.0728980175231688,0,0.115397037294672,0.0708239096241842,1,8,1.04838497336633,0,1,10,0,-7293.68555605334,-6867.4968428475,-426.188713205849
5806,1.69406912352949,0.611474761649602,0,0,0.025,0.0728980175231688,0,0.115397037294672,0.0708239096241842,1,8,1.04838497336633,0,1,10,0,-7291.00383689108,-6866.96679396405,-424.037042927028
5811,1.69406912352949,0.647393695541717,0,0,0.025,0.0728980175231688,0,0.115397037294672,0.0708239096241842,1,8,1.04838497336633,0,1,10,0,-7289.05281194491,-6867.14400072373,-421.908811221179
5816,1.69406912352949,0.647393695541717,0,0,0.025,0.0728980175231688,0,0.115397037294672,0.0706650294470866,1,8,1.04838497336633,0,1,10,0,-7288.98664744404,-6869.04878004863,-419.93786739541
5821,1.69406912352949,0.647393695541717,0,0,0.025,0.0728980175231688,0,0.115397037294672,0.0706650294470866,1,8,1.04838497336633,0,1,10,0,-7290.40906853987,-6869.01079881119,-421.398269728683
5826,1.69406912352949,0.651726894203626,0,0,0.025,0.0728980175231688,0,0.115397037294672,0.0706650294470866,1,8,1.04838497336633,0,1,10,0,-7290.54188272459,-6869.1436129959,-421.398269728683
5831,1.69406912352949,0.651726894203626,0,0,0.025,0.0728980175231688,0,0.115397037294672,0.0706650294470866,1,8,1.04838497336633,0,1,10,0,-7289.10406109375,-6866.18102438189,-422.923036711868
5836,1.69406912352949,0.651726894203626,0,0,0.025,0.0728980175231688,0,0.115397037294672,0.0706650294470866,1,8,1.04838497336633,0,1,10,0,-7288.10037204509,-6866.14919591625,-421.951176128839
5841,1.69406912352949,0.651726894203626,0,0,0.025,0.0728980175231688,0,0.115397037294672,0.0706650294470866,1,8,1.04838497336633,0,1,10,0,-7290.3679778125,-6866.28856997781,-424.079407834688
5846,1.69406912352949,0.651726894203626,0,0,0.025,0.0728980175231688,0,0.115397037294672,0.0706650294470866,1,8,1.04838497336633,0,1,10,0,-7295.83082536266,-6871.05482132035,-424.776004042304
5851,1.69406912352949,0.651726894203626,0,0,0.025,0.0728980175231688,0,0.115397037294672,0.0706650294470866,1,8,1.04838497336633,0,1,10,0,-7299.54601671765,-6870.57969303697,-428.966323680682
5856,1.69406912352949,0.651726894203626,0,0,0.025,0.0728980175231688,0,0.115397037294672,0.0706650294470866,1,8,1.04838497336633,0,1,10,0,-7296.20239974068,-6869.15788865747,-427.044511083206
5861,1.69406912352949,0.651726894203626,0,0,0.025,0.0728980175231688,0,0.115397037294672,0.0706650294470866,1,8,1.04838497336633,0,1,10,0,-7289.6821452134,-6868.630190518,-421.051954695398
5866,1.69406912352949,0.648341863644972,0,0,0.025,0.0734683915857451,0,0.115397037294672,0.0706650294470866,1,8,1.04838497336633,0,1,10,0,-7292.40049652441,-6868.96876799438,-423.431728530021
5871,1.69406912352949,0.648341863644972,0,0,0.025,0.0734683915857451,0,0.115397037294672,0.0813551818774938,1,8,1.04838497336633,0,1,10,0,-7293.5752362797,-6870.14350774968,-423.431728530021
5876,1.69406912352949,0.648341863644972,0,0,0.025,0.0734683915857451,0,0.115397037294672,0.0813551818774938,1,8,1.04838497336633,0,1,10,0,-7293.59032319949,-6869.53398258973,-424.056340609759
5881,1.69406912352949,0.648341863644972,0,0,0.025,0.0734683915857451,0,0.115397037294672,0.0813551818774938,1,8,1.04838497336633,0,1,10,0,-7294.26485219174,-6868.46554227692,-425.799309914817
5886,1.69406912352949,0.648341863644972,0,0,0.025,0.0734683915857451,0,0.114773179918022,0.0813551818774938,1,8,1.04838497336633,0,1,10,0,-7293.0539049124,-6867.25459499758,-425.799309914817
5891,1.69406912352949,0.648341863644972,0,0,0.025,0.0757965792139051,0,0.114773179918022,0.0813551818774938,1,8,1.04838497336633,0,1,10,0,-7293.56427685791,-6864.67811988097,-428.886156976946
5896,1.69406912352949,0.648341863644972,0,0,0.025,0.0757965792139051,0,0.114773179918022,0.0813551818774938,1,8,1.04838497336633,0,1,10,0,-7296.65324168663,-6867.42104302205,-429.232198664583
5901,1.69406912352949,0.648341863644972,0,0,0.025,0.0757965792139051,0,0.114773179918022,0.0813551818774938,1,8,1.04838497336633,0,1,10,0,-7296.65324168663,-6867.42104302205,-429.232198664583
5906,1.69406912352949,0.648341863644972,0,0,0.025,0.0757965792139051,0,0.114773179918022,0.080119688010691,1,8,1.04838497336633,0,1,10,0,-7291.87017891759,-6866.08490080323,-425.785278114358
5911,1.69406912352949,0.668107887603216,0,0,0.025,0.0757965792139051,0,0.114773179918022,0.080119688010691,1,8,1.04838497336633,0,1,10,0,-7291.18647712952,-6867.55063292866,-423.635844200858
5916,1.69406912352949,0.668107887603216,0,0,0.025,0.0757965792139051,0,0.114773179918022,0.0860732788161023,1,8,1.04838497336633,0,1,10,0,-7286.46633896999,-6864.48505311685,-421.981285853143
5921,1.69406912352949,0.668107887603216,0,0,0.025,0.0757965792139051,0,0.114773179918022,0.0860732788161023,1,8,1.04838497336633,0,1,10,0,-7288.28692255128,-6864.97750125119,-423.30942130009
5926,1.69406912352949,0.668107887603216,0,0,0.025,0.0757965792139051,0,0.114773179918022,0.0860732788161023,1,8,1.04838497336633,0,1,10,0,-7288.07444123849,-6869.70642737099,-418.368013867494
5931,1.69406912352949,0.668107887603216,0,0,0.025,0.0757965792139051,0,0.114773179918022,0.0860732788161023,1,8,1.04838497336633,0,1,10,0,-7286.90498805741,-6868.9974990752,-417.907488982203
5936,1.69406912352949,0.668107887603216,0,0,0.025,0.0721683609967654,0,0.114773179918022,0.0860732788161023,1,8,1.04838497336633,0,1,10,0,-7285.78933225468,-6867.88184327248,-417.907488982203
5941,1.69406912352949,0.668107887603216,0,0,0.025,0.0721683609967654,0,0.114773179918022,0.0860732788161023,1,8,1.04838497336633,0,1,10,0,-7285.97725188697,-6869.06016160879,-416.917090278175
5946,1.69406912352949,0.668107887603216,0,0,0.025,0.0721683609967654,0,0.114773179918022,0.0860732788161023,1,8,1.04838497336633,0,1,10,0,-7286.10665676207,-6868.9151296382,-417.191527123877
5951,1.69406912352949,0.668107887603216,0,0,0.025,0.0721683609967654,0,0.114773179918022,0.0860732788161023,1,8,1.04838497336633,0,1,10,0,-7285.14801489064,-6868.97313709636,-416.174877794281
5956,1.69406912352949,0.668107887603216,0,0,0.025,0.0721683609967654,0,0.114773179918022,0.0860732788161023,1,8,1.04838497336633,0,1,10,0,-7288.62626466885,-6869.52208665164,-419.10417801721
5961,1.69406912352949,0.668107887603216,0,0,0.025,0.0721683609967654,0,0.114773179918022,0.0860732788161023,1,8,1.04838497336633,0,1,10,0,-7288.47534930158,-6868.16719848005,-420.308150821536
5966,1.69406912352949,0.668107887603216,0,0,0.025,0.0721683609967654,0,0.114773179918022,0.0860732788161023,1,8,1.04838497336633,0,1,10,0,-7288.47534930158,-6868.16719848005,-420.308150821536
5971,1.69480163444218,0.728635382168157,0,0,0.025,0.0721683609967654,0,0.114773179918022,0.0860732788161023,1,8,1.04838497336633,0,1,10,0,-7291.48950221762,-6871.80531398189,-419.684188235736
5976,1.69480163444218,0.728635382168157,0,0,0.025,0.0721683609967654,0,0.114773179918022,0.0860732788161023,1,8,1.04838497336633,0,1,10,0,-7294.51027053326,-6873.72747000886,-420.782800524404
5981,1.69480163444218,0.728635382168157,0,0,0.025,0.0755600756477845,0,0.114773179918022,0.0860732788161023,1,8,1.04838497336633,0,1,10,0,-7293.45382452918,-6871.97980919196,-421.474015337213
5986,1.69480163444218,0.728635382168157,0,0,0.025,0.0755600756477845,0,0.114773179918022,0.0860034431161599,1,8,1.04838497336633,0,1,10,0,-7294.62455956578,-6874.0763137044,-420.548245861384
5991,1.69480163444218,0.728635382168157,0,0,0.025,0.0755600756477845,0,0.114773179918022,0.0860034431161599,1,8,1.04838497336633,0,1,10,0,-7294.62455956578,-6874.0763137044,-420.548245861384
5996,1.69480163444218,0.728635382168157,0,0,0.025,0.0755600756477845,0,0.114773179918022,0.0860034431161599,1,8,1.04838497336633,0,1,10,0,-7298.47436048893,-6875.23582584837,-423.238534640555
6001,1.69480163444218,0.728635382168157,0,0,0.025,0.0755600756477845,0,0.114773179918022,0.0860034431161599,1,8,1.04838497336633,0,1,10,0,-7295.73256155117,-6874.86893266519,-420.863628885982
6006,1.69480163444218,0.728635382168157,0,0,0.025,0.0755600756477845,0,0.114773179918022,0.0860034431161599,1,8,1.04838497336633,0,1,10,0,-7297.26671116051,-6875.11209809321,-422.154613067297
6011,1.69480163444218,0.728635382168157,0,0,0.025,0.0755600756477845,0,0.114773179918022,0.0860034431161599,1,8,1.04838497336633,0,1,10,0,-7295.73256155117,-6874.86893266519,-420.863628885982
6016,1.69694005833579,0.728635382168157,0,0,0.025,0.0755600756477845,0,0.114773179918022,0.0860034431161599,1,8,1.04838497336633,0,1,10,0,-7295.89872574865,-6875.03509686267,-420.863628885982
6021,1.69694005833579,0.728635382168157,0,0,0.025,0.0718472953643254,0,0.114773179918022,0.0860034431161599,1,8,1.04838497336633,0,1,10,0,-7300.56159012237,-6879.60487081332,-420.956719309048
6026,1.69694005833579,0.728635382168157,0,0,0.025,0.0718472953643254,0,0.114773179918022,0.0860034431161599,1,8,1.04838497336633,0,1,10,0,-7297.06017067517,-6877.10733023171,-419.952840443463
6031,1.69694005833579,0.728635382168157,0,0,0.025,0.0718472953643254,0,0.114773179918022,0.0860034431161599,1,8,1.04838497336633,0,1,10,0,-7287.76247285119,-6869.19549786041,-418.566974990778
6036,1.69694005833579,0.728635382168157,0,0,0.025,0.0718472953643254,0,0.114773179918022,0.0860034431161599,1,8,1.04838497336633,0,1,10,0,-7287.76247285119,-6869.19549786041,-418.566974990778
6041,1.69837458840004,0.728635382168157,0,0,0.025,0.0718472953643254,0,0.114773179918022,0.0860034431161599,1,8,1.04838497336633,0,1,10,0,-7288.57125800415,-6869.53563900364,-419.035619000508
6046,1.69837458840004,0.681359108460363,0,0,0.025,0.0718472953643254,0,0.114852462166279,0.0860034431161599,1,8,1.04838497336633,0,1,10,0,-7289.54214170457,-6867.41531315237,-422.126828552204
6051,1.69837458840004,0.681359108460363,0,0,0.025,0.0718472953643254,0,0.114852462166279,0.0860034431161599,1,8,1.04838497336633,0,1,10,0,-7289.54214170457,-6867.41531315237,-422.126828552204
6056,1.69837458840004,0.681359108460363,0,0,0.025,0.0718472953643254,0,0.113581494284345,0.0860034431161599,1,8,1.04838497336633,0,1,10,0,-7289.97260518635,-6864.86361617938,-425.108989006973
6061,1.69837458840004,0.681359108460363,0,0,0.025,0.0718472953643254,0,0.113581494284345,0.0860034431161599,1,8,1.04838497336633,0,1,10,0,-7287.52784104188,-6862.03972825943,-425.488112782451
6066,1.69837458840004,0.681359108460363,0,0,0.025,0.0718472953643254,0,0.113581494284345,0.0860034431161599,1,8,1.04838497336633,0,1,10,0,-7287.09921112068,-6862.16334006571,-424.935871054968
6071,1.69837458840004,0.681359108460363,0,0,0.025,0.0718472953643254,0,0.113581494284345,0.0860034431161599,1,8,1.04838497336633,0,1,10,0,-7283.43026278061,-6860.71508670604,-422.71517607457
6076,1.69837458840004,0.681359108460363,0,0,0.025,0.0718472953643254,0,0.111649905673115,0.0860034431161599,1,8,1.04838497336633,0,1,10,0,-7284.8765753846,-6860.88116452087,-423.99541086373
6081,1.65511339778504,0.681359108460363,0,0,0.025,0.0718472953643254,0,0.111649905673115,0.0860034431161599,1,8,1.04838497336633,0,1,10,0,-7277.74100477423,-6854.94856621449,-422.792438559737
6086,1.65511339778504,0.681359108460363,0,0,0.025,0.0718472953643254,0,0.111649905673115,0.0750471901468832,1,8,1.04838497336633,0,1,10,0,-7275.55041923736,-6854.22431774641,-421.326101490944
6091,1.65511339778504,0.681359108460363,0,0,0.025,0.0718472953643254,0,0.114376029530551,0.0750471901468832,1,8,1.04838497336633,0,1,10,0,-7275.76787076328,-6851.97791603175,-423.789954731534
6096,1.65511339778504,0.681359108460363,0,0,0.025,0.0718472953643254,0,0.114376029530551,0.0750471901468832,1,8,1.04838497336633,0,1,10,0,-7275.76787076328,-6851.97791603175,-423.789954731534
6101,1.65511339778504,0.681359108460363,0,0,0.025,0.0718472953643254,0,0.114376029530551,0.0730377993215816,1,8,1.04838497336633,0,1,10,0,-7279.74350749387,-6852.86896465999,-426.874542833876
6106,1.65511339778504,0.681359108460363,0,0,0.025,0.0718472953643254,0,0.114376029530551,0.0730377993215816,1,8,1.04838497336633,0,1,10,0,-7273.683751717,-6851.82781234687,-421.855939370131
6111,1.65511339778504,0.681359108460363,0,0,0.025,0.0691681662092045,0,0.114376029530551,0.0730377993215816,1,8,1.04838497336633,0,1,10,0,-7273.15425018223,-6852.4614616219,-420.692788560325
6116,1.63510769152003,0.681359108460363,0,0,0.025,0.0691681662092045,0,0.114376029530551,0.0730377993215816,1,8,1.04838497336633,0,1,10,0,-7276.24718802764,-6854.08806239852,-422.159125629119
6121,1.63510769152003,0.681359108460363,0,0,0.025,0.0691681662092045,0,0.114376029530551,0.0730377993215816,1,8,1.04838497336633,0,1,10,0,-7273.56241408024,-6854.54215366023,-419.020260420013
6126,1.63510769152003,0.681359108460363,0,0,0.025,0.0691681662092045,0,0.114376029530551,0.0730377993215816,1,8,1.04838497336633,0,1,10,0,-7273.56241408024,-6854.54215366023,-419.020260420013
6131,1.63510769152003,0.681359108460363,0,0,0.025,0.0691681662092045,0,0.114376029530551,0.0730377993215816,1,8,1.04838497336633,0,1,10,0,-7273.69320871885,-6853.6992852265,-419.993923492351
6136,1.63510769152003,0.681359108460363,0,0,0.025,0.0691681662092045,0,0.114376029530551,0.0730377993215816,1,8,1.04838497336633,0,1,10,0,-7273.23841760701,-6852.3690253773,-420.869392229705
6141,1.63510769152003,0.681359108460363,0,0,0.025,0.0691681662092045,0,0.114376029530551,0.0730377993215816,1,8,1.04838497336633,0,1,10,0,-7276.7999452136,-6856.23721750725,-420.562727706341
6146,1.63510769152003,0.681359108460363,0,0,0.025,0.0691681662092045,0,0.114376029530551,0.0766583259896474,1,8,1.04838497336633,0,1,10,0,-7278.7271579209,-6857.48221210453,-421.244945816368
6151,1.63510769152003,0.681359108460363,0,0,0.025,0.0691681662092045,0,0.114376029530551,0.0766583259896474,1,8,1.04838497336633,0,1,10,0,-7278.7271579209,-6857.48221210453,-421.244945816368
6156,1.63510769152003,0.681359108460363,0,0,0.025,0.0691681662092045,0,0.114376029530551,0.0766583259896474,1,8,1.04838497336633,0,1,10,0,-7278.7271579209,-6857.48221210453,-421.244945816368
6161,1.63510769152003,0.681359108460363,0,0,0.025,0.0669066785036613,0,0.114376029530551,0.0766583259896474,1,8,1.04838497336633,0,1,10,0,-7284.03663433152,-6858.68409872618,-425.35253560534
6166,1.63510769152003,0.681359108460363,0,0,0.025,0.0669066785036613,0,0.114376029530551,0.0766583259896474,1,8,1.04838497336633,0,1,10,0,-7284.80367821806,-6859.05457583646,-425.749102381603
6171,1.63510769152003,0.681359108460363,0,0,0.025,0.0669066785036613,0,0.114376029530551,0.0766583259896474,1,8,1.04838497336633,0,1,10,0,-7284.80367821806,-6859.05457583646,-425.749102381603
6176,1.63510769152003,0.681359108460363,0,0,0.025,0.0669066785036613,0,0.114376029530551,0.0766583259896474,1,8,1.04838497336633,0,1,10,0,-7281.73591189406,-6857.32181057919,-424.414101314871
6181,1.63510769152003,0.681359108460363,0,0,0.025,0.0669066785036613,0,0.114376029530551,0.0766583259896474,1,8,1.04838497336633,0,1,10,0,-7284.38795839549,-6857.13701153183,-427.25094686366
6186,1.63510769152003,0.681359108460363,0,0,0.025,0.0669066785036613,0,0.114376029530551,0.0766583259896474,1,8,1.04838497336633,0,1,10,0,-7284.38795839549,-6857.13701153183,-427.25094686366
6191,1.63510769152003,0.681359108460363,0,0,0.025,0.0669066785036613,0,0.114376029530551,0.0766583259896474,1,8,1.04838497336633,0,1,10,0,-7284.9902615195,-6856.89013886062,-428.100122658871
6196,1.63510769152003,0.681359108460363,0,0,0.025,0.0669066785036613,0,0.114376029530551,0.0766583259896474,1,8,1.04838497336633,0,1,10,0,-7290.73793689261,-6860.23017636474,-430.507760527868
6201,1.63510769152003,0.681359108460363,0,0,0.025,0.0669066785036613,0,0.114376029530551,0.0766583259896474,1,8,1.04838497336633,0,1,10,0,-7287.24085492741,-6857.39392859112,-429.846926336299
6206,1.63510769152003,0.681359108460363,0,0,0.025,0.0669066785036613,0,0.114376029530551,0.0766583259896474,1,8,1.04838497336633,0,1,10,0,-7278.69365299303,-6855.16444567988,-423.529207313152
6211,1.63510769152003,0.681359108460363,0,0,0.025,0.0669066785036613,0,0.114376029530551,0.0766583259896474,1,8,1.04838497336633,0,1,10,0,-7279.12925987217,-6857.5218651565,-421.607394715676
6216,1.63320683362515,0.686815424931857,0,0,0.025,0.0666442636572705,0,0.114376029530551,0.0766583259896474,1,8,1.04838497336633,0,1,10,0,-7279.15593159267,-6857.54853687699,-421.607394715676
6221,1.63320683362515,0.686815424931857,0,0,0.025,0.0666442636572705,0,0.114376029530551,0.0766583259896474,1,8,1.04838497336633,0,1,10,0,-7271.92657331309,-6855.40580828201,-416.520765031075
6226,1.63320683362515,0.686815424931857,0,0,0.025,0.0666442636572705,0,0.114376029530551,0.0766583259896474,1,8,1.04838497336633,0,1,10,0,-7272.43566101027,-6850.67145957071,-421.764201439561
6231,1.63320683362515,0.686815424931857,0,0,0.025,0.0666442636572705,0,0.114376029530551,0.0766583259896474,1,8,1.04838497336633,0,1,10,0,-7272.43566101027,-6850.67145957071,-421.764201439561
6236,1.63320683362515,0.686815424931857,0,0,0.025,0.0666442636572705,0,0.114376029530551,0.0766583259896474,1,8,1.04838497336633,0,1,10,0,-7274.32273681967,-6851.35456257579,-422.968174243887
6241,1.63320683362515,0.686815424931857,0,0,0.025,0.0666442636572705,0,0.114376029530551,0.0766583259896474,1,8,1.04838497336633,0,1,10,0,-7281.72146570117,-6856.59161181737,-425.129853883804
6246,1.63320683362515,0.686815424931857,0,0,0.025,0.0666442636572705,0,0.114376029530551,0.0766583259896474,1,8,1.04838497336633,0,1,10,0,-7277.81369870956,-6855.62828380493,-422.185414904638
6251,1.63320683362515,0.686815424931857,0,0,0.025,0.0666442636572705,0,0.114376029530551,0.0766583259896474,1,8,1.04838497336633,0,1,10,0,-7273.60275621368,-6855.41321776566,-418.189538448027
6256,1.63320683362515,0.686815424931857,0,0,0.025,0.0666442636572705,0,0.114376029530551,0.0766583259896474,1,8,1.04838497336633,0,1,10,0,-7278.40370852784,-6857.26973110064,-421.133977427194
6261,1.63320683362515,0.686815424931857,0,0,0.025,0.0666442636572705,0,0.114376029530551,0.0766583259896474,1,8,1.04838497336633,0,1,10,0,-7278.36695460968,-6857.86728386302,-420.499670746657
6266,1.63320683362515,0.686815424931857,0,0,0.025,0.0666442636572705,0,0.114376029530551,0.0766583259896474,1,8,1.04838497336633,0,1,10,0,-7275.57927887476,-6857.4028125083,-418.17646636646
6271,1.63320683362515,0.686815424931857,0,0,0.025,0.0666442636572705,0,0.114376029530551,0.0766583259896474,1,8,1.04838497336633,0,1,10,0,-7273.82046663367,-6855.65380426731,-418.166662366363
6276,1.63320683362515,0.686815424931857,0,0,0.025,0.0666442636572705,0,0.114376029530551,0.0768052532316948,1,8,1.04838497336633,0,1,10,0,-7269.02062637898,-6853.79840299178,-415.222223387197
6281,1.63320683362515,0.686815424931857,0,0,0.025,0.0666442636572705,0,0.114376029530551,0.0768052532316948,1,8,1.04838497336633,0,1,10,0,-7270.34951411441,-6856.47276309381,-413.876751020597
6286,1.64119570032614,0.686815424931857,0,0,0.025,0.0666442636572705,0,0.114376029530551,0.0768052532316948,1,8,1.04838497336633,0,1,10,0,-7270.43443294383,-6856.55768192324,-413.876751020597
6291,1.64119570032614,0.686815424931857,0,0,0.025,0.0666442636572705,0,0.114376029530551,0.0768052532316948,1,8,1.04838497336633,0,1,10,0,-7271.4919171789,-6858.39792549755,-413.093991681347
6296,1.64119570032614,0.686815424931857,0,0,0.025,0.0666442636572705,0,0.114376029530551,0.0768052532316948,1,8,1.04838497336633,0,1,10,0,-7270.06616357256,-6857.48039673328,-412.585766839282
6301,1.64119570032614,0.686815424931857,0,0,0.025,0.0666442636572705,0,0.114376029530551,0.0768052532316948,1,8,1.04838497336633,0,1,10,0,-7273.27259789418,-6858.91916913725,-414.353428756931
6306,1.64119570032614,0.686815424931857,0,0,0.025,0.0714536460082877,0,0.114376029530551,0.0768052532316948,1,8,1.04838497336633,0,1,10,0,-7274.33635678985,-6858.69194385161,-415.644412938246
6311,1.65877282862671,0.686815424931857,0,0,0.025,0.0714536460082877,0,0.114376029530551,0.0768052532316948,1,8,1.04838497336633,0,1,10,0,-7273.0866437049,-6858.73321494797,-414.353428756931
6316,1.65877282862671,0.686815424931857,0,0,0.025,0.0714536460082877,0,0.114376029530551,0.0768052532316948,1,8,1.04838497336633,0,1,10,0,-7272.86881619925,-6857.29339613249,-415.575420066759
6321,1.65877282862671,0.686815424931857,0,0,0.025,0.0714536460082877,0,0.114376029530551,0.0768052532316948,1,8,1.05278471021866,0,1,10,0,-7273.13549651611,-6855.09622320876,-418.039273307349
6326,1.65877282862671,0.686815424931857,0,0,0.025,0.0714536460082877,0,0.114376029530551,0.0768052532316948,1,8,1.05278471021866,0,1,10,0,-7273.13549651611,-6855.09622320876,-418.039273307349
6331,1.65877282862671,0.686815424931857,0,0,0.025,0.0714536460082877,0,0.114376029530551,0.0768052532316948,1,8,1.05278471021866,0,1,10,0,-7271.44210366449,-6855.08458893115,-416.357514733336
6336,1.65877282862671,0.686815424931857,0,0,0.025,0.0714536460082877,0,0.114376029530551,0.0768052532316948,1,8,1.05278471021866,0,1,10,0,-7271.44210366449,-6855.08458893115,-416.357514733336
6341,1.65877282862671,0.686815424931857,0,0,0.025,0.0714536460082877,0,0.114376029530551,0.0768052532316948,1,8,1.05278471021866,0,1,10,0,-7271.44210366449,-6855.08458893115,-416.357514733336
6346,1.65877282862671,0.686815424931857,0,0,0.025,0.0714536460082877,0,0.114376029530551,0.0768052532316948,1,8,1.05278471021866,0,1,10,0,-7271.44210366449,-6855.08458893115,-416.357514733336
6351,1.62370416460564,0.686815424931857,0,0,0.025,0.0714536460082877,0,0.114376029530551,0.0768052532316948,1,8,1.05278471021866,0,1,10,0,-7273.10557359382,-6856.74805886048,-416.357514733336
6356,1.62370416460564,0.686815424931857,0,0,0.025,0.0714536460082877,0,0.114376029530551,0.0768052532316948,1,8,1.05278471021866,0,1,10,0,-7270.78967560409,-6856.39473807229,-414.394937531795
6361,1.62370416460564,0.686815424931857,0,0,0.025,0.0714536460082877,0,0.112300253644262,0.0768052532316948,1,8,1.05278471021866,0,1,10,0,-7270.22149443161,-6854.74263532656,-415.478859105053
6366,1.60831425946823,0.686815424931857,0,0,0.025,0.0714536460082877,0,0.112300253644262,0.0768052532316948,1,8,1.05278471021866,0,1,10,0,-7270.96980000852,-6855.49094090347,-415.478859105053
6371,1.60831425946823,0.686815424931857,0,0,0.025,0.0714536460082877,0,0.112300253644262,0.0768052532316948,1,8,1.05278471021866,0,1,10,0,-7270.58513674901,-6857.05218779301,-413.532948955998
6376,1.60831425946823,0.686815424931857,0,0,0.025,0.0714536460082877,0,0.112300253644262,0.0768052532316948,1,8,1.05278471021866,0,1,10,0,-7271.85188618189,-6857.71280142232,-414.139084759568
6381,1.60831425946823,0.686815424931857,0,0,0.025,0.0714536460082877,0,0.112300253644262,0.0768052532316948,1,8,1.05278471021866,0,1,10,0,-7273.96962118139,-6858.51367056713,-415.455950614256
6386,1.60831425946823,0.686815424931857,0,0,0.025,0.0674341642704295,0,0.112300253644262,0.0768052532316948,1,8,1.05278471021866,0,1,10,0,-7276.0767147428,-6857.422091011,-418.654623731807
6391,1.60831425946823,0.686815424931857,0,0,0.025,0.0674341642704295,0,0.112300253644262,0.0767826559761923,1,8,1.05278471021866,0,1,10,0,-7277.0049139399,-6860.05503830033,-416.949875639569
6396,1.60831425946823,0.686815424931857,0,0,0.025,0.0665121700504564,0,0.112300253644262,0.0767826559761923,1,8,1.05278471021866,0,1,10,0,-7277.31235654532,-6860.36248090576,-416.949875639569
6401,1.58832863656614,0.686815424931857,0,0,0.025,0.0665121700504564,0,0.112300253644262,0.0767826559761923,1,8,1.05278471021866,0,1,10,0,-7277.97307643995,-6861.82805197052,-416.145024469429
6406,1.58832863656614,0.686815424931857,0,0,0.025,0.0665121700504564,0,0.112300253644262,0.0767826559761923,1,8,1.05278471021866,0,1,10,0,-7277.07809969935,-6859.59330088444,-417.484798814914
6411,1.58832863656614,0.686815424931857,0,0,0.025,0.0665121700504564,0,0.112300253644262,0.0767826559761923,1,8,1.05278471021866,0,1,10,0,-7277.15943038932,-6860.36777875496,-416.791651634354
6416,1.58832863656614,0.686815424931857,0,0,0.025,0.0654994444071725,0,0.112300253644262,0.0767826559761923,1,8,1.05278471021866,0,1,10,0,-7277.5764263215,-6860.47603920549,-417.100387116003
6421,1.58247073383573,0.686815424931857,0,0,0.025,0.0654994444071725,0,0.112300253644262,0.0767826559761923,1,8,1.05278471021866,0,1,10,0,-7277.30567027942,-6862.78530654807,-414.520363731348
6426,1.58247073383573,0.686815424931857,0,0,0.025,0.0588023553198213,0,0.112300253644262,0.0801241148806147,1,8,1.0403265080075,0,1,10,0,-7280.47854341042,-6863.49432643848,-416.984216971938
6431,1.58247073383573,0.686815424931857,0,0,0.025,0.0588023553198213,0,0.112300253644262,0.0801241148806147,1,8,1.0403265080075,0,1,10,0,-7281.46161063405,-6866.35475449702,-415.106856137032
6436,1.58247073383573,0.686815424931857,0,0,0.025,0.0588023553198213,0,0.112300253644262,0.0801241148806147,1,8,1.0403265080075,0,1,10,0,-7281.46161063405,-6866.35475449702,-415.106856137032
6441,1.58247073383573,0.686815424931857,0,0,0.025,0.0588023553198213,0,0.112300253644262,0.0801241148806147,1,8,1.0403265080075,0,1,10,0,-7281.46161063405,-6866.35475449702,-415.106856137032
6446,1.58247073383573,0.686815424931857,0,0,0.025,0.0588023553198213,0,0.112300253644262,0.0801241148806147,1,8,1.0403265080075,0,1,10,0,-7289.03894806077,-6871.47128282553,-417.567665235241
6451,1.58247073383573,0.686815424931857,0,0,0.025,0.0588023553198213,0,0.112300253644262,0.0801241148806147,1,8,1.0403265080075,0,1,10,0,-7285.36697844915,-6869.17876604321,-416.188212405938
6456,1.58247073383573,0.686815424931857,0,0,0.025,0.0588023553198213,0,0.112300253644262,0.0803304134542577,1,8,1.0403265080075,0,1,10,0,-7285.31461813302,-6869.12640572708,-416.188212405938
6461,1.58247073383573,0.686815424931857,0,0,0.025,0.0588023553198213,0,0.112300253644262,0.0793912258482919,1,8,1.0403265080075,0,1,10,0,-7285.59471400629,-6869.40650160036,-416.188212405938
6466,1.58247073383573,0.686815424931857,0,0,0.025,0.0588023553198213,0,0.112300253644262,0.0793912258482919,1,8,1.0403265080075,0,1,10,0,-7283.79214748035,-6867.80590933393,-415.986238146424
6471,1.58247073383573,0.686815424931857,0,0,0.025,0.0588023553198213,0,0.112300253644262,0.0793912258482919,1,8,1.0403265080075,0,1,10,0,-7283.02762388455,-6867.01891288227,-416.008711002276
6476,1.58247073383573,0.686815424931857,0,0,0.025,0.0588023553198213,0,0.112300253644262,0.0793912258482919,1,8,1.0403265080075,0,1,10,0,-7283.02762388455,-6867.01891288227,-416.008711002276
6481,1.58247073383573,0.686815424931857,0,0,0.025,0.0588023553198213,0,0.112300253644262,0.0793912258482919,1,8,1.0403265080075,0,1,10,0,-7279.99930019789,-6863.76554990913,-416.233750288755
6486,1.58247073383573,0.686815424931857,0,0,0.025,0.0588023553198213,0,0.112300253644262,0.0793912258482919,1,8,1.0403265080075,0,1,10,0,-7283.15398185805,-6864.00000306588,-419.153978792171
6491,1.58247073383573,0.686815424931857,0,0,0.025,0.0588023553198213,0,0.112300253644262,0.0793912258482919,1,8,1.0403265080075,0,1,10,0,-7289.38663955603,-6864.22907567471,-425.15756388132
6496,1.58247073383573,0.686815424931857,0,0,0.025,0.0588023553198213,0,0.113450288039382,0.0793912258482919,1,8,1.0403265080075,0,1,10,0,-7285.7491864638,-6862.47454580109,-423.27464066271
6501,1.58247073383573,0.686815424931857,0,0,0.025,0.0588023553198213,0,0.113450288039382,0.0833936423740662,1,8,1.0403265080075,0,1,10,0,-7285.90005026818,-6862.62540960547,-423.27464066271
6506,1.58247073383573,0.686815424931857,0,0,0.025,0.0588023553198213,0,0.113450288039382,0.0820024735112023,1,8,1.0403265080075,0,1,10,0,-7285.01246028459,-6861.73781962188,-423.27464066271
6511,1.58247073383573,0.686815424931857,0,0,0.025,0.0588023553198213,0,0.113450288039382,0.0820024735112023,1,8,1.0403265080075,0,1,10,0,-7290.04337581332,-6861.80624456787,-428.237131245445
6516,1.58247073383573,0.686815424931857,0,0,0.025,0.0588023553198213,0,0.113450288039382,0.0784978466360832,1,8,1.04831160032567,0,1,10,0,-7281.12612531077,-6856.18695657485,-424.93916873592
6521,1.58247073383573,0.686815424931857,0,0,0.025,0.0588023553198213,0,0.113450288039382,0.0784978466360832,1,8,1.04831160032567,0,1,10,0,-7276.13009456301,-6856.35392449044,-419.776170072571
6526,1.58247073383573,0.686815424931857,0,0,0.025,0.0588023553198213,0,0.115042606840022,0.0784978466360832,1,8,1.04831160032567,0,1,10,0,-7277.64628908583,-6862.19318730537,-415.453101780459
6531,1.58247073383573,0.686815424931857,0,0,0.025,0.0588023553198213,0,0.115042606840022,0.0784978466360832,1,8,1.04831160032567,0,1,10,0,-7277.76675170083,-6862.56089102326,-415.205860677566
6536,1.58247073383573,0.686815424931857,0,0,0.025,0.0588023553198213,0,0.115042606840022,0.0784978466360832,1,8,1.04831160032567,0,1,10,0,-7274.74107358491,-6859.70672354803,-415.034350036876
6541,1.58247073383573,0.686815424931857,0,0,0.025,0.0588023553198213,0,0.115042606840022,0.0784978466360832,1,8,1.04831160032567,0,1,10,0,-7275.41857496187,-6862.43191776836,-412.986657193511
6546,1.58247073383573,0.686815424931857,0,0,0.025,0.0588023553198213,0,0.115042606840022,0.0784978466360832,1,8,1.04831160032567,0,1,10,0,-7278.50504737587,-6862.5739512032,-415.931096172677
6551,1.58247073383573,0.686815424931857,0,0,0.025,0.0588023553198213,0,0.115042606840022,0.0784978466360832,1,8,1.04831160032567,0,1,10,0,-7288.23420918093,-6869.25763885073,-418.976570330199
6556,1.58247073383573,0.686815424931857,0,0,0.025,0.0588023553198213,0,0.115042606840022,0.0784978466360832,1,8,1.04831160032567,0,1,10,0,-7288.21015465359,-6869.54373925169,-418.666415401895
6561,1.58247073383573,0.686815424931857,0,0,0.025,0.0588023553198213,0,0.115042606840022,0.0784978466360832,1,8,1.04831160032567,0,1,10,0,-7287.75082722644,-6866.86520834049,-420.88561888595
6566,1.57147203586623,0.686815424931857,0,0,0.025,0.0588023553198213,0,0.115042606840022,0.0784978466360832,1,8,1.04831160032567,0,1,10,0,-7283.52182135783,-6864.49218153384,-419.029639823988
6571,1.57147203586623,0.686815424931857,0,0,0.025,0.0588023553198213,0,0.115205223175212,0.0784978466360832,1,8,1.04831160032567,0,1,10,0,-7282.07914127967,-6862.52543060517,-419.553710674504
6576,1.57147203586623,0.686815424931857,0,0,0.025,0.0588023553198213,0,0.115205223175212,0.0784978466360832,1,8,1.04831160032567,0,1,10,0,-7282.07914127967,-6862.52543060517,-419.553710674504
6581,1.57147203586623,0.686815424931857,0,0,0.025,0.0588023553198213,0,0.115205223175212,0.0806695887708018,1,8,1.04831160032567,0,1,10,0,-7287.64616046392,-6866.48301187698,-421.163148586938
6586,1.57147203586623,0.686815424931857,0,0,0.025,0.0588023553198213,0,0.115205223175212,0.0806695887708018,1,8,1.04831160032567,0,1,10,0,-7285.28665743224,-6866.28996176397,-418.996695668268
6591,1.57147203586623,0.714900489471683,0,0,0.025,0.0588023553198213,0,0.115205223175212,0.0806695887708018,1,8,1.04831160032567,0,1,10,0,-7280.07001430855,-6864.01775761945,-416.052256689102
6596,1.57147203586623,0.714900489471683,0,0,0.025,0.0588023553198213,0,0.115205223175212,0.0806695887708018,1,8,1.04831160032567,0,1,10,0,-7275.17644637494,-6860.73362759827,-414.442818776668
6601,1.57147203586623,0.714900489471683,0,0,0.025,0.0588023553198213,0,0.115205223175212,0.0806695887708018,1,8,1.04831160032567,0,1,10,0,-7275.17644637494,-6860.73362759827,-414.442818776668
6606,1.57147203586623,0.714900489471683,0,0,0.025,0.0582057415981702,0,0.115205223175212,0.0806695887708018,1,8,1.04831160032567,0,1,10,0,-7275.36182480767,-6860.91900603101,-414.442818776668
6611,1.57147203586623,0.714900489471683,0,0,0.025,0.0582057415981702,0,0.115205223175212,0.0806695887708018,1,8,1.04831160032567,0,1,10,0,-7278.2059848668,-6863.69417321865,-414.511811648155
6616,1.57147203586623,0.714900489471683,0,0,0.025,0.0582057415981702,0,0.115205223175212,0.0806695887708018,1,8,1.04831160032567,0,1,10,0,-7278.2059848668,-6863.69417321865,-414.511811648155
6621,1.57147203586623,0.714900489471683,0,0,0.025,0.0582057415981702,0,0.115205223175212,0.0806695887708018,1,8,1.04831160032567,0,1,10,0,-7274.86761427181,-6863.0413799689,-411.826234302905
6626,1.57147203586623,0.714900489471683,0,0,0.025,0.0582057415981702,0,0.115205223175212,0.0806695887708018,1,8,1.04831160032567,0,1,10,0,-7275.25437659108,-6861.81870437574,-413.435672215339
6631,1.57147203586623,0.714900489471683,0,0,0.025,0.0582057415981702,0,0.115205223175212,0.0806695887708018,1,8,1.04831160032567,0,1,10,0,-7277.38929637065,-6857.78405746695,-419.605238903698
6636,1.55003119753843,0.714900489471683,0,0,0.025,0.0582057415981702,0,0.115205223175212,0.0806695887708018,1,8,1.04831160032567,0,1,10,0,-7277.42985814498,-6857.35461561203,-420.075242532944
6641,1.55003119753843,0.714900489471683,0,0,0.025,0.0582057415981702,0,0.115205223175212,0.0806695887708018,1,8,1.04831160032567,0,1,10,0,-7276.48120229042,-6858.17362167512,-418.307580615295
6646,1.55003119753843,0.714900489471683,0,0,0.025,0.0582057415981702,0,0.115205223175212,0.0806695887708018,1,8,1.04831160032567,0,1,10,0,-7279.87490250794,-6862.0196259448,-417.855276563148
6651,1.55003119753843,0.714900489471683,0,0,0.025,0.0582057415981702,0,0.115205223175212,0.0806695887708018,1,8,1.04831160032567,0,1,10,0,-7281.47190799902,-6863.58358187924,-417.888326119778
6656,1.55159868585581,0.714900489471683,0,0,0.025,0.0582057415981702,0,0.115205223175212,0.0806695887708018,1,8,1.04831160032567,0,1,10,0,-7275.32948209933,-6859.25326965977,-416.076212439559
6661,1.55159868585581,0.714900489471683,0,0,0.025,0.0582057415981702,0,0.115205223175212,0.0806695887708018,1,8,1.03299832350043,0,1,10,0,-7278.33159840862,-6860.50807826241,-417.823520146216
6666,1.55159868585581,0.714900489471683,0,0,0.025,0.0582057415981702,0,0.114113438842463,0.0806695887708018,1,8,1.03299832350043,0,1,10,0,-7277.36398286309,-6859.54046271687,-417.823520146216
6671,1.55159868585581,0.714900489471683,0,0,0.025,0.0582057415981702,0,0.114113438842463,0.0808679803415882,1,8,1.03299832350043,0,1,10,0,-7275.85121279805,-6859.92915103832,-415.922061759731
6676,1.55159868585581,0.714900489471683,0,0,0.025,0.0582057415981702,0,0.114113438842463,0.0808679803415882,1,8,1.03299832350043,0,1,10,0,-7272.79711702332,-6859.00328696944,-413.793830053882
6681,1.55355743270403,0.714900489471683,0,0,0.025,0.0582057415981702,0,0.114113438842463,0.0814506783385432,1,8,1.03299832350043,0,1,10,0,-7272.76034058444,-6858.96651053056,-413.793830053882
6686,1.55355743270403,0.714900489471683,0,0,0.025,0.0582057415981702,0,0.114113438842463,0.0814506783385432,1,8,1.03299832350043,0,1,10,0,-7274.93887818468,-6860.5495394198,-414.389338764878
6691,1.55355743270403,0.714900489471683,0,0,0.025,0.0582057415981702,0,0.114113438842463,0.0814506783385432,1,8,1.03299832350043,0,1,10,0,-7273.61888150556,-6858.96093681529,-414.657944690269
6696,1.55355743270403,0.714900489471683,0,0,0.025,0.0582057415981702,0,0.11293182431134,0.0841832933181443,1,8,1.03299832350043,0,1,10,0,-7274.77250388478,-6856.44037045581,-418.332133428973
6701,1.55355743270403,0.723646825518047,0,0,0.025,0.0582057415981702,0,0.11293182431134,0.0841832933181443,1,8,1.03299832350043,0,1,10,0,-7278.69602031456,-6858.23565517973,-420.460365134822
6706,1.55355743270403,0.723646825518047,0,0,0.025,0.0582057415981702,0,0.11293182431134,0.0841832933181443,1,8,1.03299832350043,0,1,10,0,-7274.18592467661,-6854.74412912278,-419.441795553828
6711,1.55355743270403,0.723646825518047,0,0,0.025,0.0582057415981702,0,0.11293182431134,0.0841832933181443,1,8,1.03299832350043,0,1,10,0,-7274.18592467661,-6854.74412912278,-419.441795553828
6716,1.55182625274944,0.723646825518047,0,0,0.025,0.0582057415981702,0,0.11293182431134,0.0828413423849124,1,8,1.03299832350043,0,1,10,0,-7274.18969728313,-6854.7479017293,-419.441795553828
6721,1.55182625274944,0.723646825518047,0,0,0.025,0.0582057415981702,0,0.11293182431134,0.0828413423849124,1,8,1.03299832350043,0,1,10,0,-7276.99687229998,-6855.96398797239,-421.032884327594
6726,1.55182625274944,0.723646825518047,0,0,0.025,0.0582057415981702,0,0.11293182431134,0.0828413423849124,1,8,1.03299832350043,0,1,10,0,-7276.99687229998,-6855.96398797239,-421.032884327594
6731,1.55182625274944,0.723646825518047,0,0,0.025,0.0582057415981702,0,0.11293182431134,0.0828413423849124,1,8,1.03299832350043,0,1,10,0,-7278.40357287403,-6859.76858381924,-418.634989054795
6736,1.55182625274944,0.727285624633332,0,0,0.025,0.0582057415981702,0,0.11293182431134,0.0828413423849124,1,8,1.04904728212134,0,1,10,0,-7274.61435708773,-6858.11011798011,-416.504239107623
6741,1.55182625274944,0.727285624633332,0,0,0.025,0.0610977868625573,0,0.11293182431134,0.0828413423849124,1,8,1.04904728212134,0,1,10,0,-7274.45095062439,-6857.94671151677,-416.504239107623
6746,1.55182625274944,0.727285624633332,0,0,0.025,0.0610977868625573,0,0.11293182431134,0.0828413423849124,1,8,1.04904728212134,0,1,10,0,-7273.94153434037,-6858.15242132002,-415.789113020345
6751,1.55182625274944,0.727285624633332,0,0,0.025,0.0610977868625573,0,0.11293182431134,0.0828413423849124,1,8,1.06141887327647,0,1,10,0,-7274.11623450564,-6858.32712148529,-415.789113020345
6756,1.55182625274944,0.727285624633332,0,0,0.025,0.0610977868625573,0,0.11293182431134,0.0828413423849124,1,8,1.06141887327647,0,1,10,0,-7274.11623450564,-6858.32712148529,-415.789113020345
6761,1.55182625274944,0.727285624633332,0,0,0.025,0.0610977868625573,0,0.11293182431134,0.0828413423849124,1,8,1.06141887327647,0,1,10,0,-7277.72001815499,-6858.39284857026,-419.327169584724
6766,1.55182625274944,0.727285624633332,0,0,0.025,0.0610977868625573,0,0.11293182431134,0.0828413423849124,1,8,1.06141887327647,0,1,10,0,-7279.25094080159,-6857.5488654623,-421.702075339298
6771,1.55182625274944,0.727285624633332,0,0,0.025,0.0610977868625573,0,0.11293182431134,0.0828413423849124,1,8,1.06141887327647,0,1,10,0,-7279.25094080159,-6857.5488654623,-421.702075339298
6776,1.55182625274944,0.727285624633332,0,0,0.025,0.0610977868625573,0,0.11293182431134,0.0828413423849124,1,8,1.06141887327647,0,1,10,0,-7278.78900537188,-6859.74951785961,-419.039487512272
6781,1.55182625274944,0.727285624633332,0,0,0.025,0.0610977868625573,0,0.11293182431134,0.0828413423849124,1,8,1.06141887327647,0,1,10,0,-7278.78345343883,-6861.89572812982,-416.887725309013
6786,1.55182625274944,0.727285624633332,0,0,0.025,0.0610977868625573,0,0.11293182431134,0.0802719390915548,1,8,1.06141887327647,0,1,10,0,-7278.51084861503,-6861.62312330601,-416.887725309013
6791,1.55182625274944,0.727285624633332,0,0,0.025,0.0610977868625573,0,0.11293182431134,0.0802719390915548,1,8,1.06141887327647,0,1,10,0,-7281.81350512994,-6865.67999649693,-416.133508633005
6796,1.55182625274944,0.727285624633332,0,0,0.025,0.0610977868625573,0,0.11293182431134,0.0802719390915548,1,8,1.06141887327647,0,1,10,0,-7278.34437087498,-6863.89262081598,-414.451750058992
6801,1.55182625274944,0.741631277561124,0,0,0.025,0.0619600853121101,0,0.11293182431134,0.0802719390915548,1,8,1.06141887327647,0,1,10,0,-7278.22809070485,-6863.77634064586,-414.451750058992
6806,1.55182625274944,0.741631277561124,0,0,0.025,0.0619600853121101,0,0.11293182431134,0.0802719390915548,1,8,1.06141887327647,0,1,10,0,-7277.96391398099,-6862.70172765492,-415.262186326075
6811,1.55182625274944,0.741631277561124,0,0,0.025,0.0628376377352029,0,0.11293182431134,0.0802719390915548,1,8,1.06141887327647,0,1,10,0,-7279.3196585286,-6863.26523411932,-416.054424409279
6816,1.55538909543777,0.741631277561124,0,0,0.025,0.0628376377352029,0,0.11293182431134,0.0802719390915548,1,8,1.06141887327647,0,1,10,0,-7283.72606938709,-6865.4637933079,-418.262276079189
6821,1.55538909543777,0.741631277561124,0,0,0.025,0.0628376377352029,0,0.11293182431134,0.0802719390915548,1,8,1.06141887327647,0,1,10,0,-7286.18431326439,-6867.06759581504,-419.116717449351
6826,1.55538909543777,0.73146036117596,0,0,0.025,0.0628376377352029,0,0.11293182431134,0.0802719390915548,1,8,1.06141887327647,0,1,10,0,-7283.51144332442,-6864.9160227987,-418.595420525718
6831,1.55538909543777,0.73146036117596,0,0,0.025,0.0628376377352029,0,0.11293182431134,0.0802719390915548,1,8,1.06141887327647,0,1,10,0,-7282.33369676641,-6865.07824832015,-417.255448446264
6836,1.55538909543777,0.73146036117596,0,0,0.025,0.0628376377352029,0,0.11293182431134,0.0802719390915548,1,8,1.06141887327647,0,1,10,0,-7281.87624173631,-6862.44604156857,-419.430200167748
6841,1.55538909543777,0.73146036117596,0,0,0.025,0.0628376377352029,0,0.11293182431134,0.0802719390915548,1,8,1.06141887327647,0,1,10,0,-7282.61704750014,-6862.16292593633,-420.454121563814
6846,1.55538909543777,0.73146036117596,0,0,0.025,0.0628376377352029,0,0.11293182431134,0.0802719390915548,1,8,1.06141887327647,0,1,10,0,-7281.98908006571,-6859.68134967096,-422.307730394755
6851,1.55538909543777,0.73146036117596,0,0,0.025,0.0628376377352029,0,0.11293182431134,0.0802719390915548,1,8,1.06141887327647,0,1,10,0,-7289.07890762913,-6864.95351703672,-424.125390592415
6856,1.55538909543777,0.73146036117596,0,0,0.025,0.0628376377352029,0,0.11293182431134,0.0802719390915548,1,8,1.06141887327647,0,1,10,0,-7292.88569444553,-6866.47636987675,-426.409324568783
6861,1.55538909543777,0.73146036117596,0,0,0.025,0.0628376377352029,0,0.11293182431134,0.0802719390915548,1,8,1.06141887327647,0,1,10,0,-7293.47526408174,-6867.56449504413,-425.910769037609
6866,1.55538909543777,0.73146036117596,0,0,0.025,0.0628376377352029,0,0.11293182431134,0.0802719390915548,1,8,1.06141887327647,0,1,10,0,-7289.13542663723,-6865.22633806431,-423.909088572917
6871,1.55538909543777,0.73146036117596,0,0,0.025,0.0628376377352029,0,0.11293182431134,0.0802719390915548,1,8,1.06141887327647,0,1,10,0,-7287.11533441706,-6864.22609829895,-422.88923611811
6876,1.55538909543777,0.73146036117596,0,0,0.025,0.0628376377352029,0,0.11293182431134,0.0802719390915548,1,8,1.08177190416635,0,1,10,0,-7290.04586433822,-6869.39066399896,-420.655200339266
6881,1.55538909543777,0.73146036117596,0,0,0.025,0.0628376377352029,0,0.11293182431134,0.0802719390915548,1,8,1.08177190416635,0,1,10,0,-7284.97447650505,-6866.47103836905,-418.503438136006
6886,1.55538909543777,0.73146036117596,0,0,0.025,0.0628376377352029,0,0.11293182431134,0.0802719390915548,1,8,1.08177190416635,0,1,10,0,-7283.45963925384,-6867.08443282369,-416.375206430157
6891,1.55538909543777,0.73146036117596,0,0,0.025,0.0628376377352029,0,0.11293182431134,0.0802719390915548,1,8,1.08177190416635,0,1,10,0,-7286.19527435779,-6864.80643547661,-421.38883888118
6896,1.55538909543777,0.73146036117596,0,0,0.025,0.0628376377352029,0,0.11293182431134,0.0802719390915548,1,8,1.08177190416635,0,1,10,0,-7286.7633858819,-6865.61874396123,-421.144641920668
6901,1.55538909543777,0.73146036117596,0,0,0.025,0.0628376377352029,0,0.11293182431134,0.0802719390915548,1,8,1.08177190416635,0,1,10,0,-7286.7633858819,-6865.61874396123,-421.144641920668
6906,1.55538909543777,0.73146036117596,0,0,0.025,0.0628376377352029,0,0.11293182431134,0.0802719390915548,1,8,1.08177190416635,0,1,10,0,-7286.7633858819,-6865.61874396123,-421.144641920668
6911,1.55538909543777,0.73146036117596,0,0,0.025,0.0628376377352029,0,0.11293182431134,0.0802719390915548,1,8,1.08177190416635,0,1,10,0,-7285.62853547551,-6864.45920094225,-421.169334533259
6916,1.55538909543777,0.73146036117596,0,0,0.025,0.0628376377352029,0,0.11293182431134,0.0802719390915548,1,8,1.08177190416635,0,1,10,0,-7285.62853547551,-6864.45920094225,-421.169334533259
6921,1.55538909543777,0.73146036117596,0,0,0.025,0.0628376377352029,0,0.11293182431134,0.0802719390915548,1,8,1.08177190416635,0,1,10,0,-7282.34302533267,-6863.11960094847,-419.223424384203
6926,1.55538909543777,0.73146036117596,0,0,0.025,0.0628376377352029,0,0.11293182431134,0.0802719390915548,1,8,1.08177190416635,0,1,10,0,-7284.3812843033,-6864.16924852564,-420.212035777657
6931,1.55538909543777,0.73146036117596,0,0,0.025,0.0628376377352029,0,0.11293182431134,0.0788650079644725,1,8,1.08177190416635,0,1,10,0,-7287.0002811272,-6865.04527604448,-421.955005082716
6936,1.55538909543777,0.73146036117596,0,0,0.025,0.0628376377352029,0,0.11293182431134,0.0788650079644725,1,8,1.08177190416635,0,1,10,0,-7288.09576340162,-6865.35230095854,-422.74346244308
6941,1.58199405550086,0.73146036117596,0,0,0.025,0.0628376377352029,0,0.11293182431134,0.0788650079644725,1,8,1.08177190416635,0,1,10,0,-7288.73132541043,-6866.23614249193,-422.495182918494
6946,1.58199405550086,0.73146036117596,0,0,0.025,0.0628376377352029,0,0.116933511924562,0.0788650079644725,1,8,1.08177190416635,0,1,10,0,-7288.65110079067,-6863.13692873646,-425.514172054213
6951,1.58199405550086,0.73146036117596,0,0,0.025,0.0628376377352029,0,0.116933511924562,0.0788650079644725,1,8,1.08177190416635,0,1,10,0,-7287.05098085127,-6862.52542019051,-424.525560660759
6956,1.58199405550086,0.73146036117596,0,0,0.025,0.0628376377352029,0,0.116933511924562,0.0788650079644725,1,8,1.08177190416635,0,1,10,0,-7285.0120602455,-6862.51145294114,-422.500607304363
6961,1.58199405550086,0.73146036117596,0,0,0.025,0.0628376377352029,0,0.116933511924562,0.0788650079644725,1,8,1.08177190416635,0,1,10,0,-7287.40906581442,-6862.71587431227,-424.693191502143
6966,1.58199405550086,0.73146036117596,0,0,0.025,0.0628376377352029,0,0.116933511924562,0.0788650079644725,1,8,1.08177190416635,0,1,10,0,-7289.8491493265,-6863.61551278341,-426.23363654309
6971,1.58199405550086,0.73146036117596,0,0,0.025,0.0628376377352029,0,0.116933511924562,0.0788650079644725,1,8,1.08177190416635,0,1,10,0,-7289.8491493265,-6863.61551278341,-426.23363654309
6976,1.58199405550086,0.73146036117596,0,0,0.025,0.0628376377352029,0,0.116933511924562,0.0788650079644725,1,8,1.08177190416635,0,1,10,0,-7289.8491493265,-6863.61551278341,-426.23363654309
6981,1.58199405550086,0.73146036117596,0,0,0.025,0.0628376377352029,0,0.116933511924562,0.0788650079644725,1,8,1.08177190416635,0,1,10,0,-7289.8491493265,-6863.61551278341,-426.23363654309
6986,1.58199405550086,0.73146036117596,0,0,0.025,0.0628376377352029,0,0.116933511924562,0.0788650079644725,1,8,1.08177190416635,0,1,10,0,-7285.5047356319,-6862.39799252397,-423.106743107933
6991,1.58199405550086,0.73146036117596,0,0,0.025,0.0628376377352029,0,0.116933511924562,0.0788650079644725,1,8,1.08177190416635,0,1,10,0,-7285.5047356319,-6862.39799252397,-423.106743107933
6996,1.58199405550086,0.73146036117596,0,0,0.025,0.0628376377352029,0,0.116933511924562,0.0788650079644725,1,8,1.07324084292372,0,1,10,0,-7287.17491659963,-6862.38641491768,-424.788501681947
7001,1.58199405550086,0.73146036117596,0,0,0.025,0.0628376377352029,0,0.116933511924562,0.0788650079644725,1,8,1.07324084292372,0,1,10,0,-7287.94228074672,-6863.12968151319,-424.812599233526
