"","within 1","within 2","within 3"
"model",0.850529100529101,0.961640211640212,0.995978835978836
"null",0.960582010582011,0.98994708994709,0.997195767195767
