"year","AR"
1990,0.285714285714286
1991,0.142857142857143
1992,0.125
1993,0
1994,0
1995,0.1
1996,0.2
1997,0.1
1998,0
1999,0
2000,0.1
2001,0.2
2002,0.1
2003,0.1
2004,0
2005,0
2006,0.1
2007,0.1
2008,0
2009,0
2010,0
2011,0
2012,0.1
2013,0.2
2014,0.2
2015,0.2
